"dataset","sample_id","patient_id","tissue","subsite","cell_type","epithelial_state","n_cells","n_detected","pct_detected","mean_expr","median_expr","gene","expression_scale"
"GSE172577","SYSMH1","SYSMH1","primary_tumor","oral_cavity","Epithelial","Tumor epithelial (marker-defined)",9286,2512,27.0514753392203,0.236575381121226,0,"LGALS1","log1p of counts scaled to 10,000"
"GSE172577","SYSMH1","SYSMH1","primary_tumor","oral_cavity","Fibroblast","Other",109,103,94.4954128440367,3.88354595099984,4.35292851556277,"LGALS1","log1p of counts scaled to 10,000"
"GSE172577","SYSMH1","SYSMH1","primary_tumor","oral_cavity","Endothelial","Other",9,5,55.5555555555556,1.52590033988126,1.320486122568,"LGALS1","log1p of counts scaled to 10,000"
"GSE172577","SYSMH1","SYSMH1","primary_tumor","oral_cavity","Pericyte","Other",4,1,25,0.779124578671128,0,"LGALS1","log1p of counts scaled to 10,000"
"GSE172577","SYSMH1","SYSMH1","primary_tumor","oral_cavity","T cell","Other",132,64,48.4848484848485,1.27383447804679,0,"LGALS1","log1p of counts scaled to 10,000"
"GSE172577","SYSMH1","SYSMH1","primary_tumor","oral_cavity","B/Plasma","Other",13,9,69.2307692307692,0.760559482608745,0.762994387852812,"LGALS1","log1p of counts scaled to 10,000"
"GSE172577","SYSMH1","SYSMH1","primary_tumor","oral_cavity","Myeloid","Other",153,148,96.7320261437908,3.25857268191829,3.39007678939372,"LGALS1","log1p of counts scaled to 10,000"
"GSE172577","SYSMH1","SYSMH1","primary_tumor","oral_cavity","Mast","Other",21,14,66.6666666666667,1.49138035318268,2.02347304902742,"LGALS1","log1p of counts scaled to 10,000"
"GSE172577","SYSMH1","SYSMH1","primary_tumor","oral_cavity","Unassigned","Other",6,0,0,0,0,"LGALS1","log1p of counts scaled to 10,000"
"GSE172577","SYSMH2","SYSMH2","primary_tumor","oral_cavity","Epithelial","Tumor epithelial (marker-defined)",4886,1499,30.6794924273434,0.404156863081328,0,"LGALS1","log1p of counts scaled to 10,000"
"GSE172577","SYSMH2","SYSMH2","primary_tumor","oral_cavity","Fibroblast","Other",150,149,99.3333333333333,3.68198675604487,3.77510459243642,"LGALS1","log1p of counts scaled to 10,000"
"GSE172577","SYSMH2","SYSMH2","primary_tumor","oral_cavity","Endothelial","Other",289,218,75.4325259515571,1.5160076503796,1.4419492953562,"LGALS1","log1p of counts scaled to 10,000"
"GSE172577","SYSMH2","SYSMH2","primary_tumor","oral_cavity","Pericyte","Other",66,60,90.9090909090909,2.55692176026346,2.93791859650843,"LGALS1","log1p of counts scaled to 10,000"
"GSE172577","SYSMH2","SYSMH2","primary_tumor","oral_cavity","T cell","Other",3012,1316,43.6918990703851,0.949391757779962,0,"LGALS1","log1p of counts scaled to 10,000"
"GSE172577","SYSMH2","SYSMH2","primary_tumor","oral_cavity","B/Plasma","Other",389,221,56.8123393316195,1.07421658398086,0.957336724413381,"LGALS1","log1p of counts scaled to 10,000"
"GSE172577","SYSMH2","SYSMH2","primary_tumor","oral_cavity","Myeloid","Other",776,716,92.2680412371134,2.74963970141678,2.96863292412613,"LGALS1","log1p of counts scaled to 10,000"
"GSE172577","SYSMH2","SYSMH2","primary_tumor","oral_cavity","Mast","Other",325,238,73.2307692307692,1.92739059074713,2.31090725090124,"LGALS1","log1p of counts scaled to 10,000"
"GSE172577","SYSMH2","SYSMH2","primary_tumor","oral_cavity","Unassigned","Other",48,25,52.0833333333333,1.33030051940512,1.45427295104942,"LGALS1","log1p of counts scaled to 10,000"
"GSE172577","SYSMH3","SYSMH3","primary_tumor","oral_cavity","Epithelial","Tumor epithelial (marker-defined)",5576,4342,77.8694404591105,1.65089449550974,1.75071102556348,"LGALS1","log1p of counts scaled to 10,000"
"GSE172577","SYSMH3","SYSMH3","primary_tumor","oral_cavity","Fibroblast","Other",87,87,100,3.57439012624431,3.61842557065701,"LGALS1","log1p of counts scaled to 10,000"
"GSE172577","SYSMH3","SYSMH3","primary_tumor","oral_cavity","Endothelial","Other",196,175,89.2857142857143,2.02696592823896,2.16195224602909,"LGALS1","log1p of counts scaled to 10,000"
"GSE172577","SYSMH3","SYSMH3","primary_tumor","oral_cavity","Pericyte","Other",21,21,100,3.4682364243214,3.4982675898742,"LGALS1","log1p of counts scaled to 10,000"
"GSE172577","SYSMH3","SYSMH3","primary_tumor","oral_cavity","T cell","Other",308,207,67.2077922077922,1.67318101199143,1.89939029122034,"LGALS1","log1p of counts scaled to 10,000"
"GSE172577","SYSMH3","SYSMH3","primary_tumor","oral_cavity","B/Plasma","Other",80,76,95,2.09363192526433,2.16622863010088,"LGALS1","log1p of counts scaled to 10,000"
"GSE172577","SYSMH3","SYSMH3","primary_tumor","oral_cavity","Myeloid","Other",389,368,94.6015424164524,2.93774978592126,3.09897567410879,"LGALS1","log1p of counts scaled to 10,000"
"GSE172577","SYSMH3","SYSMH3","primary_tumor","oral_cavity","Mast","Other",14,11,78.5714285714286,1.97347353466444,2.18589074665739,"LGALS1","log1p of counts scaled to 10,000"
"GSE172577","SYSMH4","SYSMH4","primary_tumor","oral_cavity","Epithelial","Tumor epithelial (marker-defined)",10443,984,9.4225797184717,0.0994272098854706,0,"LGALS1","log1p of counts scaled to 10,000"
"GSE172577","SYSMH4","SYSMH4","primary_tumor","oral_cavity","Fibroblast","Other",30,30,100,3.59491552566001,3.61852290728496,"LGALS1","log1p of counts scaled to 10,000"
"GSE172577","SYSMH4","SYSMH4","primary_tumor","oral_cavity","Endothelial","Other",66,46,69.6969696969697,1.14220050157674,1.1322200876029,"LGALS1","log1p of counts scaled to 10,000"
"GSE172577","SYSMH4","SYSMH4","primary_tumor","oral_cavity","Pericyte","Other",25,24,96,2.70632649997105,2.73946905094297,"LGALS1","log1p of counts scaled to 10,000"
"GSE172577","SYSMH4","SYSMH4","primary_tumor","oral_cavity","T cell","Other",141,81,57.4468085106383,1.55791074455108,1.9956901747898,"LGALS1","log1p of counts scaled to 10,000"
"GSE172577","SYSMH4","SYSMH4","primary_tumor","oral_cavity","B/Plasma","Other",1,0,0,0,0,"LGALS1","log1p of counts scaled to 10,000"
"GSE172577","SYSMH4","SYSMH4","primary_tumor","oral_cavity","Myeloid","Other",164,162,98.780487804878,2.62459615774743,2.7898183989921,"LGALS1","log1p of counts scaled to 10,000"
"GSE172577","SYSMH4","SYSMH4","primary_tumor","oral_cavity","Mast","Other",10,8,80,2.58605903229233,3.2237510518256,"LGALS1","log1p of counts scaled to 10,000"
"GSE172577","SYSMH4","SYSMH4","primary_tumor","oral_cavity","Unassigned","Other",2,0,0,0,0,"LGALS1","log1p of counts scaled to 10,000"
"GSE172577","SYSMH5","SYSMH5","primary_tumor","oral_cavity","Epithelial","Tumor epithelial (marker-defined)",8563,4834,56.4521779750088,1.01827847394828,0.34510146992679,"LGALS1","log1p of counts scaled to 10,000"
"GSE172577","SYSMH5","SYSMH5","primary_tumor","oral_cavity","Fibroblast","Other",819,819,100,4.55833252397246,4.69857174911808,"LGALS1","log1p of counts scaled to 10,000"
"GSE172577","SYSMH5","SYSMH5","primary_tumor","oral_cavity","Endothelial","Other",79,73,92.4050632911392,2.87832460301,3.12201129234711,"LGALS1","log1p of counts scaled to 10,000"
"GSE172577","SYSMH5","SYSMH5","primary_tumor","oral_cavity","Pericyte","Other",21,21,100,3.70204842177466,3.72359754106616,"LGALS1","log1p of counts scaled to 10,000"
"GSE172577","SYSMH5","SYSMH5","primary_tumor","oral_cavity","T cell","Other",24,10,41.6666666666667,1.25616614747799,0,"LGALS1","log1p of counts scaled to 10,000"
"GSE172577","SYSMH5","SYSMH5","primary_tumor","oral_cavity","B/Plasma","Other",9,3,33.3333333333333,0.862807653091785,0,"LGALS1","log1p of counts scaled to 10,000"
"GSE172577","SYSMH5","SYSMH5","primary_tumor","oral_cavity","Myeloid","Other",486,465,95.679012345679,3.31508490973444,3.50674087616523,"LGALS1","log1p of counts scaled to 10,000"
"GSE172577","SYSMH5","SYSMH5","primary_tumor","oral_cavity","Mast","Other",89,74,83.1460674157303,2.68737610653582,3.05924411685647,"LGALS1","log1p of counts scaled to 10,000"
"GSE172577","SYSMH6","SYSMH6","primary_tumor","oral_cavity","Epithelial","Tumor epithelial (marker-defined)",2433,1212,49.8150431565968,0.862260583633518,0,"LGALS1","log1p of counts scaled to 10,000"
"GSE172577","SYSMH6","SYSMH6","primary_tumor","oral_cavity","Fibroblast","Other",532,481,90.4135338345865,3.15609327085122,3.51274391456831,"LGALS1","log1p of counts scaled to 10,000"
"GSE172577","SYSMH6","SYSMH6","primary_tumor","oral_cavity","Endothelial","Other",203,165,81.2807881773399,1.95972630991034,1.98658954586444,"LGALS1","log1p of counts scaled to 10,000"
"GSE172577","SYSMH6","SYSMH6","primary_tumor","oral_cavity","Pericyte","Other",530,431,81.3207547169811,2.30267662724703,2.82572067332886,"LGALS1","log1p of counts scaled to 10,000"
"GSE172577","SYSMH6","SYSMH6","primary_tumor","oral_cavity","T cell","Other",899,442,49.1657397107898,1.20533858048347,0,"LGALS1","log1p of counts scaled to 10,000"
"GSE172577","SYSMH6","SYSMH6","primary_tumor","oral_cavity","B/Plasma","Other",1200,408,34,0.50445813141303,0,"LGALS1","log1p of counts scaled to 10,000"
"GSE172577","SYSMH6","SYSMH6","primary_tumor","oral_cavity","Myeloid","Other",4201,1847,43.9657224470364,0.981361522018864,0,"LGALS1","log1p of counts scaled to 10,000"
"GSE172577","SYSMH6","SYSMH6","primary_tumor","oral_cavity","Mast","Other",190,132,69.4736842105263,1.45338180862602,1.55430772491347,"LGALS1","log1p of counts scaled to 10,000"
"GSE172577","SYSMH6","SYSMH6","primary_tumor","oral_cavity","Unassigned","Other",402,169,42.0398009950249,0.813492048100498,0,"LGALS1","log1p of counts scaled to 10,000"
"GSE172577","SYSMH1","SYSMH1","primary_tumor","oral_cavity","Epithelial","Tumor epithelial (marker-defined)",9286,8,0.0861511953478355,0.00058986350600162,0,"LGALS2","log1p of counts scaled to 10,000"
"GSE172577","SYSMH1","SYSMH1","primary_tumor","oral_cavity","Fibroblast","Other",109,0,0,0,0,"LGALS2","log1p of counts scaled to 10,000"
"GSE172577","SYSMH1","SYSMH1","primary_tumor","oral_cavity","Endothelial","Other",9,0,0,0,0,"LGALS2","log1p of counts scaled to 10,000"
"GSE172577","SYSMH1","SYSMH1","primary_tumor","oral_cavity","Pericyte","Other",4,0,0,0,0,"LGALS2","log1p of counts scaled to 10,000"
"GSE172577","SYSMH1","SYSMH1","primary_tumor","oral_cavity","T cell","Other",132,0,0,0,0,"LGALS2","log1p of counts scaled to 10,000"
"GSE172577","SYSMH1","SYSMH1","primary_tumor","oral_cavity","B/Plasma","Other",13,0,0,0,0,"LGALS2","log1p of counts scaled to 10,000"
"GSE172577","SYSMH1","SYSMH1","primary_tumor","oral_cavity","Myeloid","Other",153,42,27.4509803921569,0.324648430531026,0,"LGALS2","log1p of counts scaled to 10,000"
"GSE172577","SYSMH1","SYSMH1","primary_tumor","oral_cavity","Mast","Other",21,0,0,0,0,"LGALS2","log1p of counts scaled to 10,000"
"GSE172577","SYSMH1","SYSMH1","primary_tumor","oral_cavity","Unassigned","Other",6,0,0,0,0,"LGALS2","log1p of counts scaled to 10,000"
"GSE172577","SYSMH2","SYSMH2","primary_tumor","oral_cavity","Epithelial","Tumor epithelial (marker-defined)",4886,55,1.12566516577978,0.00897014846889813,0,"LGALS2","log1p of counts scaled to 10,000"
"GSE172577","SYSMH2","SYSMH2","primary_tumor","oral_cavity","Fibroblast","Other",150,0,0,0,0,"LGALS2","log1p of counts scaled to 10,000"
"GSE172577","SYSMH2","SYSMH2","primary_tumor","oral_cavity","Endothelial","Other",289,0,0,0,0,"LGALS2","log1p of counts scaled to 10,000"
"GSE172577","SYSMH2","SYSMH2","primary_tumor","oral_cavity","Pericyte","Other",66,0,0,0,0,"LGALS2","log1p of counts scaled to 10,000"
"GSE172577","SYSMH2","SYSMH2","primary_tumor","oral_cavity","T cell","Other",3012,6,0.199203187250996,0.00315043622936605,0,"LGALS2","log1p of counts scaled to 10,000"
"GSE172577","SYSMH2","SYSMH2","primary_tumor","oral_cavity","B/Plasma","Other",389,5,1.2853470437018,0.00969741606203311,0,"LGALS2","log1p of counts scaled to 10,000"
"GSE172577","SYSMH2","SYSMH2","primary_tumor","oral_cavity","Myeloid","Other",776,370,47.680412371134,0.673343832797589,0,"LGALS2","log1p of counts scaled to 10,000"
"GSE172577","SYSMH2","SYSMH2","primary_tumor","oral_cavity","Mast","Other",325,2,0.615384615384615,0.0111225855397032,0,"LGALS2","log1p of counts scaled to 10,000"
"GSE172577","SYSMH2","SYSMH2","primary_tumor","oral_cavity","Unassigned","Other",48,0,0,0,0,"LGALS2","log1p of counts scaled to 10,000"
"GSE172577","SYSMH3","SYSMH3","primary_tumor","oral_cavity","Epithelial","Tumor epithelial (marker-defined)",5576,22,0.39454806312769,0.00383899543832001,0,"LGALS2","log1p of counts scaled to 10,000"
"GSE172577","SYSMH3","SYSMH3","primary_tumor","oral_cavity","Fibroblast","Other",87,0,0,0,0,"LGALS2","log1p of counts scaled to 10,000"
"GSE172577","SYSMH3","SYSMH3","primary_tumor","oral_cavity","Endothelial","Other",196,0,0,0,0,"LGALS2","log1p of counts scaled to 10,000"
"GSE172577","SYSMH3","SYSMH3","primary_tumor","oral_cavity","Pericyte","Other",21,0,0,0,0,"LGALS2","log1p of counts scaled to 10,000"
"GSE172577","SYSMH3","SYSMH3","primary_tumor","oral_cavity","T cell","Other",308,0,0,0,0,"LGALS2","log1p of counts scaled to 10,000"
"GSE172577","SYSMH3","SYSMH3","primary_tumor","oral_cavity","B/Plasma","Other",80,0,0,0,0,"LGALS2","log1p of counts scaled to 10,000"
"GSE172577","SYSMH3","SYSMH3","primary_tumor","oral_cavity","Myeloid","Other",389,42,10.7969151670951,0.141003308374231,0,"LGALS2","log1p of counts scaled to 10,000"
"GSE172577","SYSMH3","SYSMH3","primary_tumor","oral_cavity","Mast","Other",14,0,0,0,0,"LGALS2","log1p of counts scaled to 10,000"
"GSE172577","SYSMH4","SYSMH4","primary_tumor","oral_cavity","Epithelial","Tumor epithelial (marker-defined)",10443,53,0.507516997031504,0.00308421101484434,0,"LGALS2","log1p of counts scaled to 10,000"
"GSE172577","SYSMH4","SYSMH4","primary_tumor","oral_cavity","Fibroblast","Other",30,1,3.33333333333333,0.0249227514905326,0,"LGALS2","log1p of counts scaled to 10,000"
"GSE172577","SYSMH4","SYSMH4","primary_tumor","oral_cavity","Endothelial","Other",66,0,0,0,0,"LGALS2","log1p of counts scaled to 10,000"
"GSE172577","SYSMH4","SYSMH4","primary_tumor","oral_cavity","Pericyte","Other",25,0,0,0,0,"LGALS2","log1p of counts scaled to 10,000"
"GSE172577","SYSMH4","SYSMH4","primary_tumor","oral_cavity","T cell","Other",141,0,0,0,0,"LGALS2","log1p of counts scaled to 10,000"
"GSE172577","SYSMH4","SYSMH4","primary_tumor","oral_cavity","B/Plasma","Other",1,0,0,0,0,"LGALS2","log1p of counts scaled to 10,000"
"GSE172577","SYSMH4","SYSMH4","primary_tumor","oral_cavity","Myeloid","Other",164,73,44.5121951219512,0.680868488094814,0,"LGALS2","log1p of counts scaled to 10,000"
"GSE172577","SYSMH4","SYSMH4","primary_tumor","oral_cavity","Mast","Other",10,0,0,0,0,"LGALS2","log1p of counts scaled to 10,000"
"GSE172577","SYSMH4","SYSMH4","primary_tumor","oral_cavity","Unassigned","Other",2,0,0,0,0,"LGALS2","log1p of counts scaled to 10,000"
"GSE172577","SYSMH5","SYSMH5","primary_tumor","oral_cavity","Epithelial","Tumor epithelial (marker-defined)",8563,68,0.79411421230877,0.0141572033830157,0,"LGALS2","log1p of counts scaled to 10,000"
"GSE172577","SYSMH5","SYSMH5","primary_tumor","oral_cavity","Fibroblast","Other",819,3,0.366300366300366,0.00513710865648233,0,"LGALS2","log1p of counts scaled to 10,000"
"GSE172577","SYSMH5","SYSMH5","primary_tumor","oral_cavity","Endothelial","Other",79,0,0,0,0,"LGALS2","log1p of counts scaled to 10,000"
"GSE172577","SYSMH5","SYSMH5","primary_tumor","oral_cavity","Pericyte","Other",21,0,0,0,0,"LGALS2","log1p of counts scaled to 10,000"
"GSE172577","SYSMH5","SYSMH5","primary_tumor","oral_cavity","T cell","Other",24,0,0,0,0,"LGALS2","log1p of counts scaled to 10,000"
"GSE172577","SYSMH5","SYSMH5","primary_tumor","oral_cavity","B/Plasma","Other",9,0,0,0,0,"LGALS2","log1p of counts scaled to 10,000"
"GSE172577","SYSMH5","SYSMH5","primary_tumor","oral_cavity","Myeloid","Other",486,66,13.5802469135802,0.255074014973664,0,"LGALS2","log1p of counts scaled to 10,000"
"GSE172577","SYSMH5","SYSMH5","primary_tumor","oral_cavity","Mast","Other",89,0,0,0,0,"LGALS2","log1p of counts scaled to 10,000"
"GSE172577","SYSMH6","SYSMH6","primary_tumor","oral_cavity","Epithelial","Tumor epithelial (marker-defined)",2433,25,1.0275380189067,0.0132296687517958,0,"LGALS2","log1p of counts scaled to 10,000"
"GSE172577","SYSMH6","SYSMH6","primary_tumor","oral_cavity","Fibroblast","Other",532,3,0.56390977443609,0.0103455788165225,0,"LGALS2","log1p of counts scaled to 10,000"
"GSE172577","SYSMH6","SYSMH6","primary_tumor","oral_cavity","Endothelial","Other",203,2,0.985221674876847,0.00645081162726417,0,"LGALS2","log1p of counts scaled to 10,000"
"GSE172577","SYSMH6","SYSMH6","primary_tumor","oral_cavity","Pericyte","Other",530,1,0.188679245283019,0.00113128464005092,0,"LGALS2","log1p of counts scaled to 10,000"
"GSE172577","SYSMH6","SYSMH6","primary_tumor","oral_cavity","T cell","Other",899,4,0.444938820912125,0.0116187511524857,0,"LGALS2","log1p of counts scaled to 10,000"
"GSE172577","SYSMH6","SYSMH6","primary_tumor","oral_cavity","B/Plasma","Other",1200,8,0.666666666666667,0.0046798187928844,0,"LGALS2","log1p of counts scaled to 10,000"
"GSE172577","SYSMH6","SYSMH6","primary_tumor","oral_cavity","Myeloid","Other",4201,417,9.9262080457034,0.121540415156482,0,"LGALS2","log1p of counts scaled to 10,000"
"GSE172577","SYSMH6","SYSMH6","primary_tumor","oral_cavity","Mast","Other",190,0,0,0,0,"LGALS2","log1p of counts scaled to 10,000"
"GSE172577","SYSMH6","SYSMH6","primary_tumor","oral_cavity","Unassigned","Other",402,0,0,0,0,"LGALS2","log1p of counts scaled to 10,000"
"GSE172577","SYSMH1","SYSMH1","primary_tumor","oral_cavity","Epithelial","Tumor epithelial (marker-defined)",9286,8808,94.8524660779668,1.54485818861077,1.56269998357039,"LGALS3","log1p of counts scaled to 10,000"
"GSE172577","SYSMH1","SYSMH1","primary_tumor","oral_cavity","Fibroblast","Other",109,88,80.7339449541284,1.24827774350274,1.32263650934791,"LGALS3","log1p of counts scaled to 10,000"
"GSE172577","SYSMH1","SYSMH1","primary_tumor","oral_cavity","Endothelial","Other",9,3,33.3333333333333,0.519362033838091,0,"LGALS3","log1p of counts scaled to 10,000"
"GSE172577","SYSMH1","SYSMH1","primary_tumor","oral_cavity","Pericyte","Other",4,1,25,0.489676059454827,0,"LGALS3","log1p of counts scaled to 10,000"
"GSE172577","SYSMH1","SYSMH1","primary_tumor","oral_cavity","T cell","Other",132,44,33.3333333333333,0.766265681327153,0,"LGALS3","log1p of counts scaled to 10,000"
"GSE172577","SYSMH1","SYSMH1","primary_tumor","oral_cavity","B/Plasma","Other",13,5,38.4615384615385,0.312899029999019,0,"LGALS3","log1p of counts scaled to 10,000"
"GSE172577","SYSMH1","SYSMH1","primary_tumor","oral_cavity","Myeloid","Other",153,137,89.5424836601307,2.27171575605328,2.55376119912244,"LGALS3","log1p of counts scaled to 10,000"
"GSE172577","SYSMH1","SYSMH1","primary_tumor","oral_cavity","Mast","Other",21,16,76.1904761904762,1.61901705720134,1.85623049348733,"LGALS3","log1p of counts scaled to 10,000"
"GSE172577","SYSMH1","SYSMH1","primary_tumor","oral_cavity","Unassigned","Other",6,0,0,0,0,"LGALS3","log1p of counts scaled to 10,000"
"GSE172577","SYSMH2","SYSMH2","primary_tumor","oral_cavity","Epithelial","Tumor epithelial (marker-defined)",4886,3690,75.5218993041343,1.33940171000396,1.60309890160831,"LGALS3","log1p of counts scaled to 10,000"
"GSE172577","SYSMH2","SYSMH2","primary_tumor","oral_cavity","Fibroblast","Other",150,135,90,1.78324424128988,1.96410472754397,"LGALS3","log1p of counts scaled to 10,000"
"GSE172577","SYSMH2","SYSMH2","primary_tumor","oral_cavity","Endothelial","Other",289,239,82.6989619377163,1.4155922102938,1.53707526384671,"LGALS3","log1p of counts scaled to 10,000"
"GSE172577","SYSMH2","SYSMH2","primary_tumor","oral_cavity","Pericyte","Other",66,52,78.7878787878788,1.18391760822868,1.23091072938339,"LGALS3","log1p of counts scaled to 10,000"
"GSE172577","SYSMH2","SYSMH2","primary_tumor","oral_cavity","T cell","Other",3012,822,27.2908366533865,0.474972059254399,0,"LGALS3","log1p of counts scaled to 10,000"
"GSE172577","SYSMH2","SYSMH2","primary_tumor","oral_cavity","B/Plasma","Other",389,49,12.5964010282776,0.182554636316857,0,"LGALS3","log1p of counts scaled to 10,000"
"GSE172577","SYSMH2","SYSMH2","primary_tumor","oral_cavity","Myeloid","Other",776,605,77.9639175257732,1.93205291702379,2.16632293097203,"LGALS3","log1p of counts scaled to 10,000"
"GSE172577","SYSMH2","SYSMH2","primary_tumor","oral_cavity","Mast","Other",325,255,78.4615384615385,2.09730898826708,2.38616016791626,"LGALS3","log1p of counts scaled to 10,000"
"GSE172577","SYSMH2","SYSMH2","primary_tumor","oral_cavity","Unassigned","Other",48,11,22.9166666666667,0.393358303246928,0,"LGALS3","log1p of counts scaled to 10,000"
"GSE172577","SYSMH3","SYSMH3","primary_tumor","oral_cavity","Epithelial","Tumor epithelial (marker-defined)",5576,4190,75.1434720229555,1.31395778123043,1.45923027879932,"LGALS3","log1p of counts scaled to 10,000"
"GSE172577","SYSMH3","SYSMH3","primary_tumor","oral_cavity","Fibroblast","Other",87,79,90.8045977011494,1.77538168850298,1.92829053805033,"LGALS3","log1p of counts scaled to 10,000"
"GSE172577","SYSMH3","SYSMH3","primary_tumor","oral_cavity","Endothelial","Other",196,167,85.2040816326531,1.70684699786491,1.88330681200582,"LGALS3","log1p of counts scaled to 10,000"
"GSE172577","SYSMH3","SYSMH3","primary_tumor","oral_cavity","Pericyte","Other",21,15,71.4285714285714,1.12220698365049,1.40487829275209,"LGALS3","log1p of counts scaled to 10,000"
"GSE172577","SYSMH3","SYSMH3","primary_tumor","oral_cavity","T cell","Other",308,166,53.8961038961039,1.07123687231943,1.32402082738751,"LGALS3","log1p of counts scaled to 10,000"
"GSE172577","SYSMH3","SYSMH3","primary_tumor","oral_cavity","B/Plasma","Other",80,39,48.75,0.494921491122628,0,"LGALS3","log1p of counts scaled to 10,000"
"GSE172577","SYSMH3","SYSMH3","primary_tumor","oral_cavity","Myeloid","Other",389,348,89.4601542416452,2.23405832254449,2.45490918403786,"LGALS3","log1p of counts scaled to 10,000"
"GSE172577","SYSMH3","SYSMH3","primary_tumor","oral_cavity","Mast","Other",14,9,64.2857142857143,1.36793406374943,1.52516023469121,"LGALS3","log1p of counts scaled to 10,000"
"GSE172577","SYSMH4","SYSMH4","primary_tumor","oral_cavity","Epithelial","Tumor epithelial (marker-defined)",10443,9740,93.2682179450349,1.65598122602827,1.77068531565281,"LGALS3","log1p of counts scaled to 10,000"
"GSE172577","SYSMH4","SYSMH4","primary_tumor","oral_cavity","Fibroblast","Other",30,28,93.3333333333333,1.89817776545507,1.88321337114803,"LGALS3","log1p of counts scaled to 10,000"
"GSE172577","SYSMH4","SYSMH4","primary_tumor","oral_cavity","Endothelial","Other",66,59,89.3939393939394,1.64096157852678,1.70544922281762,"LGALS3","log1p of counts scaled to 10,000"
"GSE172577","SYSMH4","SYSMH4","primary_tumor","oral_cavity","Pericyte","Other",25,18,72,1.58549076867802,1.86817271522586,"LGALS3","log1p of counts scaled to 10,000"
"GSE172577","SYSMH4","SYSMH4","primary_tumor","oral_cavity","T cell","Other",141,46,32.6241134751773,0.67508666948809,0,"LGALS3","log1p of counts scaled to 10,000"
"GSE172577","SYSMH4","SYSMH4","primary_tumor","oral_cavity","B/Plasma","Other",1,0,0,0,0,"LGALS3","log1p of counts scaled to 10,000"
"GSE172577","SYSMH4","SYSMH4","primary_tumor","oral_cavity","Myeloid","Other",164,105,64.0243902439024,1.08402131550329,1.09061429091459,"LGALS3","log1p of counts scaled to 10,000"
"GSE172577","SYSMH4","SYSMH4","primary_tumor","oral_cavity","Mast","Other",10,9,90,2.94833917537112,3.10618291965997,"LGALS3","log1p of counts scaled to 10,000"
"GSE172577","SYSMH4","SYSMH4","primary_tumor","oral_cavity","Unassigned","Other",2,1,50,1.26055106689512,1.26055106689512,"LGALS3","log1p of counts scaled to 10,000"
"GSE172577","SYSMH5","SYSMH5","primary_tumor","oral_cavity","Epithelial","Tumor epithelial (marker-defined)",8563,6848,79.9719724395656,1.26501735543322,1.38468402466105,"LGALS3","log1p of counts scaled to 10,000"
"GSE172577","SYSMH5","SYSMH5","primary_tumor","oral_cavity","Fibroblast","Other",819,484,59.0964590964591,1.02491398049823,1.17965979520657,"LGALS3","log1p of counts scaled to 10,000"
"GSE172577","SYSMH5","SYSMH5","primary_tumor","oral_cavity","Endothelial","Other",79,29,36.7088607594937,0.646745385693059,0,"LGALS3","log1p of counts scaled to 10,000"
"GSE172577","SYSMH5","SYSMH5","primary_tumor","oral_cavity","Pericyte","Other",21,7,33.3333333333333,0.672176729114074,0,"LGALS3","log1p of counts scaled to 10,000"
"GSE172577","SYSMH5","SYSMH5","primary_tumor","oral_cavity","T cell","Other",24,5,20.8333333333333,0.526896294249176,0,"LGALS3","log1p of counts scaled to 10,000"
"GSE172577","SYSMH5","SYSMH5","primary_tumor","oral_cavity","B/Plasma","Other",9,0,0,0,0,"LGALS3","log1p of counts scaled to 10,000"
"GSE172577","SYSMH5","SYSMH5","primary_tumor","oral_cavity","Myeloid","Other",486,291,59.8765432098765,1.44748163748254,1.79135761409331,"LGALS3","log1p of counts scaled to 10,000"
"GSE172577","SYSMH5","SYSMH5","primary_tumor","oral_cavity","Mast","Other",89,22,24.7191011235955,0.521617164369593,0,"LGALS3","log1p of counts scaled to 10,000"
"GSE172577","SYSMH6","SYSMH6","primary_tumor","oral_cavity","Epithelial","Tumor epithelial (marker-defined)",2433,1753,72.0509658857378,1.28530171285652,1.37279767867582,"LGALS3","log1p of counts scaled to 10,000"
"GSE172577","SYSMH6","SYSMH6","primary_tumor","oral_cavity","Fibroblast","Other",532,438,82.3308270676692,1.60637378851523,1.71934255900554,"LGALS3","log1p of counts scaled to 10,000"
"GSE172577","SYSMH6","SYSMH6","primary_tumor","oral_cavity","Endothelial","Other",203,165,81.2807881773399,1.49406101703872,1.63659493554846,"LGALS3","log1p of counts scaled to 10,000"
"GSE172577","SYSMH6","SYSMH6","primary_tumor","oral_cavity","Pericyte","Other",530,420,79.2452830188679,1.45390063636498,1.55636270459754,"LGALS3","log1p of counts scaled to 10,000"
"GSE172577","SYSMH6","SYSMH6","primary_tumor","oral_cavity","T cell","Other",899,348,38.7096774193548,0.769420415689397,0,"LGALS3","log1p of counts scaled to 10,000"
"GSE172577","SYSMH6","SYSMH6","primary_tumor","oral_cavity","B/Plasma","Other",1200,719,59.9166666666667,0.95520295069512,1.11500007269435,"LGALS3","log1p of counts scaled to 10,000"
"GSE172577","SYSMH6","SYSMH6","primary_tumor","oral_cavity","Myeloid","Other",4201,3577,85.146393715782,1.56835329161029,1.69133812362699,"LGALS3","log1p of counts scaled to 10,000"
"GSE172577","SYSMH6","SYSMH6","primary_tumor","oral_cavity","Mast","Other",190,170,89.4736842105263,2.65259260660727,2.93147959123781,"LGALS3","log1p of counts scaled to 10,000"
"GSE172577","SYSMH6","SYSMH6","primary_tumor","oral_cavity","Unassigned","Other",402,336,83.5820895522388,1.92941630470586,2.09380725225747,"LGALS3","log1p of counts scaled to 10,000"
"GSE172577","SYSMH1","SYSMH1","primary_tumor","oral_cavity","Epithelial","Tumor epithelial (marker-defined)",9286,39,0.419987077320698,0.00214081595106642,0,"LGALS4","log1p of counts scaled to 10,000"
"GSE172577","SYSMH1","SYSMH1","primary_tumor","oral_cavity","Fibroblast","Other",109,1,0.917431192660551,0.00682899405860151,0,"LGALS4","log1p of counts scaled to 10,000"
"GSE172577","SYSMH1","SYSMH1","primary_tumor","oral_cavity","Endothelial","Other",9,0,0,0,0,"LGALS4","log1p of counts scaled to 10,000"
"GSE172577","SYSMH1","SYSMH1","primary_tumor","oral_cavity","Pericyte","Other",4,0,0,0,0,"LGALS4","log1p of counts scaled to 10,000"
"GSE172577","SYSMH1","SYSMH1","primary_tumor","oral_cavity","T cell","Other",132,0,0,0,0,"LGALS4","log1p of counts scaled to 10,000"
"GSE172577","SYSMH1","SYSMH1","primary_tumor","oral_cavity","B/Plasma","Other",13,0,0,0,0,"LGALS4","log1p of counts scaled to 10,000"
"GSE172577","SYSMH1","SYSMH1","primary_tumor","oral_cavity","Myeloid","Other",153,0,0,0,0,"LGALS4","log1p of counts scaled to 10,000"
"GSE172577","SYSMH1","SYSMH1","primary_tumor","oral_cavity","Mast","Other",21,0,0,0,0,"LGALS4","log1p of counts scaled to 10,000"
"GSE172577","SYSMH1","SYSMH1","primary_tumor","oral_cavity","Unassigned","Other",6,0,0,0,0,"LGALS4","log1p of counts scaled to 10,000"
"GSE172577","SYSMH2","SYSMH2","primary_tumor","oral_cavity","Epithelial","Tumor epithelial (marker-defined)",4886,5,0.102333196889071,0.000149475063652242,0,"LGALS4","log1p of counts scaled to 10,000"
"GSE172577","SYSMH2","SYSMH2","primary_tumor","oral_cavity","Fibroblast","Other",150,0,0,0,0,"LGALS4","log1p of counts scaled to 10,000"
"GSE172577","SYSMH2","SYSMH2","primary_tumor","oral_cavity","Endothelial","Other",289,0,0,0,0,"LGALS4","log1p of counts scaled to 10,000"
"GSE172577","SYSMH2","SYSMH2","primary_tumor","oral_cavity","Pericyte","Other",66,0,0,0,0,"LGALS4","log1p of counts scaled to 10,000"
"GSE172577","SYSMH2","SYSMH2","primary_tumor","oral_cavity","T cell","Other",3012,2,0.0664010624169987,0.0014035269866256,0,"LGALS4","log1p of counts scaled to 10,000"
"GSE172577","SYSMH2","SYSMH2","primary_tumor","oral_cavity","B/Plasma","Other",389,1,0.25706940874036,0.00460392447731181,0,"LGALS4","log1p of counts scaled to 10,000"
"GSE172577","SYSMH2","SYSMH2","primary_tumor","oral_cavity","Myeloid","Other",776,0,0,0,0,"LGALS4","log1p of counts scaled to 10,000"
"GSE172577","SYSMH2","SYSMH2","primary_tumor","oral_cavity","Mast","Other",325,0,0,0,0,"LGALS4","log1p of counts scaled to 10,000"
"GSE172577","SYSMH2","SYSMH2","primary_tumor","oral_cavity","Unassigned","Other",48,0,0,0,0,"LGALS4","log1p of counts scaled to 10,000"
"GSE172577","SYSMH3","SYSMH3","primary_tumor","oral_cavity","Epithelial","Tumor epithelial (marker-defined)",5576,22,0.39454806312769,0.00179427933063841,0,"LGALS4","log1p of counts scaled to 10,000"
"GSE172577","SYSMH3","SYSMH3","primary_tumor","oral_cavity","Fibroblast","Other",87,1,1.14942528735632,0.0105858172901108,0,"LGALS4","log1p of counts scaled to 10,000"
"GSE172577","SYSMH3","SYSMH3","primary_tumor","oral_cavity","Endothelial","Other",196,0,0,0,0,"LGALS4","log1p of counts scaled to 10,000"
"GSE172577","SYSMH3","SYSMH3","primary_tumor","oral_cavity","Pericyte","Other",21,0,0,0,0,"LGALS4","log1p of counts scaled to 10,000"
"GSE172577","SYSMH3","SYSMH3","primary_tumor","oral_cavity","T cell","Other",308,0,0,0,0,"LGALS4","log1p of counts scaled to 10,000"
"GSE172577","SYSMH3","SYSMH3","primary_tumor","oral_cavity","B/Plasma","Other",80,0,0,0,0,"LGALS4","log1p of counts scaled to 10,000"
"GSE172577","SYSMH3","SYSMH3","primary_tumor","oral_cavity","Myeloid","Other",389,0,0,0,0,"LGALS4","log1p of counts scaled to 10,000"
"GSE172577","SYSMH3","SYSMH3","primary_tumor","oral_cavity","Mast","Other",14,0,0,0,0,"LGALS4","log1p of counts scaled to 10,000"
"GSE172577","SYSMH4","SYSMH4","primary_tumor","oral_cavity","Epithelial","Tumor epithelial (marker-defined)",10443,70,0.670305467777459,0.00341530121449533,0,"LGALS4","log1p of counts scaled to 10,000"
"GSE172577","SYSMH4","SYSMH4","primary_tumor","oral_cavity","Fibroblast","Other",30,0,0,0,0,"LGALS4","log1p of counts scaled to 10,000"
"GSE172577","SYSMH4","SYSMH4","primary_tumor","oral_cavity","Endothelial","Other",66,0,0,0,0,"LGALS4","log1p of counts scaled to 10,000"
"GSE172577","SYSMH4","SYSMH4","primary_tumor","oral_cavity","Pericyte","Other",25,0,0,0,0,"LGALS4","log1p of counts scaled to 10,000"
"GSE172577","SYSMH4","SYSMH4","primary_tumor","oral_cavity","T cell","Other",141,0,0,0,0,"LGALS4","log1p of counts scaled to 10,000"
"GSE172577","SYSMH4","SYSMH4","primary_tumor","oral_cavity","B/Plasma","Other",1,0,0,0,0,"LGALS4","log1p of counts scaled to 10,000"
"GSE172577","SYSMH4","SYSMH4","primary_tumor","oral_cavity","Myeloid","Other",164,0,0,0,0,"LGALS4","log1p of counts scaled to 10,000"
"GSE172577","SYSMH4","SYSMH4","primary_tumor","oral_cavity","Mast","Other",10,0,0,0,0,"LGALS4","log1p of counts scaled to 10,000"
"GSE172577","SYSMH4","SYSMH4","primary_tumor","oral_cavity","Unassigned","Other",2,0,0,0,0,"LGALS4","log1p of counts scaled to 10,000"
"GSE172577","SYSMH5","SYSMH5","primary_tumor","oral_cavity","Epithelial","Tumor epithelial (marker-defined)",8563,7,0.0817470512670793,0.000247637292559297,0,"LGALS4","log1p of counts scaled to 10,000"
"GSE172577","SYSMH5","SYSMH5","primary_tumor","oral_cavity","Fibroblast","Other",819,2,0.244200244200244,0.00263742293921229,0,"LGALS4","log1p of counts scaled to 10,000"
"GSE172577","SYSMH5","SYSMH5","primary_tumor","oral_cavity","Endothelial","Other",79,0,0,0,0,"LGALS4","log1p of counts scaled to 10,000"
"GSE172577","SYSMH5","SYSMH5","primary_tumor","oral_cavity","Pericyte","Other",21,0,0,0,0,"LGALS4","log1p of counts scaled to 10,000"
"GSE172577","SYSMH5","SYSMH5","primary_tumor","oral_cavity","T cell","Other",24,0,0,0,0,"LGALS4","log1p of counts scaled to 10,000"
"GSE172577","SYSMH5","SYSMH5","primary_tumor","oral_cavity","B/Plasma","Other",9,0,0,0,0,"LGALS4","log1p of counts scaled to 10,000"
"GSE172577","SYSMH5","SYSMH5","primary_tumor","oral_cavity","Myeloid","Other",486,1,0.205761316872428,0.00511109152122679,0,"LGALS4","log1p of counts scaled to 10,000"
"GSE172577","SYSMH5","SYSMH5","primary_tumor","oral_cavity","Mast","Other",89,0,0,0,0,"LGALS4","log1p of counts scaled to 10,000"
"GSE172577","SYSMH6","SYSMH6","primary_tumor","oral_cavity","Epithelial","Tumor epithelial (marker-defined)",2433,6,0.246609124537608,0.00125179666557422,0,"LGALS4","log1p of counts scaled to 10,000"
"GSE172577","SYSMH6","SYSMH6","primary_tumor","oral_cavity","Fibroblast","Other",532,0,0,0,0,"LGALS4","log1p of counts scaled to 10,000"
"GSE172577","SYSMH6","SYSMH6","primary_tumor","oral_cavity","Endothelial","Other",203,1,0.492610837438424,0.00232683733037867,0,"LGALS4","log1p of counts scaled to 10,000"
"GSE172577","SYSMH6","SYSMH6","primary_tumor","oral_cavity","Pericyte","Other",530,0,0,0,0,"LGALS4","log1p of counts scaled to 10,000"
"GSE172577","SYSMH6","SYSMH6","primary_tumor","oral_cavity","T cell","Other",899,0,0,0,0,"LGALS4","log1p of counts scaled to 10,000"
"GSE172577","SYSMH6","SYSMH6","primary_tumor","oral_cavity","B/Plasma","Other",1200,8,0.666666666666667,0.00459294659845249,0,"LGALS4","log1p of counts scaled to 10,000"
"GSE172577","SYSMH6","SYSMH6","primary_tumor","oral_cavity","Myeloid","Other",4201,17,0.404665555820043,0.00261220036485763,0,"LGALS4","log1p of counts scaled to 10,000"
"GSE172577","SYSMH6","SYSMH6","primary_tumor","oral_cavity","Mast","Other",190,0,0,0,0,"LGALS4","log1p of counts scaled to 10,000"
"GSE172577","SYSMH6","SYSMH6","primary_tumor","oral_cavity","Unassigned","Other",402,1,0.248756218905473,0.00193918748544221,0,"LGALS4","log1p of counts scaled to 10,000"
"GSE172577","SYSMH1","SYSMH1","primary_tumor","oral_cavity","Epithelial","Tumor epithelial (marker-defined)",9286,1159,12.4811544260177,0.0680384320213718,0,"LGALS7","log1p of counts scaled to 10,000"
"GSE172577","SYSMH1","SYSMH1","primary_tumor","oral_cavity","Fibroblast","Other",109,2,1.8348623853211,0.00934076707959419,0,"LGALS7","log1p of counts scaled to 10,000"
"GSE172577","SYSMH1","SYSMH1","primary_tumor","oral_cavity","Endothelial","Other",9,0,0,0,0,"LGALS7","log1p of counts scaled to 10,000"
"GSE172577","SYSMH1","SYSMH1","primary_tumor","oral_cavity","Pericyte","Other",4,0,0,0,0,"LGALS7","log1p of counts scaled to 10,000"
"GSE172577","SYSMH1","SYSMH1","primary_tumor","oral_cavity","T cell","Other",132,1,0.757575757575758,0.0139971621498443,0,"LGALS7","log1p of counts scaled to 10,000"
"GSE172577","SYSMH1","SYSMH1","primary_tumor","oral_cavity","B/Plasma","Other",13,0,0,0,0,"LGALS7","log1p of counts scaled to 10,000"
"GSE172577","SYSMH1","SYSMH1","primary_tumor","oral_cavity","Myeloid","Other",153,3,1.96078431372549,0.018175555032959,0,"LGALS7","log1p of counts scaled to 10,000"
"GSE172577","SYSMH1","SYSMH1","primary_tumor","oral_cavity","Mast","Other",21,0,0,0,0,"LGALS7","log1p of counts scaled to 10,000"
"GSE172577","SYSMH1","SYSMH1","primary_tumor","oral_cavity","Unassigned","Other",6,0,0,0,0,"LGALS7","log1p of counts scaled to 10,000"
"GSE172577","SYSMH2","SYSMH2","primary_tumor","oral_cavity","Epithelial","Tumor epithelial (marker-defined)",4886,1598,32.705689725747,0.233823141551544,0,"LGALS7","log1p of counts scaled to 10,000"
"GSE172577","SYSMH2","SYSMH2","primary_tumor","oral_cavity","Fibroblast","Other",150,0,0,0,0,"LGALS7","log1p of counts scaled to 10,000"
"GSE172577","SYSMH2","SYSMH2","primary_tumor","oral_cavity","Endothelial","Other",289,2,0.69204152249135,0.00449911895043723,0,"LGALS7","log1p of counts scaled to 10,000"
"GSE172577","SYSMH2","SYSMH2","primary_tumor","oral_cavity","Pericyte","Other",66,1,1.51515151515152,0.0145539624730033,0,"LGALS7","log1p of counts scaled to 10,000"
"GSE172577","SYSMH2","SYSMH2","primary_tumor","oral_cavity","T cell","Other",3012,13,0.431606905710491,0.00696262391972341,0,"LGALS7","log1p of counts scaled to 10,000"
"GSE172577","SYSMH2","SYSMH2","primary_tumor","oral_cavity","B/Plasma","Other",389,1,0.25706940874036,0.00489021777439709,0,"LGALS7","log1p of counts scaled to 10,000"
"GSE172577","SYSMH2","SYSMH2","primary_tumor","oral_cavity","Myeloid","Other",776,4,0.515463917525773,0.00371345431819818,0,"LGALS7","log1p of counts scaled to 10,000"
"GSE172577","SYSMH2","SYSMH2","primary_tumor","oral_cavity","Mast","Other",325,2,0.615384615384615,0.00627344116679574,0,"LGALS7","log1p of counts scaled to 10,000"
"GSE172577","SYSMH2","SYSMH2","primary_tumor","oral_cavity","Unassigned","Other",48,0,0,0,0,"LGALS7","log1p of counts scaled to 10,000"
"GSE172577","SYSMH3","SYSMH3","primary_tumor","oral_cavity","Epithelial","Tumor epithelial (marker-defined)",5576,4245,76.1298421807748,1.67047523059774,1.95372098064975,"LGALS7","log1p of counts scaled to 10,000"
"GSE172577","SYSMH3","SYSMH3","primary_tumor","oral_cavity","Fibroblast","Other",87,35,40.2298850574713,0.440235041234379,0,"LGALS7","log1p of counts scaled to 10,000"
"GSE172577","SYSMH3","SYSMH3","primary_tumor","oral_cavity","Endothelial","Other",196,65,33.1632653061224,0.357396837688145,0,"LGALS7","log1p of counts scaled to 10,000"
"GSE172577","SYSMH3","SYSMH3","primary_tumor","oral_cavity","Pericyte","Other",21,2,9.52380952380952,0.141199643719205,0,"LGALS7","log1p of counts scaled to 10,000"
"GSE172577","SYSMH3","SYSMH3","primary_tumor","oral_cavity","T cell","Other",308,99,32.1428571428571,0.559559525436398,0,"LGALS7","log1p of counts scaled to 10,000"
"GSE172577","SYSMH3","SYSMH3","primary_tumor","oral_cavity","B/Plasma","Other",80,28,35,0.266638963973766,0,"LGALS7","log1p of counts scaled to 10,000"
"GSE172577","SYSMH3","SYSMH3","primary_tumor","oral_cavity","Myeloid","Other",389,126,32.3907455012853,0.405766963145193,0,"LGALS7","log1p of counts scaled to 10,000"
"GSE172577","SYSMH3","SYSMH3","primary_tumor","oral_cavity","Mast","Other",14,5,35.7142857142857,0.460659897168124,0,"LGALS7","log1p of counts scaled to 10,000"
"GSE172577","SYSMH4","SYSMH4","primary_tumor","oral_cavity","Epithelial","Tumor epithelial (marker-defined)",10443,7555,72.3451115579814,1.06668910102418,1.10330084380753,"LGALS7","log1p of counts scaled to 10,000"
"GSE172577","SYSMH4","SYSMH4","primary_tumor","oral_cavity","Fibroblast","Other",30,2,6.66666666666667,0.0680072567434108,0,"LGALS7","log1p of counts scaled to 10,000"
"GSE172577","SYSMH4","SYSMH4","primary_tumor","oral_cavity","Endothelial","Other",66,5,7.57575757575758,0.0665588233816021,0,"LGALS7","log1p of counts scaled to 10,000"
"GSE172577","SYSMH4","SYSMH4","primary_tumor","oral_cavity","Pericyte","Other",25,0,0,0,0,"LGALS7","log1p of counts scaled to 10,000"
"GSE172577","SYSMH4","SYSMH4","primary_tumor","oral_cavity","T cell","Other",141,9,6.38297872340426,0.141851139426215,0,"LGALS7","log1p of counts scaled to 10,000"
"GSE172577","SYSMH4","SYSMH4","primary_tumor","oral_cavity","B/Plasma","Other",1,0,0,0,0,"LGALS7","log1p of counts scaled to 10,000"
"GSE172577","SYSMH4","SYSMH4","primary_tumor","oral_cavity","Myeloid","Other",164,14,8.53658536585366,0.0820290391105328,0,"LGALS7","log1p of counts scaled to 10,000"
"GSE172577","SYSMH4","SYSMH4","primary_tumor","oral_cavity","Mast","Other",10,1,10,0.117841274408665,0,"LGALS7","log1p of counts scaled to 10,000"
"GSE172577","SYSMH4","SYSMH4","primary_tumor","oral_cavity","Unassigned","Other",2,1,50,1.57449461862886,1.57449461862886,"LGALS7","log1p of counts scaled to 10,000"
"GSE172577","SYSMH5","SYSMH5","primary_tumor","oral_cavity","Epithelial","Tumor epithelial (marker-defined)",8563,83,0.96928646502394,0.00397249942726639,0,"LGALS7","log1p of counts scaled to 10,000"
"GSE172577","SYSMH5","SYSMH5","primary_tumor","oral_cavity","Fibroblast","Other",819,0,0,0,0,"LGALS7","log1p of counts scaled to 10,000"
"GSE172577","SYSMH5","SYSMH5","primary_tumor","oral_cavity","Endothelial","Other",79,0,0,0,0,"LGALS7","log1p of counts scaled to 10,000"
"GSE172577","SYSMH5","SYSMH5","primary_tumor","oral_cavity","Pericyte","Other",21,0,0,0,0,"LGALS7","log1p of counts scaled to 10,000"
"GSE172577","SYSMH5","SYSMH5","primary_tumor","oral_cavity","T cell","Other",24,0,0,0,0,"LGALS7","log1p of counts scaled to 10,000"
"GSE172577","SYSMH5","SYSMH5","primary_tumor","oral_cavity","B/Plasma","Other",9,0,0,0,0,"LGALS7","log1p of counts scaled to 10,000"
"GSE172577","SYSMH5","SYSMH5","primary_tumor","oral_cavity","Myeloid","Other",486,0,0,0,0,"LGALS7","log1p of counts scaled to 10,000"
"GSE172577","SYSMH5","SYSMH5","primary_tumor","oral_cavity","Mast","Other",89,0,0,0,0,"LGALS7","log1p of counts scaled to 10,000"
"GSE172577","SYSMH6","SYSMH6","primary_tumor","oral_cavity","Epithelial","Tumor epithelial (marker-defined)",2433,547,22.4825318536786,0.157818200464909,0,"LGALS7","log1p of counts scaled to 10,000"
"GSE172577","SYSMH6","SYSMH6","primary_tumor","oral_cavity","Fibroblast","Other",532,0,0,0,0,"LGALS7","log1p of counts scaled to 10,000"
"GSE172577","SYSMH6","SYSMH6","primary_tumor","oral_cavity","Endothelial","Other",203,1,0.492610837438424,0.00479553236166816,0,"LGALS7","log1p of counts scaled to 10,000"
"GSE172577","SYSMH6","SYSMH6","primary_tumor","oral_cavity","Pericyte","Other",530,5,0.943396226415094,0.0102518921009697,0,"LGALS7","log1p of counts scaled to 10,000"
"GSE172577","SYSMH6","SYSMH6","primary_tumor","oral_cavity","T cell","Other",899,6,0.667408231368187,0.0115649599448633,0,"LGALS7","log1p of counts scaled to 10,000"
"GSE172577","SYSMH6","SYSMH6","primary_tumor","oral_cavity","B/Plasma","Other",1200,3,0.25,0.00119228227501036,0,"LGALS7","log1p of counts scaled to 10,000"
"GSE172577","SYSMH6","SYSMH6","primary_tumor","oral_cavity","Myeloid","Other",4201,23,0.547488693168293,0.00488198701936496,0,"LGALS7","log1p of counts scaled to 10,000"
"GSE172577","SYSMH6","SYSMH6","primary_tumor","oral_cavity","Mast","Other",190,2,1.05263157894737,0.0103539140708672,0,"LGALS7","log1p of counts scaled to 10,000"
"GSE172577","SYSMH6","SYSMH6","primary_tumor","oral_cavity","Unassigned","Other",402,3,0.746268656716418,0.00675305666647042,0,"LGALS7","log1p of counts scaled to 10,000"
"GSE172577","SYSMH1","SYSMH1","primary_tumor","oral_cavity","Epithelial","Tumor epithelial (marker-defined)",9286,3334,35.9035106612104,0.251988440695129,0,"LGALS7B","log1p of counts scaled to 10,000"
"GSE172577","SYSMH1","SYSMH1","primary_tumor","oral_cavity","Fibroblast","Other",109,5,4.58715596330275,0.0290282399755848,0,"LGALS7B","log1p of counts scaled to 10,000"
"GSE172577","SYSMH1","SYSMH1","primary_tumor","oral_cavity","Endothelial","Other",9,0,0,0,0,"LGALS7B","log1p of counts scaled to 10,000"
"GSE172577","SYSMH1","SYSMH1","primary_tumor","oral_cavity","Pericyte","Other",4,0,0,0,0,"LGALS7B","log1p of counts scaled to 10,000"
"GSE172577","SYSMH1","SYSMH1","primary_tumor","oral_cavity","T cell","Other",132,0,0,0,0,"LGALS7B","log1p of counts scaled to 10,000"
"GSE172577","SYSMH1","SYSMH1","primary_tumor","oral_cavity","B/Plasma","Other",13,0,0,0,0,"LGALS7B","log1p of counts scaled to 10,000"
"GSE172577","SYSMH1","SYSMH1","primary_tumor","oral_cavity","Myeloid","Other",153,1,0.65359477124183,0.0105633462645272,0,"LGALS7B","log1p of counts scaled to 10,000"
"GSE172577","SYSMH1","SYSMH1","primary_tumor","oral_cavity","Mast","Other",21,2,9.52380952380952,0.0956140685222374,0,"LGALS7B","log1p of counts scaled to 10,000"
"GSE172577","SYSMH1","SYSMH1","primary_tumor","oral_cavity","Unassigned","Other",6,0,0,0,0,"LGALS7B","log1p of counts scaled to 10,000"
"GSE172577","SYSMH2","SYSMH2","primary_tumor","oral_cavity","Epithelial","Tumor epithelial (marker-defined)",4886,3256,66.6393778141629,0.888653689576385,0.943390533503138,"LGALS7B","log1p of counts scaled to 10,000"
"GSE172577","SYSMH2","SYSMH2","primary_tumor","oral_cavity","Fibroblast","Other",150,10,6.66666666666667,0.0400599927345124,0,"LGALS7B","log1p of counts scaled to 10,000"
"GSE172577","SYSMH2","SYSMH2","primary_tumor","oral_cavity","Endothelial","Other",289,14,4.84429065743945,0.0387656275873181,0,"LGALS7B","log1p of counts scaled to 10,000"
"GSE172577","SYSMH2","SYSMH2","primary_tumor","oral_cavity","Pericyte","Other",66,1,1.51515151515152,0.0310924820062505,0,"LGALS7B","log1p of counts scaled to 10,000"
"GSE172577","SYSMH2","SYSMH2","primary_tumor","oral_cavity","T cell","Other",3012,77,2.55644090305445,0.0417714038048084,0,"LGALS7B","log1p of counts scaled to 10,000"
"GSE172577","SYSMH2","SYSMH2","primary_tumor","oral_cavity","B/Plasma","Other",389,22,5.65552699228792,0.0730272030031624,0,"LGALS7B","log1p of counts scaled to 10,000"
"GSE172577","SYSMH2","SYSMH2","primary_tumor","oral_cavity","Myeloid","Other",776,37,4.7680412371134,0.0472036453588591,0,"LGALS7B","log1p of counts scaled to 10,000"
"GSE172577","SYSMH2","SYSMH2","primary_tumor","oral_cavity","Mast","Other",325,14,4.30769230769231,0.0652159174635546,0,"LGALS7B","log1p of counts scaled to 10,000"
"GSE172577","SYSMH2","SYSMH2","primary_tumor","oral_cavity","Unassigned","Other",48,2,4.16666666666667,0.0566664599617419,0,"LGALS7B","log1p of counts scaled to 10,000"
"GSE172577","SYSMH3","SYSMH3","primary_tumor","oral_cavity","Epithelial","Tumor epithelial (marker-defined)",5576,4454,79.8780487804878,1.85134092439673,2.09925344545936,"LGALS7B","log1p of counts scaled to 10,000"
"GSE172577","SYSMH3","SYSMH3","primary_tumor","oral_cavity","Fibroblast","Other",87,34,39.0804597701149,0.426853726254786,0,"LGALS7B","log1p of counts scaled to 10,000"
"GSE172577","SYSMH3","SYSMH3","primary_tumor","oral_cavity","Endothelial","Other",196,87,44.3877551020408,0.496960921934197,0,"LGALS7B","log1p of counts scaled to 10,000"
"GSE172577","SYSMH3","SYSMH3","primary_tumor","oral_cavity","Pericyte","Other",21,7,33.3333333333333,0.402029686718568,0,"LGALS7B","log1p of counts scaled to 10,000"
"GSE172577","SYSMH3","SYSMH3","primary_tumor","oral_cavity","T cell","Other",308,112,36.3636363636364,0.653924355818817,0,"LGALS7B","log1p of counts scaled to 10,000"
"GSE172577","SYSMH3","SYSMH3","primary_tumor","oral_cavity","B/Plasma","Other",80,35,43.75,0.40795933578792,0,"LGALS7B","log1p of counts scaled to 10,000"
"GSE172577","SYSMH3","SYSMH3","primary_tumor","oral_cavity","Myeloid","Other",389,156,40.1028277634961,0.482004203508306,0,"LGALS7B","log1p of counts scaled to 10,000"
"GSE172577","SYSMH3","SYSMH3","primary_tumor","oral_cavity","Mast","Other",14,3,21.4285714285714,0.371649719399011,0,"LGALS7B","log1p of counts scaled to 10,000"
"GSE172577","SYSMH4","SYSMH4","primary_tumor","oral_cavity","Epithelial","Tumor epithelial (marker-defined)",10443,8733,83.6253950014364,1.58745274843157,1.79013253594045,"LGALS7B","log1p of counts scaled to 10,000"
"GSE172577","SYSMH4","SYSMH4","primary_tumor","oral_cavity","Fibroblast","Other",30,6,20,0.261600399644068,0,"LGALS7B","log1p of counts scaled to 10,000"
"GSE172577","SYSMH4","SYSMH4","primary_tumor","oral_cavity","Endothelial","Other",66,11,16.6666666666667,0.199946129078137,0,"LGALS7B","log1p of counts scaled to 10,000"
"GSE172577","SYSMH4","SYSMH4","primary_tumor","oral_cavity","Pericyte","Other",25,3,12,0.138789908821269,0,"LGALS7B","log1p of counts scaled to 10,000"
"GSE172577","SYSMH4","SYSMH4","primary_tumor","oral_cavity","T cell","Other",141,15,10.6382978723404,0.22606346005967,0,"LGALS7B","log1p of counts scaled to 10,000"
"GSE172577","SYSMH4","SYSMH4","primary_tumor","oral_cavity","B/Plasma","Other",1,0,0,0,0,"LGALS7B","log1p of counts scaled to 10,000"
"GSE172577","SYSMH4","SYSMH4","primary_tumor","oral_cavity","Myeloid","Other",164,31,18.9024390243902,0.214895563544391,0,"LGALS7B","log1p of counts scaled to 10,000"
"GSE172577","SYSMH4","SYSMH4","primary_tumor","oral_cavity","Mast","Other",10,0,0,0,0,"LGALS7B","log1p of counts scaled to 10,000"
"GSE172577","SYSMH4","SYSMH4","primary_tumor","oral_cavity","Unassigned","Other",2,1,50,1.65376000977157,1.65376000977157,"LGALS7B","log1p of counts scaled to 10,000"
"GSE172577","SYSMH5","SYSMH5","primary_tumor","oral_cavity","Epithelial","Tumor epithelial (marker-defined)",8563,6532,76.281676982366,1.48270026865514,1.47498630168669,"LGALS7B","log1p of counts scaled to 10,000"
"GSE172577","SYSMH5","SYSMH5","primary_tumor","oral_cavity","Fibroblast","Other",819,166,20.2686202686203,0.284401930134914,0,"LGALS7B","log1p of counts scaled to 10,000"
"GSE172577","SYSMH5","SYSMH5","primary_tumor","oral_cavity","Endothelial","Other",79,16,20.253164556962,0.35776685198732,0,"LGALS7B","log1p of counts scaled to 10,000"
"GSE172577","SYSMH5","SYSMH5","primary_tumor","oral_cavity","Pericyte","Other",21,2,9.52380952380952,0.152555947441976,0,"LGALS7B","log1p of counts scaled to 10,000"
"GSE172577","SYSMH5","SYSMH5","primary_tumor","oral_cavity","T cell","Other",24,6,25,0.637275563222775,0,"LGALS7B","log1p of counts scaled to 10,000"
"GSE172577","SYSMH5","SYSMH5","primary_tumor","oral_cavity","B/Plasma","Other",9,3,33.3333333333333,0.620534598881852,0,"LGALS7B","log1p of counts scaled to 10,000"
"GSE172577","SYSMH5","SYSMH5","primary_tumor","oral_cavity","Myeloid","Other",486,91,18.7242798353909,0.360701135351667,0,"LGALS7B","log1p of counts scaled to 10,000"
"GSE172577","SYSMH5","SYSMH5","primary_tumor","oral_cavity","Mast","Other",89,15,16.8539325842697,0.353582402967223,0,"LGALS7B","log1p of counts scaled to 10,000"
"GSE172577","SYSMH6","SYSMH6","primary_tumor","oral_cavity","Epithelial","Tumor epithelial (marker-defined)",2433,291,11.960542540074,0.0524437052711841,0,"LGALS7B","log1p of counts scaled to 10,000"
"GSE172577","SYSMH6","SYSMH6","primary_tumor","oral_cavity","Fibroblast","Other",532,4,0.75187969924812,0.00614438993414687,0,"LGALS7B","log1p of counts scaled to 10,000"
"GSE172577","SYSMH6","SYSMH6","primary_tumor","oral_cavity","Endothelial","Other",203,1,0.492610837438424,0.00403902996343297,0,"LGALS7B","log1p of counts scaled to 10,000"
"GSE172577","SYSMH6","SYSMH6","primary_tumor","oral_cavity","Pericyte","Other",530,1,0.188679245283019,0.00156206386870413,0,"LGALS7B","log1p of counts scaled to 10,000"
"GSE172577","SYSMH6","SYSMH6","primary_tumor","oral_cavity","T cell","Other",899,1,0.111234705228031,0.00201229142828061,0,"LGALS7B","log1p of counts scaled to 10,000"
"GSE172577","SYSMH6","SYSMH6","primary_tumor","oral_cavity","B/Plasma","Other",1200,3,0.25,0.00248554797411023,0,"LGALS7B","log1p of counts scaled to 10,000"
"GSE172577","SYSMH6","SYSMH6","primary_tumor","oral_cavity","Myeloid","Other",4201,13,0.309450130921209,0.00209377113796545,0,"LGALS7B","log1p of counts scaled to 10,000"
"GSE172577","SYSMH6","SYSMH6","primary_tumor","oral_cavity","Mast","Other",190,1,0.526315789473684,0.0023325587299505,0,"LGALS7B","log1p of counts scaled to 10,000"
"GSE172577","SYSMH6","SYSMH6","primary_tumor","oral_cavity","Unassigned","Other",402,0,0,0,0,"LGALS7B","log1p of counts scaled to 10,000"
"GSE172577","SYSMH1","SYSMH1","primary_tumor","oral_cavity","Epithelial","Tumor epithelial (marker-defined)",9286,2879,31.0036614258023,0.181893246950904,0,"LGALS8","log1p of counts scaled to 10,000"
"GSE172577","SYSMH1","SYSMH1","primary_tumor","oral_cavity","Fibroblast","Other",109,17,15.5963302752294,0.142595966493434,0,"LGALS8","log1p of counts scaled to 10,000"
"GSE172577","SYSMH1","SYSMH1","primary_tumor","oral_cavity","Endothelial","Other",9,1,11.1111111111111,0.183598247917484,0,"LGALS8","log1p of counts scaled to 10,000"
"GSE172577","SYSMH1","SYSMH1","primary_tumor","oral_cavity","Pericyte","Other",4,0,0,0,0,"LGALS8","log1p of counts scaled to 10,000"
"GSE172577","SYSMH1","SYSMH1","primary_tumor","oral_cavity","T cell","Other",132,5,3.78787878787879,0.0843485531994413,0,"LGALS8","log1p of counts scaled to 10,000"
"GSE172577","SYSMH1","SYSMH1","primary_tumor","oral_cavity","B/Plasma","Other",13,0,0,0,0,"LGALS8","log1p of counts scaled to 10,000"
"GSE172577","SYSMH1","SYSMH1","primary_tumor","oral_cavity","Myeloid","Other",153,27,17.6470588235294,0.141513106431385,0,"LGALS8","log1p of counts scaled to 10,000"
"GSE172577","SYSMH1","SYSMH1","primary_tumor","oral_cavity","Mast","Other",21,1,4.76190476190476,0.0155182122542863,0,"LGALS8","log1p of counts scaled to 10,000"
"GSE172577","SYSMH1","SYSMH1","primary_tumor","oral_cavity","Unassigned","Other",6,0,0,0,0,"LGALS8","log1p of counts scaled to 10,000"
"GSE172577","SYSMH2","SYSMH2","primary_tumor","oral_cavity","Epithelial","Tumor epithelial (marker-defined)",4886,1364,27.9164961113385,0.118052772032769,0,"LGALS8","log1p of counts scaled to 10,000"
"GSE172577","SYSMH2","SYSMH2","primary_tumor","oral_cavity","Fibroblast","Other",150,32,21.3333333333333,0.175284733153506,0,"LGALS8","log1p of counts scaled to 10,000"
"GSE172577","SYSMH2","SYSMH2","primary_tumor","oral_cavity","Endothelial","Other",289,74,25.6055363321799,0.20010670503731,0,"LGALS8","log1p of counts scaled to 10,000"
"GSE172577","SYSMH2","SYSMH2","primary_tumor","oral_cavity","Pericyte","Other",66,5,7.57575757575758,0.0566104283521225,0,"LGALS8","log1p of counts scaled to 10,000"
"GSE172577","SYSMH2","SYSMH2","primary_tumor","oral_cavity","T cell","Other",3012,264,8.76494023904383,0.139533764809353,0,"LGALS8","log1p of counts scaled to 10,000"
"GSE172577","SYSMH2","SYSMH2","primary_tumor","oral_cavity","B/Plasma","Other",389,33,8.48329048843188,0.0913204585369358,0,"LGALS8","log1p of counts scaled to 10,000"
"GSE172577","SYSMH2","SYSMH2","primary_tumor","oral_cavity","Myeloid","Other",776,157,20.2319587628866,0.168560075616833,0,"LGALS8","log1p of counts scaled to 10,000"
"GSE172577","SYSMH2","SYSMH2","primary_tumor","oral_cavity","Mast","Other",325,53,16.3076923076923,0.230511018395389,0,"LGALS8","log1p of counts scaled to 10,000"
"GSE172577","SYSMH2","SYSMH2","primary_tumor","oral_cavity","Unassigned","Other",48,4,8.33333333333333,0.151074121434979,0,"LGALS8","log1p of counts scaled to 10,000"
"GSE172577","SYSMH3","SYSMH3","primary_tumor","oral_cavity","Epithelial","Tumor epithelial (marker-defined)",5576,1578,28.299856527977,0.0990128462590126,0,"LGALS8","log1p of counts scaled to 10,000"
"GSE172577","SYSMH3","SYSMH3","primary_tumor","oral_cavity","Fibroblast","Other",87,13,14.9425287356322,0.121848254808805,0,"LGALS8","log1p of counts scaled to 10,000"
"GSE172577","SYSMH3","SYSMH3","primary_tumor","oral_cavity","Endothelial","Other",196,53,27.0408163265306,0.257455932564507,0,"LGALS8","log1p of counts scaled to 10,000"
"GSE172577","SYSMH3","SYSMH3","primary_tumor","oral_cavity","Pericyte","Other",21,2,9.52380952380952,0.104468044696801,0,"LGALS8","log1p of counts scaled to 10,000"
"GSE172577","SYSMH3","SYSMH3","primary_tumor","oral_cavity","T cell","Other",308,27,8.76623376623377,0.135550158062363,0,"LGALS8","log1p of counts scaled to 10,000"
"GSE172577","SYSMH3","SYSMH3","primary_tumor","oral_cavity","B/Plasma","Other",80,4,5,0.0331699379951935,0,"LGALS8","log1p of counts scaled to 10,000"
"GSE172577","SYSMH3","SYSMH3","primary_tumor","oral_cavity","Myeloid","Other",389,72,18.5089974293059,0.172114116017764,0,"LGALS8","log1p of counts scaled to 10,000"
"GSE172577","SYSMH3","SYSMH3","primary_tumor","oral_cavity","Mast","Other",14,1,7.14285714285714,0.189480111227915,0,"LGALS8","log1p of counts scaled to 10,000"
"GSE172577","SYSMH4","SYSMH4","primary_tumor","oral_cavity","Epithelial","Tumor epithelial (marker-defined)",10443,1909,18.280187685531,0.0987019945845342,0,"LGALS8","log1p of counts scaled to 10,000"
"GSE172577","SYSMH4","SYSMH4","primary_tumor","oral_cavity","Fibroblast","Other",30,2,6.66666666666667,0.0957178282402218,0,"LGALS8","log1p of counts scaled to 10,000"
"GSE172577","SYSMH4","SYSMH4","primary_tumor","oral_cavity","Endothelial","Other",66,17,25.7575757575758,0.249822006709642,0,"LGALS8","log1p of counts scaled to 10,000"
"GSE172577","SYSMH4","SYSMH4","primary_tumor","oral_cavity","Pericyte","Other",25,0,0,0,0,"LGALS8","log1p of counts scaled to 10,000"
"GSE172577","SYSMH4","SYSMH4","primary_tumor","oral_cavity","T cell","Other",141,6,4.25531914893617,0.0943688971524461,0,"LGALS8","log1p of counts scaled to 10,000"
"GSE172577","SYSMH4","SYSMH4","primary_tumor","oral_cavity","B/Plasma","Other",1,0,0,0,0,"LGALS8","log1p of counts scaled to 10,000"
"GSE172577","SYSMH4","SYSMH4","primary_tumor","oral_cavity","Myeloid","Other",164,23,14.0243902439024,0.146637367115621,0,"LGALS8","log1p of counts scaled to 10,000"
"GSE172577","SYSMH4","SYSMH4","primary_tumor","oral_cavity","Mast","Other",10,1,10,0.108519456566161,0,"LGALS8","log1p of counts scaled to 10,000"
"GSE172577","SYSMH4","SYSMH4","primary_tumor","oral_cavity","Unassigned","Other",2,1,50,0.226210958118585,0.226210958118585,"LGALS8","log1p of counts scaled to 10,000"
"GSE172577","SYSMH5","SYSMH5","primary_tumor","oral_cavity","Epithelial","Tumor epithelial (marker-defined)",8563,1634,19.0820973957725,0.0965860955503091,0,"LGALS8","log1p of counts scaled to 10,000"
"GSE172577","SYSMH5","SYSMH5","primary_tumor","oral_cavity","Fibroblast","Other",819,57,6.95970695970696,0.0870097285044895,0,"LGALS8","log1p of counts scaled to 10,000"
"GSE172577","SYSMH5","SYSMH5","primary_tumor","oral_cavity","Endothelial","Other",79,11,13.9240506329114,0.183878313022212,0,"LGALS8","log1p of counts scaled to 10,000"
"GSE172577","SYSMH5","SYSMH5","primary_tumor","oral_cavity","Pericyte","Other",21,1,4.76190476190476,0.0833001487264608,0,"LGALS8","log1p of counts scaled to 10,000"
"GSE172577","SYSMH5","SYSMH5","primary_tumor","oral_cavity","T cell","Other",24,2,8.33333333333333,0.187160324791752,0,"LGALS8","log1p of counts scaled to 10,000"
"GSE172577","SYSMH5","SYSMH5","primary_tumor","oral_cavity","B/Plasma","Other",9,0,0,0,0,"LGALS8","log1p of counts scaled to 10,000"
"GSE172577","SYSMH5","SYSMH5","primary_tumor","oral_cavity","Myeloid","Other",486,27,5.55555555555556,0.095310612868091,0,"LGALS8","log1p of counts scaled to 10,000"
"GSE172577","SYSMH5","SYSMH5","primary_tumor","oral_cavity","Mast","Other",89,9,10.1123595505618,0.183379638370027,0,"LGALS8","log1p of counts scaled to 10,000"
"GSE172577","SYSMH6","SYSMH6","primary_tumor","oral_cavity","Epithelial","Tumor epithelial (marker-defined)",2433,582,23.921085080148,0.139673785569603,0,"LGALS8","log1p of counts scaled to 10,000"
"GSE172577","SYSMH6","SYSMH6","primary_tumor","oral_cavity","Fibroblast","Other",532,75,14.0977443609023,0.12028020181985,0,"LGALS8","log1p of counts scaled to 10,000"
"GSE172577","SYSMH6","SYSMH6","primary_tumor","oral_cavity","Endothelial","Other",203,44,21.6748768472906,0.20400443472795,0,"LGALS8","log1p of counts scaled to 10,000"
"GSE172577","SYSMH6","SYSMH6","primary_tumor","oral_cavity","Pericyte","Other",530,69,13.0188679245283,0.117962868034029,0,"LGALS8","log1p of counts scaled to 10,000"
"GSE172577","SYSMH6","SYSMH6","primary_tumor","oral_cavity","T cell","Other",899,74,8.2313681868743,0.126737680741725,0,"LGALS8","log1p of counts scaled to 10,000"
"GSE172577","SYSMH6","SYSMH6","primary_tumor","oral_cavity","B/Plasma","Other",1200,221,18.4166666666667,0.107115477755327,0,"LGALS8","log1p of counts scaled to 10,000"
"GSE172577","SYSMH6","SYSMH6","primary_tumor","oral_cavity","Myeloid","Other",4201,984,23.4229945251131,0.163423291358525,0,"LGALS8","log1p of counts scaled to 10,000"
"GSE172577","SYSMH6","SYSMH6","primary_tumor","oral_cavity","Mast","Other",190,35,18.4210526315789,0.192146364607483,0,"LGALS8","log1p of counts scaled to 10,000"
"GSE172577","SYSMH6","SYSMH6","primary_tumor","oral_cavity","Unassigned","Other",402,73,18.1592039800995,0.164885277261054,0,"LGALS8","log1p of counts scaled to 10,000"
"GSE172577","SYSMH1","SYSMH1","primary_tumor","oral_cavity","Epithelial","Tumor epithelial (marker-defined)",9286,234,2.51992246392419,0.0141202880178737,0,"LGALS9","log1p of counts scaled to 10,000"
"GSE172577","SYSMH1","SYSMH1","primary_tumor","oral_cavity","Fibroblast","Other",109,9,8.25688073394496,0.0744570589481343,0,"LGALS9","log1p of counts scaled to 10,000"
"GSE172577","SYSMH1","SYSMH1","primary_tumor","oral_cavity","Endothelial","Other",9,3,33.3333333333333,0.336200561390475,0,"LGALS9","log1p of counts scaled to 10,000"
"GSE172577","SYSMH1","SYSMH1","primary_tumor","oral_cavity","Pericyte","Other",4,0,0,0,0,"LGALS9","log1p of counts scaled to 10,000"
"GSE172577","SYSMH1","SYSMH1","primary_tumor","oral_cavity","T cell","Other",132,7,5.3030303030303,0.116093200272831,0,"LGALS9","log1p of counts scaled to 10,000"
"GSE172577","SYSMH1","SYSMH1","primary_tumor","oral_cavity","B/Plasma","Other",13,0,0,0,0,"LGALS9","log1p of counts scaled to 10,000"
"GSE172577","SYSMH1","SYSMH1","primary_tumor","oral_cavity","Myeloid","Other",153,111,72.5490196078431,0.97314147386654,0.984752365144198,"LGALS9","log1p of counts scaled to 10,000"
"GSE172577","SYSMH1","SYSMH1","primary_tumor","oral_cavity","Mast","Other",21,3,14.2857142857143,0.202591992951891,0,"LGALS9","log1p of counts scaled to 10,000"
"GSE172577","SYSMH1","SYSMH1","primary_tumor","oral_cavity","Unassigned","Other",6,0,0,0,0,"LGALS9","log1p of counts scaled to 10,000"
"GSE172577","SYSMH2","SYSMH2","primary_tumor","oral_cavity","Epithelial","Tumor epithelial (marker-defined)",4886,460,9.41465411379452,0.0586419337795414,0,"LGALS9","log1p of counts scaled to 10,000"
"GSE172577","SYSMH2","SYSMH2","primary_tumor","oral_cavity","Fibroblast","Other",150,56,37.3333333333333,0.40287115015554,0,"LGALS9","log1p of counts scaled to 10,000"
"GSE172577","SYSMH2","SYSMH2","primary_tumor","oral_cavity","Endothelial","Other",289,162,56.0553633217993,0.632889610764843,0.641347457595214,"LGALS9","log1p of counts scaled to 10,000"
"GSE172577","SYSMH2","SYSMH2","primary_tumor","oral_cavity","Pericyte","Other",66,2,3.03030303030303,0.0554559591519887,0,"LGALS9","log1p of counts scaled to 10,000"
"GSE172577","SYSMH2","SYSMH2","primary_tumor","oral_cavity","T cell","Other",3012,392,13.0146082337317,0.198164034182432,0,"LGALS9","log1p of counts scaled to 10,000"
"GSE172577","SYSMH2","SYSMH2","primary_tumor","oral_cavity","B/Plasma","Other",389,110,28.2776349614396,0.339942273273539,0,"LGALS9","log1p of counts scaled to 10,000"
"GSE172577","SYSMH2","SYSMH2","primary_tumor","oral_cavity","Myeloid","Other",776,461,59.4072164948454,0.722302365150754,0.712149703081351,"LGALS9","log1p of counts scaled to 10,000"
"GSE172577","SYSMH2","SYSMH2","primary_tumor","oral_cavity","Mast","Other",325,88,27.0769230769231,0.402078488595995,0,"LGALS9","log1p of counts scaled to 10,000"
"GSE172577","SYSMH2","SYSMH2","primary_tumor","oral_cavity","Unassigned","Other",48,9,18.75,0.260735696701736,0,"LGALS9","log1p of counts scaled to 10,000"
"GSE172577","SYSMH3","SYSMH3","primary_tumor","oral_cavity","Epithelial","Tumor epithelial (marker-defined)",5576,400,7.17360114777618,0.050461830234953,0,"LGALS9","log1p of counts scaled to 10,000"
"GSE172577","SYSMH3","SYSMH3","primary_tumor","oral_cavity","Fibroblast","Other",87,20,22.9885057471264,0.239606106346805,0,"LGALS9","log1p of counts scaled to 10,000"
"GSE172577","SYSMH3","SYSMH3","primary_tumor","oral_cavity","Endothelial","Other",196,100,51.0204081632653,0.592505388982262,0.450284930272429,"LGALS9","log1p of counts scaled to 10,000"
"GSE172577","SYSMH3","SYSMH3","primary_tumor","oral_cavity","Pericyte","Other",21,2,9.52380952380952,0.114955634827774,0,"LGALS9","log1p of counts scaled to 10,000"
"GSE172577","SYSMH3","SYSMH3","primary_tumor","oral_cavity","T cell","Other",308,48,15.5844155844156,0.247803955225407,0,"LGALS9","log1p of counts scaled to 10,000"
"GSE172577","SYSMH3","SYSMH3","primary_tumor","oral_cavity","B/Plasma","Other",80,13,16.25,0.173971677123347,0,"LGALS9","log1p of counts scaled to 10,000"
"GSE172577","SYSMH3","SYSMH3","primary_tumor","oral_cavity","Myeloid","Other",389,214,55.012853470437,0.730035381037085,0.777450283889491,"LGALS9","log1p of counts scaled to 10,000"
"GSE172577","SYSMH3","SYSMH3","primary_tumor","oral_cavity","Mast","Other",14,1,7.14285714285714,0.113099655892581,0,"LGALS9","log1p of counts scaled to 10,000"
"GSE172577","SYSMH4","SYSMH4","primary_tumor","oral_cavity","Epithelial","Tumor epithelial (marker-defined)",10443,406,3.88777171310926,0.0256508173213383,0,"LGALS9","log1p of counts scaled to 10,000"
"GSE172577","SYSMH4","SYSMH4","primary_tumor","oral_cavity","Fibroblast","Other",30,2,6.66666666666667,0.11753022736474,0,"LGALS9","log1p of counts scaled to 10,000"
"GSE172577","SYSMH4","SYSMH4","primary_tumor","oral_cavity","Endothelial","Other",66,35,53.030303030303,0.612166117630732,0.555325578747137,"LGALS9","log1p of counts scaled to 10,000"
"GSE172577","SYSMH4","SYSMH4","primary_tumor","oral_cavity","Pericyte","Other",25,0,0,0,0,"LGALS9","log1p of counts scaled to 10,000"
"GSE172577","SYSMH4","SYSMH4","primary_tumor","oral_cavity","T cell","Other",141,10,7.09219858156028,0.131128232378752,0,"LGALS9","log1p of counts scaled to 10,000"
"GSE172577","SYSMH4","SYSMH4","primary_tumor","oral_cavity","B/Plasma","Other",1,0,0,0,0,"LGALS9","log1p of counts scaled to 10,000"
"GSE172577","SYSMH4","SYSMH4","primary_tumor","oral_cavity","Myeloid","Other",164,93,56.7073170731707,0.702416933970316,0.846456888112806,"LGALS9","log1p of counts scaled to 10,000"
"GSE172577","SYSMH4","SYSMH4","primary_tumor","oral_cavity","Mast","Other",10,1,10,0.276651592364488,0,"LGALS9","log1p of counts scaled to 10,000"
"GSE172577","SYSMH4","SYSMH4","primary_tumor","oral_cavity","Unassigned","Other",2,0,0,0,0,"LGALS9","log1p of counts scaled to 10,000"
"GSE172577","SYSMH5","SYSMH5","primary_tumor","oral_cavity","Epithelial","Tumor epithelial (marker-defined)",8563,287,3.35162910195025,0.0515306476393294,0,"LGALS9","log1p of counts scaled to 10,000"
"GSE172577","SYSMH5","SYSMH5","primary_tumor","oral_cavity","Fibroblast","Other",819,61,7.44810744810745,0.108011425163549,0,"LGALS9","log1p of counts scaled to 10,000"
"GSE172577","SYSMH5","SYSMH5","primary_tumor","oral_cavity","Endothelial","Other",79,38,48.1012658227848,0.811947905557989,0,"LGALS9","log1p of counts scaled to 10,000"
"GSE172577","SYSMH5","SYSMH5","primary_tumor","oral_cavity","Pericyte","Other",21,0,0,0,0,"LGALS9","log1p of counts scaled to 10,000"
"GSE172577","SYSMH5","SYSMH5","primary_tumor","oral_cavity","T cell","Other",24,2,8.33333333333333,0.228183875662072,0,"LGALS9","log1p of counts scaled to 10,000"
"GSE172577","SYSMH5","SYSMH5","primary_tumor","oral_cavity","B/Plasma","Other",9,0,0,0,0,"LGALS9","log1p of counts scaled to 10,000"
"GSE172577","SYSMH5","SYSMH5","primary_tumor","oral_cavity","Myeloid","Other",486,162,33.3333333333333,0.671293676651129,0,"LGALS9","log1p of counts scaled to 10,000"
"GSE172577","SYSMH5","SYSMH5","primary_tumor","oral_cavity","Mast","Other",89,11,12.3595505617978,0.228635187441492,0,"LGALS9","log1p of counts scaled to 10,000"
"GSE172577","SYSMH6","SYSMH6","primary_tumor","oral_cavity","Epithelial","Tumor epithelial (marker-defined)",2433,212,8.71352240032881,0.0670497950874448,0,"LGALS9","log1p of counts scaled to 10,000"
"GSE172577","SYSMH6","SYSMH6","primary_tumor","oral_cavity","Fibroblast","Other",532,91,17.1052631578947,0.175683330446645,0,"LGALS9","log1p of counts scaled to 10,000"
"GSE172577","SYSMH6","SYSMH6","primary_tumor","oral_cavity","Endothelial","Other",203,71,34.9753694581281,0.39494200703502,0,"LGALS9","log1p of counts scaled to 10,000"
"GSE172577","SYSMH6","SYSMH6","primary_tumor","oral_cavity","Pericyte","Other",530,41,7.73584905660377,0.0708366981301175,0,"LGALS9","log1p of counts scaled to 10,000"
"GSE172577","SYSMH6","SYSMH6","primary_tumor","oral_cavity","T cell","Other",899,114,12.6807563959956,0.201170496223784,0,"LGALS9","log1p of counts scaled to 10,000"
"GSE172577","SYSMH6","SYSMH6","primary_tumor","oral_cavity","B/Plasma","Other",1200,86,7.16666666666667,0.0781680061039821,0,"LGALS9","log1p of counts scaled to 10,000"
"GSE172577","SYSMH6","SYSMH6","primary_tumor","oral_cavity","Myeloid","Other",4201,907,21.5900975958105,0.262673357569971,0,"LGALS9","log1p of counts scaled to 10,000"
"GSE172577","SYSMH6","SYSMH6","primary_tumor","oral_cavity","Mast","Other",190,20,10.5263157894737,0.146981136710371,0,"LGALS9","log1p of counts scaled to 10,000"
"GSE172577","SYSMH6","SYSMH6","primary_tumor","oral_cavity","Unassigned","Other",402,29,7.21393034825871,0.0699167543640664,0,"LGALS9","log1p of counts scaled to 10,000"
"GSE172577","SYSMH1","SYSMH1","primary_tumor","oral_cavity","Epithelial","Tumor epithelial (marker-defined)",9286,7,0.075382295929356,0.000490020455224667,0,"LGALS9B","log1p of counts scaled to 10,000"
"GSE172577","SYSMH1","SYSMH1","primary_tumor","oral_cavity","Fibroblast","Other",109,0,0,0,0,"LGALS9B","log1p of counts scaled to 10,000"
"GSE172577","SYSMH1","SYSMH1","primary_tumor","oral_cavity","Endothelial","Other",9,0,0,0,0,"LGALS9B","log1p of counts scaled to 10,000"
"GSE172577","SYSMH1","SYSMH1","primary_tumor","oral_cavity","Pericyte","Other",4,0,0,0,0,"LGALS9B","log1p of counts scaled to 10,000"
"GSE172577","SYSMH1","SYSMH1","primary_tumor","oral_cavity","T cell","Other",132,0,0,0,0,"LGALS9B","log1p of counts scaled to 10,000"
"GSE172577","SYSMH1","SYSMH1","primary_tumor","oral_cavity","B/Plasma","Other",13,0,0,0,0,"LGALS9B","log1p of counts scaled to 10,000"
"GSE172577","SYSMH1","SYSMH1","primary_tumor","oral_cavity","Myeloid","Other",153,0,0,0,0,"LGALS9B","log1p of counts scaled to 10,000"
"GSE172577","SYSMH1","SYSMH1","primary_tumor","oral_cavity","Mast","Other",21,0,0,0,0,"LGALS9B","log1p of counts scaled to 10,000"
"GSE172577","SYSMH1","SYSMH1","primary_tumor","oral_cavity","Unassigned","Other",6,0,0,0,0,"LGALS9B","log1p of counts scaled to 10,000"
"GSE172577","SYSMH2","SYSMH2","primary_tumor","oral_cavity","Epithelial","Tumor epithelial (marker-defined)",4886,300,6.13999181334425,0.0233892797080119,0,"LGALS9B","log1p of counts scaled to 10,000"
"GSE172577","SYSMH2","SYSMH2","primary_tumor","oral_cavity","Fibroblast","Other",150,1,0.666666666666667,0.00366229964806265,0,"LGALS9B","log1p of counts scaled to 10,000"
"GSE172577","SYSMH2","SYSMH2","primary_tumor","oral_cavity","Endothelial","Other",289,0,0,0,0,"LGALS9B","log1p of counts scaled to 10,000"
"GSE172577","SYSMH2","SYSMH2","primary_tumor","oral_cavity","Pericyte","Other",66,0,0,0,0,"LGALS9B","log1p of counts scaled to 10,000"
"GSE172577","SYSMH2","SYSMH2","primary_tumor","oral_cavity","T cell","Other",3012,5,0.166002656042497,0.0028459596272779,0,"LGALS9B","log1p of counts scaled to 10,000"
"GSE172577","SYSMH2","SYSMH2","primary_tumor","oral_cavity","B/Plasma","Other",389,3,0.77120822622108,0.00704821965317258,0,"LGALS9B","log1p of counts scaled to 10,000"
"GSE172577","SYSMH2","SYSMH2","primary_tumor","oral_cavity","Myeloid","Other",776,2,0.257731958762887,0.00192926124322432,0,"LGALS9B","log1p of counts scaled to 10,000"
"GSE172577","SYSMH2","SYSMH2","primary_tumor","oral_cavity","Mast","Other",325,0,0,0,0,"LGALS9B","log1p of counts scaled to 10,000"
"GSE172577","SYSMH2","SYSMH2","primary_tumor","oral_cavity","Unassigned","Other",48,3,6.25,0.0734193944064511,0,"LGALS9B","log1p of counts scaled to 10,000"
"GSE172577","SYSMH3","SYSMH3","primary_tumor","oral_cavity","Epithelial","Tumor epithelial (marker-defined)",5576,672,12.051649928264,0.0448503784825567,0,"LGALS9B","log1p of counts scaled to 10,000"
"GSE172577","SYSMH3","SYSMH3","primary_tumor","oral_cavity","Fibroblast","Other",87,1,1.14942528735632,0.0148810035652431,0,"LGALS9B","log1p of counts scaled to 10,000"
"GSE172577","SYSMH3","SYSMH3","primary_tumor","oral_cavity","Endothelial","Other",196,1,0.510204081632653,0.00285868553762243,0,"LGALS9B","log1p of counts scaled to 10,000"
"GSE172577","SYSMH3","SYSMH3","primary_tumor","oral_cavity","Pericyte","Other",21,0,0,0,0,"LGALS9B","log1p of counts scaled to 10,000"
"GSE172577","SYSMH3","SYSMH3","primary_tumor","oral_cavity","T cell","Other",308,0,0,0,0,"LGALS9B","log1p of counts scaled to 10,000"
"GSE172577","SYSMH3","SYSMH3","primary_tumor","oral_cavity","B/Plasma","Other",80,1,1.25,0.009543543520723,0,"LGALS9B","log1p of counts scaled to 10,000"
"GSE172577","SYSMH3","SYSMH3","primary_tumor","oral_cavity","Myeloid","Other",389,1,0.25706940874036,0.00180863066622517,0,"LGALS9B","log1p of counts scaled to 10,000"
"GSE172577","SYSMH3","SYSMH3","primary_tumor","oral_cavity","Mast","Other",14,0,0,0,0,"LGALS9B","log1p of counts scaled to 10,000"
"GSE172577","SYSMH4","SYSMH4","primary_tumor","oral_cavity","Epithelial","Tumor epithelial (marker-defined)",10443,399,3.82074116633151,0.0251732341258966,0,"LGALS9B","log1p of counts scaled to 10,000"
"GSE172577","SYSMH4","SYSMH4","primary_tumor","oral_cavity","Fibroblast","Other",30,0,0,0,0,"LGALS9B","log1p of counts scaled to 10,000"
"GSE172577","SYSMH4","SYSMH4","primary_tumor","oral_cavity","Endothelial","Other",66,0,0,0,0,"LGALS9B","log1p of counts scaled to 10,000"
"GSE172577","SYSMH4","SYSMH4","primary_tumor","oral_cavity","Pericyte","Other",25,0,0,0,0,"LGALS9B","log1p of counts scaled to 10,000"
"GSE172577","SYSMH4","SYSMH4","primary_tumor","oral_cavity","T cell","Other",141,0,0,0,0,"LGALS9B","log1p of counts scaled to 10,000"
"GSE172577","SYSMH4","SYSMH4","primary_tumor","oral_cavity","B/Plasma","Other",1,0,0,0,0,"LGALS9B","log1p of counts scaled to 10,000"
"GSE172577","SYSMH4","SYSMH4","primary_tumor","oral_cavity","Myeloid","Other",164,0,0,0,0,"LGALS9B","log1p of counts scaled to 10,000"
"GSE172577","SYSMH4","SYSMH4","primary_tumor","oral_cavity","Mast","Other",10,0,0,0,0,"LGALS9B","log1p of counts scaled to 10,000"
"GSE172577","SYSMH4","SYSMH4","primary_tumor","oral_cavity","Unassigned","Other",2,0,0,0,0,"LGALS9B","log1p of counts scaled to 10,000"
"GSE172577","SYSMH5","SYSMH5","primary_tumor","oral_cavity","Epithelial","Tumor epithelial (marker-defined)",8563,254,2.96625014597688,0.0194415357546643,0,"LGALS9B","log1p of counts scaled to 10,000"
"GSE172577","SYSMH5","SYSMH5","primary_tumor","oral_cavity","Fibroblast","Other",819,2,0.244200244200244,0.00271829898645516,0,"LGALS9B","log1p of counts scaled to 10,000"
"GSE172577","SYSMH5","SYSMH5","primary_tumor","oral_cavity","Endothelial","Other",79,0,0,0,0,"LGALS9B","log1p of counts scaled to 10,000"
"GSE172577","SYSMH5","SYSMH5","primary_tumor","oral_cavity","Pericyte","Other",21,0,0,0,0,"LGALS9B","log1p of counts scaled to 10,000"
"GSE172577","SYSMH5","SYSMH5","primary_tumor","oral_cavity","T cell","Other",24,0,0,0,0,"LGALS9B","log1p of counts scaled to 10,000"
"GSE172577","SYSMH5","SYSMH5","primary_tumor","oral_cavity","B/Plasma","Other",9,0,0,0,0,"LGALS9B","log1p of counts scaled to 10,000"
"GSE172577","SYSMH5","SYSMH5","primary_tumor","oral_cavity","Myeloid","Other",486,0,0,0,0,"LGALS9B","log1p of counts scaled to 10,000"
"GSE172577","SYSMH5","SYSMH5","primary_tumor","oral_cavity","Mast","Other",89,0,0,0,0,"LGALS9B","log1p of counts scaled to 10,000"
"GSE172577","SYSMH6","SYSMH6","primary_tumor","oral_cavity","Epithelial","Tumor epithelial (marker-defined)",2433,97,3.98684751335799,0.0128296432144873,0,"LGALS9B","log1p of counts scaled to 10,000"
"GSE172577","SYSMH6","SYSMH6","primary_tumor","oral_cavity","Fibroblast","Other",532,3,0.56390977443609,0.0051946649186446,0,"LGALS9B","log1p of counts scaled to 10,000"
"GSE172577","SYSMH6","SYSMH6","primary_tumor","oral_cavity","Endothelial","Other",203,0,0,0,0,"LGALS9B","log1p of counts scaled to 10,000"
"GSE172577","SYSMH6","SYSMH6","primary_tumor","oral_cavity","Pericyte","Other",530,0,0,0,0,"LGALS9B","log1p of counts scaled to 10,000"
"GSE172577","SYSMH6","SYSMH6","primary_tumor","oral_cavity","T cell","Other",899,2,0.222469410456062,0.00319123679044091,0,"LGALS9B","log1p of counts scaled to 10,000"
"GSE172577","SYSMH6","SYSMH6","primary_tumor","oral_cavity","B/Plasma","Other",1200,4,0.333333333333333,0.00326185547212203,0,"LGALS9B","log1p of counts scaled to 10,000"
"GSE172577","SYSMH6","SYSMH6","primary_tumor","oral_cavity","Myeloid","Other",4201,15,0.357057843370626,0.00215663669640211,0,"LGALS9B","log1p of counts scaled to 10,000"
"GSE172577","SYSMH6","SYSMH6","primary_tumor","oral_cavity","Mast","Other",190,4,2.10526315789474,0.0226538671107801,0,"LGALS9B","log1p of counts scaled to 10,000"
"GSE172577","SYSMH6","SYSMH6","primary_tumor","oral_cavity","Unassigned","Other",402,3,0.746268656716418,0.00684638324183601,0,"LGALS9B","log1p of counts scaled to 10,000"
"GSE172577","SYSMH1","SYSMH1","primary_tumor","oral_cavity","Epithelial","Tumor epithelial (marker-defined)",9286,13,0.139995692440233,0.000633120829895446,0,"LGALS9C","log1p of counts scaled to 10,000"
"GSE172577","SYSMH1","SYSMH1","primary_tumor","oral_cavity","Fibroblast","Other",109,0,0,0,0,"LGALS9C","log1p of counts scaled to 10,000"
"GSE172577","SYSMH1","SYSMH1","primary_tumor","oral_cavity","Endothelial","Other",9,0,0,0,0,"LGALS9C","log1p of counts scaled to 10,000"
"GSE172577","SYSMH1","SYSMH1","primary_tumor","oral_cavity","Pericyte","Other",4,0,0,0,0,"LGALS9C","log1p of counts scaled to 10,000"
"GSE172577","SYSMH1","SYSMH1","primary_tumor","oral_cavity","T cell","Other",132,0,0,0,0,"LGALS9C","log1p of counts scaled to 10,000"
"GSE172577","SYSMH1","SYSMH1","primary_tumor","oral_cavity","B/Plasma","Other",13,0,0,0,0,"LGALS9C","log1p of counts scaled to 10,000"
"GSE172577","SYSMH1","SYSMH1","primary_tumor","oral_cavity","Myeloid","Other",153,1,0.65359477124183,0.00352967472689186,0,"LGALS9C","log1p of counts scaled to 10,000"
"GSE172577","SYSMH1","SYSMH1","primary_tumor","oral_cavity","Mast","Other",21,0,0,0,0,"LGALS9C","log1p of counts scaled to 10,000"
"GSE172577","SYSMH1","SYSMH1","primary_tumor","oral_cavity","Unassigned","Other",6,0,0,0,0,"LGALS9C","log1p of counts scaled to 10,000"
"GSE172577","SYSMH2","SYSMH2","primary_tumor","oral_cavity","Epithelial","Tumor epithelial (marker-defined)",4886,64,1.30986492018011,0.00593437446779526,0,"LGALS9C","log1p of counts scaled to 10,000"
"GSE172577","SYSMH2","SYSMH2","primary_tumor","oral_cavity","Fibroblast","Other",150,0,0,0,0,"LGALS9C","log1p of counts scaled to 10,000"
"GSE172577","SYSMH2","SYSMH2","primary_tumor","oral_cavity","Endothelial","Other",289,0,0,0,0,"LGALS9C","log1p of counts scaled to 10,000"
"GSE172577","SYSMH2","SYSMH2","primary_tumor","oral_cavity","Pericyte","Other",66,0,0,0,0,"LGALS9C","log1p of counts scaled to 10,000"
"GSE172577","SYSMH2","SYSMH2","primary_tumor","oral_cavity","T cell","Other",3012,4,0.132802124833997,0.00158823016505742,0,"LGALS9C","log1p of counts scaled to 10,000"
"GSE172577","SYSMH2","SYSMH2","primary_tumor","oral_cavity","B/Plasma","Other",389,0,0,0,0,"LGALS9C","log1p of counts scaled to 10,000"
"GSE172577","SYSMH2","SYSMH2","primary_tumor","oral_cavity","Myeloid","Other",776,0,0,0,0,"LGALS9C","log1p of counts scaled to 10,000"
"GSE172577","SYSMH2","SYSMH2","primary_tumor","oral_cavity","Mast","Other",325,0,0,0,0,"LGALS9C","log1p of counts scaled to 10,000"
"GSE172577","SYSMH2","SYSMH2","primary_tumor","oral_cavity","Unassigned","Other",48,0,0,0,0,"LGALS9C","log1p of counts scaled to 10,000"
"GSE172577","SYSMH3","SYSMH3","primary_tumor","oral_cavity","Epithelial","Tumor epithelial (marker-defined)",5576,615,11.0294117647059,0.0465930294646384,0,"LGALS9C","log1p of counts scaled to 10,000"
"GSE172577","SYSMH3","SYSMH3","primary_tumor","oral_cavity","Fibroblast","Other",87,1,1.14942528735632,0.0105858172901108,0,"LGALS9C","log1p of counts scaled to 10,000"
"GSE172577","SYSMH3","SYSMH3","primary_tumor","oral_cavity","Endothelial","Other",196,0,0,0,0,"LGALS9C","log1p of counts scaled to 10,000"
"GSE172577","SYSMH3","SYSMH3","primary_tumor","oral_cavity","Pericyte","Other",21,0,0,0,0,"LGALS9C","log1p of counts scaled to 10,000"
"GSE172577","SYSMH3","SYSMH3","primary_tumor","oral_cavity","T cell","Other",308,2,0.649350649350649,0.00887264274423366,0,"LGALS9C","log1p of counts scaled to 10,000"
"GSE172577","SYSMH3","SYSMH3","primary_tumor","oral_cavity","B/Plasma","Other",80,0,0,0,0,"LGALS9C","log1p of counts scaled to 10,000"
"GSE172577","SYSMH3","SYSMH3","primary_tumor","oral_cavity","Myeloid","Other",389,0,0,0,0,"LGALS9C","log1p of counts scaled to 10,000"
"GSE172577","SYSMH3","SYSMH3","primary_tumor","oral_cavity","Mast","Other",14,1,7.14285714285714,0.0588619763126285,0,"LGALS9C","log1p of counts scaled to 10,000"
"GSE172577","SYSMH4","SYSMH4","primary_tumor","oral_cavity","Epithelial","Tumor epithelial (marker-defined)",10443,281,2.69079766350666,0.0164499013726275,0,"LGALS9C","log1p of counts scaled to 10,000"
"GSE172577","SYSMH4","SYSMH4","primary_tumor","oral_cavity","Fibroblast","Other",30,0,0,0,0,"LGALS9C","log1p of counts scaled to 10,000"
"GSE172577","SYSMH4","SYSMH4","primary_tumor","oral_cavity","Endothelial","Other",66,0,0,0,0,"LGALS9C","log1p of counts scaled to 10,000"
"GSE172577","SYSMH4","SYSMH4","primary_tumor","oral_cavity","Pericyte","Other",25,0,0,0,0,"LGALS9C","log1p of counts scaled to 10,000"
"GSE172577","SYSMH4","SYSMH4","primary_tumor","oral_cavity","T cell","Other",141,0,0,0,0,"LGALS9C","log1p of counts scaled to 10,000"
"GSE172577","SYSMH4","SYSMH4","primary_tumor","oral_cavity","B/Plasma","Other",1,0,0,0,0,"LGALS9C","log1p of counts scaled to 10,000"
"GSE172577","SYSMH4","SYSMH4","primary_tumor","oral_cavity","Myeloid","Other",164,0,0,0,0,"LGALS9C","log1p of counts scaled to 10,000"
"GSE172577","SYSMH4","SYSMH4","primary_tumor","oral_cavity","Mast","Other",10,0,0,0,0,"LGALS9C","log1p of counts scaled to 10,000"
"GSE172577","SYSMH4","SYSMH4","primary_tumor","oral_cavity","Unassigned","Other",2,0,0,0,0,"LGALS9C","log1p of counts scaled to 10,000"
"GSE172577","SYSMH5","SYSMH5","primary_tumor","oral_cavity","Epithelial","Tumor epithelial (marker-defined)",8563,170,1.98528553077193,0.0130032518472378,0,"LGALS9C","log1p of counts scaled to 10,000"
"GSE172577","SYSMH5","SYSMH5","primary_tumor","oral_cavity","Fibroblast","Other",819,0,0,0,0,"LGALS9C","log1p of counts scaled to 10,000"
"GSE172577","SYSMH5","SYSMH5","primary_tumor","oral_cavity","Endothelial","Other",79,0,0,0,0,"LGALS9C","log1p of counts scaled to 10,000"
"GSE172577","SYSMH5","SYSMH5","primary_tumor","oral_cavity","Pericyte","Other",21,0,0,0,0,"LGALS9C","log1p of counts scaled to 10,000"
"GSE172577","SYSMH5","SYSMH5","primary_tumor","oral_cavity","T cell","Other",24,0,0,0,0,"LGALS9C","log1p of counts scaled to 10,000"
"GSE172577","SYSMH5","SYSMH5","primary_tumor","oral_cavity","B/Plasma","Other",9,0,0,0,0,"LGALS9C","log1p of counts scaled to 10,000"
"GSE172577","SYSMH5","SYSMH5","primary_tumor","oral_cavity","Myeloid","Other",486,0,0,0,0,"LGALS9C","log1p of counts scaled to 10,000"
"GSE172577","SYSMH5","SYSMH5","primary_tumor","oral_cavity","Mast","Other",89,0,0,0,0,"LGALS9C","log1p of counts scaled to 10,000"
"GSE172577","SYSMH6","SYSMH6","primary_tumor","oral_cavity","Epithelial","Tumor epithelial (marker-defined)",2433,150,6.1652281134402,0.0223846688609325,0,"LGALS9C","log1p of counts scaled to 10,000"
"GSE172577","SYSMH6","SYSMH6","primary_tumor","oral_cavity","Fibroblast","Other",532,0,0,0,0,"LGALS9C","log1p of counts scaled to 10,000"
"GSE172577","SYSMH6","SYSMH6","primary_tumor","oral_cavity","Endothelial","Other",203,1,0.492610837438424,0.00211306406584543,0,"LGALS9C","log1p of counts scaled to 10,000"
"GSE172577","SYSMH6","SYSMH6","primary_tumor","oral_cavity","Pericyte","Other",530,4,0.754716981132076,0.00593655698263411,0,"LGALS9C","log1p of counts scaled to 10,000"
"GSE172577","SYSMH6","SYSMH6","primary_tumor","oral_cavity","T cell","Other",899,4,0.444938820912125,0.00678018294484957,0,"LGALS9C","log1p of counts scaled to 10,000"
"GSE172577","SYSMH6","SYSMH6","primary_tumor","oral_cavity","B/Plasma","Other",1200,7,0.583333333333333,0.00303890147665364,0,"LGALS9C","log1p of counts scaled to 10,000"
"GSE172577","SYSMH6","SYSMH6","primary_tumor","oral_cavity","Myeloid","Other",4201,30,0.714115686741252,0.00398108896549226,0,"LGALS9C","log1p of counts scaled to 10,000"
"GSE172577","SYSMH6","SYSMH6","primary_tumor","oral_cavity","Mast","Other",190,5,2.63157894736842,0.0304436465883879,0,"LGALS9C","log1p of counts scaled to 10,000"
"GSE172577","SYSMH6","SYSMH6","primary_tumor","oral_cavity","Unassigned","Other",402,6,1.49253731343284,0.0148723635655302,0,"LGALS9C","log1p of counts scaled to 10,000"
"GSE172577","SYSMH1","SYSMH1","primary_tumor","oral_cavity","Epithelial","Tumor epithelial (marker-defined)",9286,0,0,0,0,"LGALS12","log1p of counts scaled to 10,000"
"GSE172577","SYSMH1","SYSMH1","primary_tumor","oral_cavity","Fibroblast","Other",109,0,0,0,0,"LGALS12","log1p of counts scaled to 10,000"
"GSE172577","SYSMH1","SYSMH1","primary_tumor","oral_cavity","Endothelial","Other",9,0,0,0,0,"LGALS12","log1p of counts scaled to 10,000"
"GSE172577","SYSMH1","SYSMH1","primary_tumor","oral_cavity","Pericyte","Other",4,0,0,0,0,"LGALS12","log1p of counts scaled to 10,000"
"GSE172577","SYSMH1","SYSMH1","primary_tumor","oral_cavity","T cell","Other",132,0,0,0,0,"LGALS12","log1p of counts scaled to 10,000"
"GSE172577","SYSMH1","SYSMH1","primary_tumor","oral_cavity","B/Plasma","Other",13,0,0,0,0,"LGALS12","log1p of counts scaled to 10,000"
"GSE172577","SYSMH1","SYSMH1","primary_tumor","oral_cavity","Myeloid","Other",153,0,0,0,0,"LGALS12","log1p of counts scaled to 10,000"
"GSE172577","SYSMH1","SYSMH1","primary_tumor","oral_cavity","Mast","Other",21,0,0,0,0,"LGALS12","log1p of counts scaled to 10,000"
"GSE172577","SYSMH1","SYSMH1","primary_tumor","oral_cavity","Unassigned","Other",6,0,0,0,0,"LGALS12","log1p of counts scaled to 10,000"
"GSE172577","SYSMH2","SYSMH2","primary_tumor","oral_cavity","Epithelial","Tumor epithelial (marker-defined)",4886,4,0.0818665575112567,0.000219293816750567,0,"LGALS12","log1p of counts scaled to 10,000"
"GSE172577","SYSMH2","SYSMH2","primary_tumor","oral_cavity","Fibroblast","Other",150,0,0,0,0,"LGALS12","log1p of counts scaled to 10,000"
"GSE172577","SYSMH2","SYSMH2","primary_tumor","oral_cavity","Endothelial","Other",289,0,0,0,0,"LGALS12","log1p of counts scaled to 10,000"
"GSE172577","SYSMH2","SYSMH2","primary_tumor","oral_cavity","Pericyte","Other",66,1,1.51515151515152,0.0104136200127637,0,"LGALS12","log1p of counts scaled to 10,000"
"GSE172577","SYSMH2","SYSMH2","primary_tumor","oral_cavity","T cell","Other",3012,6,0.199203187250996,0.00272211244482234,0,"LGALS12","log1p of counts scaled to 10,000"
"GSE172577","SYSMH2","SYSMH2","primary_tumor","oral_cavity","B/Plasma","Other",389,0,0,0,0,"LGALS12","log1p of counts scaled to 10,000"
"GSE172577","SYSMH2","SYSMH2","primary_tumor","oral_cavity","Myeloid","Other",776,0,0,0,0,"LGALS12","log1p of counts scaled to 10,000"
"GSE172577","SYSMH2","SYSMH2","primary_tumor","oral_cavity","Mast","Other",325,1,0.307692307692308,0.00192898978692126,0,"LGALS12","log1p of counts scaled to 10,000"
"GSE172577","SYSMH2","SYSMH2","primary_tumor","oral_cavity","Unassigned","Other",48,0,0,0,0,"LGALS12","log1p of counts scaled to 10,000"
"GSE172577","SYSMH3","SYSMH3","primary_tumor","oral_cavity","Epithelial","Tumor epithelial (marker-defined)",5576,1,0.0179340028694405,0.000104925025088023,0,"LGALS12","log1p of counts scaled to 10,000"
"GSE172577","SYSMH3","SYSMH3","primary_tumor","oral_cavity","Fibroblast","Other",87,0,0,0,0,"LGALS12","log1p of counts scaled to 10,000"
"GSE172577","SYSMH3","SYSMH3","primary_tumor","oral_cavity","Endothelial","Other",196,0,0,0,0,"LGALS12","log1p of counts scaled to 10,000"
"GSE172577","SYSMH3","SYSMH3","primary_tumor","oral_cavity","Pericyte","Other",21,0,0,0,0,"LGALS12","log1p of counts scaled to 10,000"
"GSE172577","SYSMH3","SYSMH3","primary_tumor","oral_cavity","T cell","Other",308,0,0,0,0,"LGALS12","log1p of counts scaled to 10,000"
"GSE172577","SYSMH3","SYSMH3","primary_tumor","oral_cavity","B/Plasma","Other",80,0,0,0,0,"LGALS12","log1p of counts scaled to 10,000"
"GSE172577","SYSMH3","SYSMH3","primary_tumor","oral_cavity","Myeloid","Other",389,1,0.25706940874036,0.00348226557992785,0,"LGALS12","log1p of counts scaled to 10,000"
"GSE172577","SYSMH3","SYSMH3","primary_tumor","oral_cavity","Mast","Other",14,0,0,0,0,"LGALS12","log1p of counts scaled to 10,000"
"GSE172577","SYSMH4","SYSMH4","primary_tumor","oral_cavity","Epithelial","Tumor epithelial (marker-defined)",10443,0,0,0,0,"LGALS12","log1p of counts scaled to 10,000"
"GSE172577","SYSMH4","SYSMH4","primary_tumor","oral_cavity","Fibroblast","Other",30,0,0,0,0,"LGALS12","log1p of counts scaled to 10,000"
"GSE172577","SYSMH4","SYSMH4","primary_tumor","oral_cavity","Endothelial","Other",66,0,0,0,0,"LGALS12","log1p of counts scaled to 10,000"
"GSE172577","SYSMH4","SYSMH4","primary_tumor","oral_cavity","Pericyte","Other",25,0,0,0,0,"LGALS12","log1p of counts scaled to 10,000"
"GSE172577","SYSMH4","SYSMH4","primary_tumor","oral_cavity","T cell","Other",141,0,0,0,0,"LGALS12","log1p of counts scaled to 10,000"
"GSE172577","SYSMH4","SYSMH4","primary_tumor","oral_cavity","B/Plasma","Other",1,0,0,0,0,"LGALS12","log1p of counts scaled to 10,000"
"GSE172577","SYSMH4","SYSMH4","primary_tumor","oral_cavity","Myeloid","Other",164,0,0,0,0,"LGALS12","log1p of counts scaled to 10,000"
"GSE172577","SYSMH4","SYSMH4","primary_tumor","oral_cavity","Mast","Other",10,0,0,0,0,"LGALS12","log1p of counts scaled to 10,000"
"GSE172577","SYSMH4","SYSMH4","primary_tumor","oral_cavity","Unassigned","Other",2,0,0,0,0,"LGALS12","log1p of counts scaled to 10,000"
"GSE172577","SYSMH5","SYSMH5","primary_tumor","oral_cavity","Epithelial","Tumor epithelial (marker-defined)",8563,18,0.210206703258204,0.00131585959949368,0,"LGALS12","log1p of counts scaled to 10,000"
"GSE172577","SYSMH5","SYSMH5","primary_tumor","oral_cavity","Fibroblast","Other",819,0,0,0,0,"LGALS12","log1p of counts scaled to 10,000"
"GSE172577","SYSMH5","SYSMH5","primary_tumor","oral_cavity","Endothelial","Other",79,0,0,0,0,"LGALS12","log1p of counts scaled to 10,000"
"GSE172577","SYSMH5","SYSMH5","primary_tumor","oral_cavity","Pericyte","Other",21,0,0,0,0,"LGALS12","log1p of counts scaled to 10,000"
"GSE172577","SYSMH5","SYSMH5","primary_tumor","oral_cavity","T cell","Other",24,0,0,0,0,"LGALS12","log1p of counts scaled to 10,000"
"GSE172577","SYSMH5","SYSMH5","primary_tumor","oral_cavity","B/Plasma","Other",9,0,0,0,0,"LGALS12","log1p of counts scaled to 10,000"
"GSE172577","SYSMH5","SYSMH5","primary_tumor","oral_cavity","Myeloid","Other",486,1,0.205761316872428,0.00327329420341222,0,"LGALS12","log1p of counts scaled to 10,000"
"GSE172577","SYSMH5","SYSMH5","primary_tumor","oral_cavity","Mast","Other",89,0,0,0,0,"LGALS12","log1p of counts scaled to 10,000"
"GSE172577","SYSMH6","SYSMH6","primary_tumor","oral_cavity","Epithelial","Tumor epithelial (marker-defined)",2433,0,0,0,0,"LGALS12","log1p of counts scaled to 10,000"
"GSE172577","SYSMH6","SYSMH6","primary_tumor","oral_cavity","Fibroblast","Other",532,1,0.18796992481203,0.00169143265016954,0,"LGALS12","log1p of counts scaled to 10,000"
"GSE172577","SYSMH6","SYSMH6","primary_tumor","oral_cavity","Endothelial","Other",203,0,0,0,0,"LGALS12","log1p of counts scaled to 10,000"
"GSE172577","SYSMH6","SYSMH6","primary_tumor","oral_cavity","Pericyte","Other",530,0,0,0,0,"LGALS12","log1p of counts scaled to 10,000"
"GSE172577","SYSMH6","SYSMH6","primary_tumor","oral_cavity","T cell","Other",899,1,0.111234705228031,0.00162144543602208,0,"LGALS12","log1p of counts scaled to 10,000"
"GSE172577","SYSMH6","SYSMH6","primary_tumor","oral_cavity","B/Plasma","Other",1200,0,0,0,0,"LGALS12","log1p of counts scaled to 10,000"
"GSE172577","SYSMH6","SYSMH6","primary_tumor","oral_cavity","Myeloid","Other",4201,4,0.0952154248988336,0.00076241857610117,0,"LGALS12","log1p of counts scaled to 10,000"
"GSE172577","SYSMH6","SYSMH6","primary_tumor","oral_cavity","Mast","Other",190,0,0,0,0,"LGALS12","log1p of counts scaled to 10,000"
"GSE172577","SYSMH6","SYSMH6","primary_tumor","oral_cavity","Unassigned","Other",402,0,0,0,0,"LGALS12","log1p of counts scaled to 10,000"
"GSE172577","SYSMH1","SYSMH1","primary_tumor","oral_cavity","Epithelial","Tumor epithelial (marker-defined)",9286,0,0,0,0,"LGALS13","log1p of counts scaled to 10,000"
"GSE172577","SYSMH1","SYSMH1","primary_tumor","oral_cavity","Fibroblast","Other",109,0,0,0,0,"LGALS13","log1p of counts scaled to 10,000"
"GSE172577","SYSMH1","SYSMH1","primary_tumor","oral_cavity","Endothelial","Other",9,0,0,0,0,"LGALS13","log1p of counts scaled to 10,000"
"GSE172577","SYSMH1","SYSMH1","primary_tumor","oral_cavity","Pericyte","Other",4,0,0,0,0,"LGALS13","log1p of counts scaled to 10,000"
"GSE172577","SYSMH1","SYSMH1","primary_tumor","oral_cavity","T cell","Other",132,0,0,0,0,"LGALS13","log1p of counts scaled to 10,000"
"GSE172577","SYSMH1","SYSMH1","primary_tumor","oral_cavity","B/Plasma","Other",13,0,0,0,0,"LGALS13","log1p of counts scaled to 10,000"
"GSE172577","SYSMH1","SYSMH1","primary_tumor","oral_cavity","Myeloid","Other",153,0,0,0,0,"LGALS13","log1p of counts scaled to 10,000"
"GSE172577","SYSMH1","SYSMH1","primary_tumor","oral_cavity","Mast","Other",21,0,0,0,0,"LGALS13","log1p of counts scaled to 10,000"
"GSE172577","SYSMH1","SYSMH1","primary_tumor","oral_cavity","Unassigned","Other",6,0,0,0,0,"LGALS13","log1p of counts scaled to 10,000"
"GSE172577","SYSMH2","SYSMH2","primary_tumor","oral_cavity","Epithelial","Tumor epithelial (marker-defined)",4886,0,0,0,0,"LGALS13","log1p of counts scaled to 10,000"
"GSE172577","SYSMH2","SYSMH2","primary_tumor","oral_cavity","Fibroblast","Other",150,0,0,0,0,"LGALS13","log1p of counts scaled to 10,000"
"GSE172577","SYSMH2","SYSMH2","primary_tumor","oral_cavity","Endothelial","Other",289,0,0,0,0,"LGALS13","log1p of counts scaled to 10,000"
"GSE172577","SYSMH2","SYSMH2","primary_tumor","oral_cavity","Pericyte","Other",66,0,0,0,0,"LGALS13","log1p of counts scaled to 10,000"
"GSE172577","SYSMH2","SYSMH2","primary_tumor","oral_cavity","T cell","Other",3012,0,0,0,0,"LGALS13","log1p of counts scaled to 10,000"
"GSE172577","SYSMH2","SYSMH2","primary_tumor","oral_cavity","B/Plasma","Other",389,0,0,0,0,"LGALS13","log1p of counts scaled to 10,000"
"GSE172577","SYSMH2","SYSMH2","primary_tumor","oral_cavity","Myeloid","Other",776,0,0,0,0,"LGALS13","log1p of counts scaled to 10,000"
"GSE172577","SYSMH2","SYSMH2","primary_tumor","oral_cavity","Mast","Other",325,0,0,0,0,"LGALS13","log1p of counts scaled to 10,000"
"GSE172577","SYSMH2","SYSMH2","primary_tumor","oral_cavity","Unassigned","Other",48,0,0,0,0,"LGALS13","log1p of counts scaled to 10,000"
"GSE172577","SYSMH3","SYSMH3","primary_tumor","oral_cavity","Epithelial","Tumor epithelial (marker-defined)",5576,0,0,0,0,"LGALS13","log1p of counts scaled to 10,000"
"GSE172577","SYSMH3","SYSMH3","primary_tumor","oral_cavity","Fibroblast","Other",87,0,0,0,0,"LGALS13","log1p of counts scaled to 10,000"
"GSE172577","SYSMH3","SYSMH3","primary_tumor","oral_cavity","Endothelial","Other",196,0,0,0,0,"LGALS13","log1p of counts scaled to 10,000"
"GSE172577","SYSMH3","SYSMH3","primary_tumor","oral_cavity","Pericyte","Other",21,0,0,0,0,"LGALS13","log1p of counts scaled to 10,000"
"GSE172577","SYSMH3","SYSMH3","primary_tumor","oral_cavity","T cell","Other",308,0,0,0,0,"LGALS13","log1p of counts scaled to 10,000"
"GSE172577","SYSMH3","SYSMH3","primary_tumor","oral_cavity","B/Plasma","Other",80,0,0,0,0,"LGALS13","log1p of counts scaled to 10,000"
"GSE172577","SYSMH3","SYSMH3","primary_tumor","oral_cavity","Myeloid","Other",389,0,0,0,0,"LGALS13","log1p of counts scaled to 10,000"
"GSE172577","SYSMH3","SYSMH3","primary_tumor","oral_cavity","Mast","Other",14,0,0,0,0,"LGALS13","log1p of counts scaled to 10,000"
"GSE172577","SYSMH4","SYSMH4","primary_tumor","oral_cavity","Epithelial","Tumor epithelial (marker-defined)",10443,0,0,0,0,"LGALS13","log1p of counts scaled to 10,000"
"GSE172577","SYSMH4","SYSMH4","primary_tumor","oral_cavity","Fibroblast","Other",30,0,0,0,0,"LGALS13","log1p of counts scaled to 10,000"
"GSE172577","SYSMH4","SYSMH4","primary_tumor","oral_cavity","Endothelial","Other",66,0,0,0,0,"LGALS13","log1p of counts scaled to 10,000"
"GSE172577","SYSMH4","SYSMH4","primary_tumor","oral_cavity","Pericyte","Other",25,0,0,0,0,"LGALS13","log1p of counts scaled to 10,000"
"GSE172577","SYSMH4","SYSMH4","primary_tumor","oral_cavity","T cell","Other",141,0,0,0,0,"LGALS13","log1p of counts scaled to 10,000"
"GSE172577","SYSMH4","SYSMH4","primary_tumor","oral_cavity","B/Plasma","Other",1,0,0,0,0,"LGALS13","log1p of counts scaled to 10,000"
"GSE172577","SYSMH4","SYSMH4","primary_tumor","oral_cavity","Myeloid","Other",164,0,0,0,0,"LGALS13","log1p of counts scaled to 10,000"
"GSE172577","SYSMH4","SYSMH4","primary_tumor","oral_cavity","Mast","Other",10,0,0,0,0,"LGALS13","log1p of counts scaled to 10,000"
"GSE172577","SYSMH4","SYSMH4","primary_tumor","oral_cavity","Unassigned","Other",2,0,0,0,0,"LGALS13","log1p of counts scaled to 10,000"
"GSE172577","SYSMH5","SYSMH5","primary_tumor","oral_cavity","Epithelial","Tumor epithelial (marker-defined)",8563,0,0,0,0,"LGALS13","log1p of counts scaled to 10,000"
"GSE172577","SYSMH5","SYSMH5","primary_tumor","oral_cavity","Fibroblast","Other",819,0,0,0,0,"LGALS13","log1p of counts scaled to 10,000"
"GSE172577","SYSMH5","SYSMH5","primary_tumor","oral_cavity","Endothelial","Other",79,0,0,0,0,"LGALS13","log1p of counts scaled to 10,000"
"GSE172577","SYSMH5","SYSMH5","primary_tumor","oral_cavity","Pericyte","Other",21,0,0,0,0,"LGALS13","log1p of counts scaled to 10,000"
"GSE172577","SYSMH5","SYSMH5","primary_tumor","oral_cavity","T cell","Other",24,0,0,0,0,"LGALS13","log1p of counts scaled to 10,000"
"GSE172577","SYSMH5","SYSMH5","primary_tumor","oral_cavity","B/Plasma","Other",9,0,0,0,0,"LGALS13","log1p of counts scaled to 10,000"
"GSE172577","SYSMH5","SYSMH5","primary_tumor","oral_cavity","Myeloid","Other",486,0,0,0,0,"LGALS13","log1p of counts scaled to 10,000"
"GSE172577","SYSMH5","SYSMH5","primary_tumor","oral_cavity","Mast","Other",89,0,0,0,0,"LGALS13","log1p of counts scaled to 10,000"
"GSE172577","SYSMH6","SYSMH6","primary_tumor","oral_cavity","Epithelial","Tumor epithelial (marker-defined)",2433,0,0,0,0,"LGALS13","log1p of counts scaled to 10,000"
"GSE172577","SYSMH6","SYSMH6","primary_tumor","oral_cavity","Fibroblast","Other",532,0,0,0,0,"LGALS13","log1p of counts scaled to 10,000"
"GSE172577","SYSMH6","SYSMH6","primary_tumor","oral_cavity","Endothelial","Other",203,0,0,0,0,"LGALS13","log1p of counts scaled to 10,000"
"GSE172577","SYSMH6","SYSMH6","primary_tumor","oral_cavity","Pericyte","Other",530,0,0,0,0,"LGALS13","log1p of counts scaled to 10,000"
"GSE172577","SYSMH6","SYSMH6","primary_tumor","oral_cavity","T cell","Other",899,0,0,0,0,"LGALS13","log1p of counts scaled to 10,000"
"GSE172577","SYSMH6","SYSMH6","primary_tumor","oral_cavity","B/Plasma","Other",1200,0,0,0,0,"LGALS13","log1p of counts scaled to 10,000"
"GSE172577","SYSMH6","SYSMH6","primary_tumor","oral_cavity","Myeloid","Other",4201,0,0,0,0,"LGALS13","log1p of counts scaled to 10,000"
"GSE172577","SYSMH6","SYSMH6","primary_tumor","oral_cavity","Mast","Other",190,0,0,0,0,"LGALS13","log1p of counts scaled to 10,000"
"GSE172577","SYSMH6","SYSMH6","primary_tumor","oral_cavity","Unassigned","Other",402,0,0,0,0,"LGALS13","log1p of counts scaled to 10,000"
"GSE172577","SYSMH1","SYSMH1","primary_tumor","oral_cavity","Epithelial","Tumor epithelial (marker-defined)",9286,0,0,0,0,"LGALS14","log1p of counts scaled to 10,000"
"GSE172577","SYSMH1","SYSMH1","primary_tumor","oral_cavity","Fibroblast","Other",109,0,0,0,0,"LGALS14","log1p of counts scaled to 10,000"
"GSE172577","SYSMH1","SYSMH1","primary_tumor","oral_cavity","Endothelial","Other",9,0,0,0,0,"LGALS14","log1p of counts scaled to 10,000"
"GSE172577","SYSMH1","SYSMH1","primary_tumor","oral_cavity","Pericyte","Other",4,0,0,0,0,"LGALS14","log1p of counts scaled to 10,000"
"GSE172577","SYSMH1","SYSMH1","primary_tumor","oral_cavity","T cell","Other",132,0,0,0,0,"LGALS14","log1p of counts scaled to 10,000"
"GSE172577","SYSMH1","SYSMH1","primary_tumor","oral_cavity","B/Plasma","Other",13,0,0,0,0,"LGALS14","log1p of counts scaled to 10,000"
"GSE172577","SYSMH1","SYSMH1","primary_tumor","oral_cavity","Myeloid","Other",153,0,0,0,0,"LGALS14","log1p of counts scaled to 10,000"
"GSE172577","SYSMH1","SYSMH1","primary_tumor","oral_cavity","Mast","Other",21,0,0,0,0,"LGALS14","log1p of counts scaled to 10,000"
"GSE172577","SYSMH1","SYSMH1","primary_tumor","oral_cavity","Unassigned","Other",6,0,0,0,0,"LGALS14","log1p of counts scaled to 10,000"
"GSE172577","SYSMH2","SYSMH2","primary_tumor","oral_cavity","Epithelial","Tumor epithelial (marker-defined)",4886,0,0,0,0,"LGALS14","log1p of counts scaled to 10,000"
"GSE172577","SYSMH2","SYSMH2","primary_tumor","oral_cavity","Fibroblast","Other",150,0,0,0,0,"LGALS14","log1p of counts scaled to 10,000"
"GSE172577","SYSMH2","SYSMH2","primary_tumor","oral_cavity","Endothelial","Other",289,0,0,0,0,"LGALS14","log1p of counts scaled to 10,000"
"GSE172577","SYSMH2","SYSMH2","primary_tumor","oral_cavity","Pericyte","Other",66,0,0,0,0,"LGALS14","log1p of counts scaled to 10,000"
"GSE172577","SYSMH2","SYSMH2","primary_tumor","oral_cavity","T cell","Other",3012,0,0,0,0,"LGALS14","log1p of counts scaled to 10,000"
"GSE172577","SYSMH2","SYSMH2","primary_tumor","oral_cavity","B/Plasma","Other",389,0,0,0,0,"LGALS14","log1p of counts scaled to 10,000"
"GSE172577","SYSMH2","SYSMH2","primary_tumor","oral_cavity","Myeloid","Other",776,0,0,0,0,"LGALS14","log1p of counts scaled to 10,000"
"GSE172577","SYSMH2","SYSMH2","primary_tumor","oral_cavity","Mast","Other",325,0,0,0,0,"LGALS14","log1p of counts scaled to 10,000"
"GSE172577","SYSMH2","SYSMH2","primary_tumor","oral_cavity","Unassigned","Other",48,0,0,0,0,"LGALS14","log1p of counts scaled to 10,000"
"GSE172577","SYSMH3","SYSMH3","primary_tumor","oral_cavity","Epithelial","Tumor epithelial (marker-defined)",5576,0,0,0,0,"LGALS14","log1p of counts scaled to 10,000"
"GSE172577","SYSMH3","SYSMH3","primary_tumor","oral_cavity","Fibroblast","Other",87,0,0,0,0,"LGALS14","log1p of counts scaled to 10,000"
"GSE172577","SYSMH3","SYSMH3","primary_tumor","oral_cavity","Endothelial","Other",196,0,0,0,0,"LGALS14","log1p of counts scaled to 10,000"
"GSE172577","SYSMH3","SYSMH3","primary_tumor","oral_cavity","Pericyte","Other",21,0,0,0,0,"LGALS14","log1p of counts scaled to 10,000"
"GSE172577","SYSMH3","SYSMH3","primary_tumor","oral_cavity","T cell","Other",308,0,0,0,0,"LGALS14","log1p of counts scaled to 10,000"
"GSE172577","SYSMH3","SYSMH3","primary_tumor","oral_cavity","B/Plasma","Other",80,0,0,0,0,"LGALS14","log1p of counts scaled to 10,000"
"GSE172577","SYSMH3","SYSMH3","primary_tumor","oral_cavity","Myeloid","Other",389,0,0,0,0,"LGALS14","log1p of counts scaled to 10,000"
"GSE172577","SYSMH3","SYSMH3","primary_tumor","oral_cavity","Mast","Other",14,0,0,0,0,"LGALS14","log1p of counts scaled to 10,000"
"GSE172577","SYSMH4","SYSMH4","primary_tumor","oral_cavity","Epithelial","Tumor epithelial (marker-defined)",10443,1,0.00957579239682084,7.11730158668291e-05,0,"LGALS14","log1p of counts scaled to 10,000"
"GSE172577","SYSMH4","SYSMH4","primary_tumor","oral_cavity","Fibroblast","Other",30,0,0,0,0,"LGALS14","log1p of counts scaled to 10,000"
"GSE172577","SYSMH4","SYSMH4","primary_tumor","oral_cavity","Endothelial","Other",66,0,0,0,0,"LGALS14","log1p of counts scaled to 10,000"
"GSE172577","SYSMH4","SYSMH4","primary_tumor","oral_cavity","Pericyte","Other",25,0,0,0,0,"LGALS14","log1p of counts scaled to 10,000"
"GSE172577","SYSMH4","SYSMH4","primary_tumor","oral_cavity","T cell","Other",141,0,0,0,0,"LGALS14","log1p of counts scaled to 10,000"
"GSE172577","SYSMH4","SYSMH4","primary_tumor","oral_cavity","B/Plasma","Other",1,0,0,0,0,"LGALS14","log1p of counts scaled to 10,000"
"GSE172577","SYSMH4","SYSMH4","primary_tumor","oral_cavity","Myeloid","Other",164,0,0,0,0,"LGALS14","log1p of counts scaled to 10,000"
"GSE172577","SYSMH4","SYSMH4","primary_tumor","oral_cavity","Mast","Other",10,0,0,0,0,"LGALS14","log1p of counts scaled to 10,000"
"GSE172577","SYSMH4","SYSMH4","primary_tumor","oral_cavity","Unassigned","Other",2,0,0,0,0,"LGALS14","log1p of counts scaled to 10,000"
"GSE172577","SYSMH5","SYSMH5","primary_tumor","oral_cavity","Epithelial","Tumor epithelial (marker-defined)",8563,0,0,0,0,"LGALS14","log1p of counts scaled to 10,000"
"GSE172577","SYSMH5","SYSMH5","primary_tumor","oral_cavity","Fibroblast","Other",819,0,0,0,0,"LGALS14","log1p of counts scaled to 10,000"
"GSE172577","SYSMH5","SYSMH5","primary_tumor","oral_cavity","Endothelial","Other",79,0,0,0,0,"LGALS14","log1p of counts scaled to 10,000"
"GSE172577","SYSMH5","SYSMH5","primary_tumor","oral_cavity","Pericyte","Other",21,0,0,0,0,"LGALS14","log1p of counts scaled to 10,000"
"GSE172577","SYSMH5","SYSMH5","primary_tumor","oral_cavity","T cell","Other",24,0,0,0,0,"LGALS14","log1p of counts scaled to 10,000"
"GSE172577","SYSMH5","SYSMH5","primary_tumor","oral_cavity","B/Plasma","Other",9,0,0,0,0,"LGALS14","log1p of counts scaled to 10,000"
"GSE172577","SYSMH5","SYSMH5","primary_tumor","oral_cavity","Myeloid","Other",486,0,0,0,0,"LGALS14","log1p of counts scaled to 10,000"
"GSE172577","SYSMH5","SYSMH5","primary_tumor","oral_cavity","Mast","Other",89,0,0,0,0,"LGALS14","log1p of counts scaled to 10,000"
"GSE172577","SYSMH6","SYSMH6","primary_tumor","oral_cavity","Epithelial","Tumor epithelial (marker-defined)",2433,0,0,0,0,"LGALS14","log1p of counts scaled to 10,000"
"GSE172577","SYSMH6","SYSMH6","primary_tumor","oral_cavity","Fibroblast","Other",532,0,0,0,0,"LGALS14","log1p of counts scaled to 10,000"
"GSE172577","SYSMH6","SYSMH6","primary_tumor","oral_cavity","Endothelial","Other",203,0,0,0,0,"LGALS14","log1p of counts scaled to 10,000"
"GSE172577","SYSMH6","SYSMH6","primary_tumor","oral_cavity","Pericyte","Other",530,0,0,0,0,"LGALS14","log1p of counts scaled to 10,000"
"GSE172577","SYSMH6","SYSMH6","primary_tumor","oral_cavity","T cell","Other",899,0,0,0,0,"LGALS14","log1p of counts scaled to 10,000"
"GSE172577","SYSMH6","SYSMH6","primary_tumor","oral_cavity","B/Plasma","Other",1200,1,0.0833333333333333,0.00101990698707721,0,"LGALS14","log1p of counts scaled to 10,000"
"GSE172577","SYSMH6","SYSMH6","primary_tumor","oral_cavity","Myeloid","Other",4201,0,0,0,0,"LGALS14","log1p of counts scaled to 10,000"
"GSE172577","SYSMH6","SYSMH6","primary_tumor","oral_cavity","Mast","Other",190,0,0,0,0,"LGALS14","log1p of counts scaled to 10,000"
"GSE172577","SYSMH6","SYSMH6","primary_tumor","oral_cavity","Unassigned","Other",402,0,0,0,0,"LGALS14","log1p of counts scaled to 10,000"
"GSE172577","SYSMH1","SYSMH1","primary_tumor","oral_cavity","Epithelial","Tumor epithelial (marker-defined)",9286,0,0,0,0,"LGALS16","log1p of counts scaled to 10,000"
"GSE172577","SYSMH1","SYSMH1","primary_tumor","oral_cavity","Fibroblast","Other",109,0,0,0,0,"LGALS16","log1p of counts scaled to 10,000"
"GSE172577","SYSMH1","SYSMH1","primary_tumor","oral_cavity","Endothelial","Other",9,0,0,0,0,"LGALS16","log1p of counts scaled to 10,000"
"GSE172577","SYSMH1","SYSMH1","primary_tumor","oral_cavity","Pericyte","Other",4,0,0,0,0,"LGALS16","log1p of counts scaled to 10,000"
"GSE172577","SYSMH1","SYSMH1","primary_tumor","oral_cavity","T cell","Other",132,0,0,0,0,"LGALS16","log1p of counts scaled to 10,000"
"GSE172577","SYSMH1","SYSMH1","primary_tumor","oral_cavity","B/Plasma","Other",13,0,0,0,0,"LGALS16","log1p of counts scaled to 10,000"
"GSE172577","SYSMH1","SYSMH1","primary_tumor","oral_cavity","Myeloid","Other",153,0,0,0,0,"LGALS16","log1p of counts scaled to 10,000"
"GSE172577","SYSMH1","SYSMH1","primary_tumor","oral_cavity","Mast","Other",21,0,0,0,0,"LGALS16","log1p of counts scaled to 10,000"
"GSE172577","SYSMH1","SYSMH1","primary_tumor","oral_cavity","Unassigned","Other",6,0,0,0,0,"LGALS16","log1p of counts scaled to 10,000"
"GSE172577","SYSMH2","SYSMH2","primary_tumor","oral_cavity","Epithelial","Tumor epithelial (marker-defined)",4886,0,0,0,0,"LGALS16","log1p of counts scaled to 10,000"
"GSE172577","SYSMH2","SYSMH2","primary_tumor","oral_cavity","Fibroblast","Other",150,0,0,0,0,"LGALS16","log1p of counts scaled to 10,000"
"GSE172577","SYSMH2","SYSMH2","primary_tumor","oral_cavity","Endothelial","Other",289,0,0,0,0,"LGALS16","log1p of counts scaled to 10,000"
"GSE172577","SYSMH2","SYSMH2","primary_tumor","oral_cavity","Pericyte","Other",66,0,0,0,0,"LGALS16","log1p of counts scaled to 10,000"
"GSE172577","SYSMH2","SYSMH2","primary_tumor","oral_cavity","T cell","Other",3012,0,0,0,0,"LGALS16","log1p of counts scaled to 10,000"
"GSE172577","SYSMH2","SYSMH2","primary_tumor","oral_cavity","B/Plasma","Other",389,0,0,0,0,"LGALS16","log1p of counts scaled to 10,000"
"GSE172577","SYSMH2","SYSMH2","primary_tumor","oral_cavity","Myeloid","Other",776,0,0,0,0,"LGALS16","log1p of counts scaled to 10,000"
"GSE172577","SYSMH2","SYSMH2","primary_tumor","oral_cavity","Mast","Other",325,0,0,0,0,"LGALS16","log1p of counts scaled to 10,000"
"GSE172577","SYSMH2","SYSMH2","primary_tumor","oral_cavity","Unassigned","Other",48,0,0,0,0,"LGALS16","log1p of counts scaled to 10,000"
"GSE172577","SYSMH3","SYSMH3","primary_tumor","oral_cavity","Epithelial","Tumor epithelial (marker-defined)",5576,0,0,0,0,"LGALS16","log1p of counts scaled to 10,000"
"GSE172577","SYSMH3","SYSMH3","primary_tumor","oral_cavity","Fibroblast","Other",87,0,0,0,0,"LGALS16","log1p of counts scaled to 10,000"
"GSE172577","SYSMH3","SYSMH3","primary_tumor","oral_cavity","Endothelial","Other",196,0,0,0,0,"LGALS16","log1p of counts scaled to 10,000"
"GSE172577","SYSMH3","SYSMH3","primary_tumor","oral_cavity","Pericyte","Other",21,0,0,0,0,"LGALS16","log1p of counts scaled to 10,000"
"GSE172577","SYSMH3","SYSMH3","primary_tumor","oral_cavity","T cell","Other",308,0,0,0,0,"LGALS16","log1p of counts scaled to 10,000"
"GSE172577","SYSMH3","SYSMH3","primary_tumor","oral_cavity","B/Plasma","Other",80,0,0,0,0,"LGALS16","log1p of counts scaled to 10,000"
"GSE172577","SYSMH3","SYSMH3","primary_tumor","oral_cavity","Myeloid","Other",389,0,0,0,0,"LGALS16","log1p of counts scaled to 10,000"
"GSE172577","SYSMH3","SYSMH3","primary_tumor","oral_cavity","Mast","Other",14,0,0,0,0,"LGALS16","log1p of counts scaled to 10,000"
"GSE172577","SYSMH4","SYSMH4","primary_tumor","oral_cavity","Epithelial","Tumor epithelial (marker-defined)",10443,0,0,0,0,"LGALS16","log1p of counts scaled to 10,000"
"GSE172577","SYSMH4","SYSMH4","primary_tumor","oral_cavity","Fibroblast","Other",30,0,0,0,0,"LGALS16","log1p of counts scaled to 10,000"
"GSE172577","SYSMH4","SYSMH4","primary_tumor","oral_cavity","Endothelial","Other",66,0,0,0,0,"LGALS16","log1p of counts scaled to 10,000"
"GSE172577","SYSMH4","SYSMH4","primary_tumor","oral_cavity","Pericyte","Other",25,0,0,0,0,"LGALS16","log1p of counts scaled to 10,000"
"GSE172577","SYSMH4","SYSMH4","primary_tumor","oral_cavity","T cell","Other",141,0,0,0,0,"LGALS16","log1p of counts scaled to 10,000"
"GSE172577","SYSMH4","SYSMH4","primary_tumor","oral_cavity","B/Plasma","Other",1,0,0,0,0,"LGALS16","log1p of counts scaled to 10,000"
"GSE172577","SYSMH4","SYSMH4","primary_tumor","oral_cavity","Myeloid","Other",164,0,0,0,0,"LGALS16","log1p of counts scaled to 10,000"
"GSE172577","SYSMH4","SYSMH4","primary_tumor","oral_cavity","Mast","Other",10,0,0,0,0,"LGALS16","log1p of counts scaled to 10,000"
"GSE172577","SYSMH4","SYSMH4","primary_tumor","oral_cavity","Unassigned","Other",2,0,0,0,0,"LGALS16","log1p of counts scaled to 10,000"
"GSE172577","SYSMH5","SYSMH5","primary_tumor","oral_cavity","Epithelial","Tumor epithelial (marker-defined)",8563,0,0,0,0,"LGALS16","log1p of counts scaled to 10,000"
"GSE172577","SYSMH5","SYSMH5","primary_tumor","oral_cavity","Fibroblast","Other",819,0,0,0,0,"LGALS16","log1p of counts scaled to 10,000"
"GSE172577","SYSMH5","SYSMH5","primary_tumor","oral_cavity","Endothelial","Other",79,0,0,0,0,"LGALS16","log1p of counts scaled to 10,000"
"GSE172577","SYSMH5","SYSMH5","primary_tumor","oral_cavity","Pericyte","Other",21,0,0,0,0,"LGALS16","log1p of counts scaled to 10,000"
"GSE172577","SYSMH5","SYSMH5","primary_tumor","oral_cavity","T cell","Other",24,0,0,0,0,"LGALS16","log1p of counts scaled to 10,000"
"GSE172577","SYSMH5","SYSMH5","primary_tumor","oral_cavity","B/Plasma","Other",9,0,0,0,0,"LGALS16","log1p of counts scaled to 10,000"
"GSE172577","SYSMH5","SYSMH5","primary_tumor","oral_cavity","Myeloid","Other",486,0,0,0,0,"LGALS16","log1p of counts scaled to 10,000"
"GSE172577","SYSMH5","SYSMH5","primary_tumor","oral_cavity","Mast","Other",89,0,0,0,0,"LGALS16","log1p of counts scaled to 10,000"
"GSE172577","SYSMH6","SYSMH6","primary_tumor","oral_cavity","Epithelial","Tumor epithelial (marker-defined)",2433,0,0,0,0,"LGALS16","log1p of counts scaled to 10,000"
"GSE172577","SYSMH6","SYSMH6","primary_tumor","oral_cavity","Fibroblast","Other",532,0,0,0,0,"LGALS16","log1p of counts scaled to 10,000"
"GSE172577","SYSMH6","SYSMH6","primary_tumor","oral_cavity","Endothelial","Other",203,0,0,0,0,"LGALS16","log1p of counts scaled to 10,000"
"GSE172577","SYSMH6","SYSMH6","primary_tumor","oral_cavity","Pericyte","Other",530,0,0,0,0,"LGALS16","log1p of counts scaled to 10,000"
"GSE172577","SYSMH6","SYSMH6","primary_tumor","oral_cavity","T cell","Other",899,0,0,0,0,"LGALS16","log1p of counts scaled to 10,000"
"GSE172577","SYSMH6","SYSMH6","primary_tumor","oral_cavity","B/Plasma","Other",1200,0,0,0,0,"LGALS16","log1p of counts scaled to 10,000"
"GSE172577","SYSMH6","SYSMH6","primary_tumor","oral_cavity","Myeloid","Other",4201,0,0,0,0,"LGALS16","log1p of counts scaled to 10,000"
"GSE172577","SYSMH6","SYSMH6","primary_tumor","oral_cavity","Mast","Other",190,0,0,0,0,"LGALS16","log1p of counts scaled to 10,000"
"GSE172577","SYSMH6","SYSMH6","primary_tumor","oral_cavity","Unassigned","Other",402,0,0,0,0,"LGALS16","log1p of counts scaled to 10,000"
