"dataset","sample_id","patient_id","tissue","subsite","cell_type","epithelial_state","n_cells","n_detected","pct_detected","mean_expr","median_expr","gene","expression_scale"
"GSE181919","C04","P4","primary_tumor","oral_cavity","Malignant","OSCC cancer cell",427,381,89.2271662763466,1.9243917452368,2.22819367181439,"LGALS1","log1p of counts scaled to 10,000"
"GSE181919","C04","P4","primary_tumor","oral_cavity","Fibroblast","Other",8,8,100,4.00287856040967,4.20909371509034,"LGALS1","log1p of counts scaled to 10,000"
"GSE181919","C04","P4","primary_tumor","oral_cavity","Endothelial","Other",19,19,100,3.37504934533737,3.46109318362138,"LGALS1","log1p of counts scaled to 10,000"
"GSE181919","C04","P4","primary_tumor","oral_cavity","T cell","Other",78,77,98.7179487179487,2.05065098091857,2.09990450653341,"LGALS1","log1p of counts scaled to 10,000"
"GSE181919","C04","P4","primary_tumor","oral_cavity","B/Plasma","Other",73,67,91.7808219178082,1.36795940652394,1.27494813520559,"LGALS1","log1p of counts scaled to 10,000"
"GSE181919","C04","P4","primary_tumor","oral_cavity","Macrophage","Other",2,2,100,2.31378654318024,2.31378654318024,"LGALS1","log1p of counts scaled to 10,000"
"GSE181919","C04","P4","primary_tumor","oral_cavity","Dendritic","Other",1,1,100,3.23066900975854,3.23066900975854,"LGALS1","log1p of counts scaled to 10,000"
"GSE181919","C06","P6","primary_tumor","oral_cavity","Malignant","OSCC cancer cell",52,51,98.0769230769231,2.23930827290958,2.36286489273065,"LGALS1","log1p of counts scaled to 10,000"
"GSE181919","C06","P6","primary_tumor","oral_cavity","Fibroblast","Other",223,223,100,4.38979133206952,4.45265654723813,"LGALS1","log1p of counts scaled to 10,000"
"GSE181919","C06","P6","primary_tumor","oral_cavity","Endothelial","Other",36,36,100,2.9487986358471,3.18145887422219,"LGALS1","log1p of counts scaled to 10,000"
"GSE181919","C06","P6","primary_tumor","oral_cavity","T cell","Other",197,153,77.6649746192893,1.5482069478924,1.52290231780583,"LGALS1","log1p of counts scaled to 10,000"
"GSE181919","C06","P6","primary_tumor","oral_cavity","B/Plasma","Other",260,216,83.0769230769231,1.46420954772191,1.58403475963758,"LGALS1","log1p of counts scaled to 10,000"
"GSE181919","C06","P6","primary_tumor","oral_cavity","Macrophage","Other",399,396,99.2481203007519,3.05483339640717,3.13168970047209,"LGALS1","log1p of counts scaled to 10,000"
"GSE181919","C06","P6","primary_tumor","oral_cavity","Dendritic","Other",114,106,92.9824561403509,2.67566479918371,2.94600954714538,"LGALS1","log1p of counts scaled to 10,000"
"GSE181919","C06","P6","primary_tumor","oral_cavity","Mast","Other",45,44,97.7777777777778,2.66885364465583,2.74567572081564,"LGALS1","log1p of counts scaled to 10,000"
"GSE181919","C06","P6","primary_tumor","oral_cavity","Myocyte","Other",1,1,100,2.9105506410927,2.9105506410927,"LGALS1","log1p of counts scaled to 10,000"
"GSE181919","C07","P7","primary_tumor","oral_cavity","Malignant","OSCC cancer cell",43,42,97.6744186046512,2.07563017867766,1.95901817377146,"LGALS1","log1p of counts scaled to 10,000"
"GSE181919","C07","P7","primary_tumor","oral_cavity","Fibroblast","Other",110,110,100,4.13265748097153,4.19687158307431,"LGALS1","log1p of counts scaled to 10,000"
"GSE181919","C07","P7","primary_tumor","oral_cavity","Endothelial","Other",43,43,100,2.41384882494486,2.26185865965691,"LGALS1","log1p of counts scaled to 10,000"
"GSE181919","C07","P7","primary_tumor","oral_cavity","T cell","Other",140,122,87.1428571428571,2.03970291996214,1.96950479512067,"LGALS1","log1p of counts scaled to 10,000"
"GSE181919","C07","P7","primary_tumor","oral_cavity","B/Plasma","Other",23,22,95.6521739130435,1.81904553463361,1.61286000966741,"LGALS1","log1p of counts scaled to 10,000"
"GSE181919","C07","P7","primary_tumor","oral_cavity","Macrophage","Other",142,141,99.2957746478873,3.13449964012591,3.20055556810877,"LGALS1","log1p of counts scaled to 10,000"
"GSE181919","C07","P7","primary_tumor","oral_cavity","Dendritic","Other",21,19,90.4761904761905,2.50779683714156,2.67673319111864,"LGALS1","log1p of counts scaled to 10,000"
"GSE181919","C07","P7","primary_tumor","oral_cavity","Mast","Other",11,11,100,2.73695600998978,2.47115541704837,"LGALS1","log1p of counts scaled to 10,000"
"GSE181919","C07","P7","primary_tumor","oral_cavity","Myocyte","Other",3,3,100,3.11491984207218,2.74247012713587,"LGALS1","log1p of counts scaled to 10,000"
"GSE181919","C15","P15","primary_tumor","oral_cavity","Malignant","OSCC cancer cell",59,58,98.3050847457627,1.59575000881191,1.54959083300885,"LGALS1","log1p of counts scaled to 10,000"
"GSE181919","C15","P15","primary_tumor","oral_cavity","Fibroblast","Other",438,438,100,4.5945719904813,4.65323295089552,"LGALS1","log1p of counts scaled to 10,000"
"GSE181919","C15","P15","primary_tumor","oral_cavity","Endothelial","Other",95,92,96.8421052631579,2.87694146215205,2.87059175381273,"LGALS1","log1p of counts scaled to 10,000"
"GSE181919","C15","P15","primary_tumor","oral_cavity","T cell","Other",106,102,96.2264150943396,3.00656002898791,3.01076038146901,"LGALS1","log1p of counts scaled to 10,000"
"GSE181919","C15","P15","primary_tumor","oral_cavity","B/Plasma","Other",529,526,99.4328922495274,2.38135290301814,2.33011138126038,"LGALS1","log1p of counts scaled to 10,000"
"GSE181919","C15","P15","primary_tumor","oral_cavity","Macrophage","Other",422,422,100,3.6690082284962,3.68738700278355,"LGALS1","log1p of counts scaled to 10,000"
"GSE181919","C15","P15","primary_tumor","oral_cavity","Dendritic","Other",77,77,100,3.64452062301962,3.80200843450872,"LGALS1","log1p of counts scaled to 10,000"
"GSE181919","C15","P15","primary_tumor","oral_cavity","Mast","Other",5,5,100,2.81380133956613,2.85103094539159,"LGALS1","log1p of counts scaled to 10,000"
"GSE181919","C21","P21","primary_tumor","oral_cavity","Malignant","OSCC cancer cell",272,267,98.1617647058823,2.68707479266605,3.15065408754829,"LGALS1","log1p of counts scaled to 10,000"
"GSE181919","C21","P21","primary_tumor","oral_cavity","Fibroblast","Other",127,127,100,4.67881043784722,4.67353154985506,"LGALS1","log1p of counts scaled to 10,000"
"GSE181919","C21","P21","primary_tumor","oral_cavity","Endothelial","Other",1,1,100,4.33971790400469,4.33971790400469,"LGALS1","log1p of counts scaled to 10,000"
"GSE181919","C21","P21","primary_tumor","oral_cavity","T cell","Other",42,42,100,2.91011826262411,2.9629279861587,"LGALS1","log1p of counts scaled to 10,000"
"GSE181919","C21","P21","primary_tumor","oral_cavity","B/Plasma","Other",4,4,100,3.14604453124709,2.99296673056743,"LGALS1","log1p of counts scaled to 10,000"
"GSE181919","C21","P21","primary_tumor","oral_cavity","Macrophage","Other",239,239,100,3.51836275177411,3.54410897670342,"LGALS1","log1p of counts scaled to 10,000"
"GSE181919","C21","P21","primary_tumor","oral_cavity","Dendritic","Other",12,12,100,3.01824211644384,3.20060145035614,"LGALS1","log1p of counts scaled to 10,000"
"GSE181919","C26","P26","primary_tumor","oral_cavity","Malignant","OSCC cancer cell",83,79,95.1807228915663,1.35812146021525,0.958696309365232,"LGALS1","log1p of counts scaled to 10,000"
"GSE181919","C26","P26","primary_tumor","oral_cavity","Fibroblast","Other",13,13,100,4.56719194893629,4.61398962761572,"LGALS1","log1p of counts scaled to 10,000"
"GSE181919","C26","P26","primary_tumor","oral_cavity","Endothelial","Other",3,3,100,2.76480031751995,2.33200975914917,"LGALS1","log1p of counts scaled to 10,000"
"GSE181919","C26","P26","primary_tumor","oral_cavity","T cell","Other",156,151,96.7948717948718,2.44875199764228,2.58676712834438,"LGALS1","log1p of counts scaled to 10,000"
"GSE181919","C26","P26","primary_tumor","oral_cavity","B/Plasma","Other",35,35,100,2.12795933214089,2.2384680374161,"LGALS1","log1p of counts scaled to 10,000"
"GSE181919","C26","P26","primary_tumor","oral_cavity","Macrophage","Other",373,371,99.4638069705094,3.11835132201775,3.15918119969729,"LGALS1","log1p of counts scaled to 10,000"
"GSE181919","C26","P26","primary_tumor","oral_cavity","Dendritic","Other",280,259,92.5,1.7899891461148,1.70747839149031,"LGALS1","log1p of counts scaled to 10,000"
"GSE181919","C26","P26","primary_tumor","oral_cavity","Mast","Other",1,1,100,4.3690288875153,4.3690288875153,"LGALS1","log1p of counts scaled to 10,000"
"GSE181919","C30","P30","primary_tumor","oral_cavity","Malignant","OSCC cancer cell",94,94,100,2.53256668748152,2.63543371762412,"LGALS1","log1p of counts scaled to 10,000"
"GSE181919","C30","P30","primary_tumor","oral_cavity","Fibroblast","Other",52,52,100,4.44039221972295,4.5238409823307,"LGALS1","log1p of counts scaled to 10,000"
"GSE181919","C30","P30","primary_tumor","oral_cavity","Endothelial","Other",13,13,100,3.45302092402984,4.03138224332302,"LGALS1","log1p of counts scaled to 10,000"
"GSE181919","C30","P30","primary_tumor","oral_cavity","T cell","Other",30,28,93.3333333333333,2.28341234846461,2.37945113391529,"LGALS1","log1p of counts scaled to 10,000"
"GSE181919","C30","P30","primary_tumor","oral_cavity","B/Plasma","Other",18,17,94.4444444444444,1.3193154579987,1.14656785593273,"LGALS1","log1p of counts scaled to 10,000"
"GSE181919","C30","P30","primary_tumor","oral_cavity","Macrophage","Other",59,59,100,3.38097812132074,3.44530192365882,"LGALS1","log1p of counts scaled to 10,000"
"GSE181919","C30","P30","primary_tumor","oral_cavity","Dendritic","Other",15,15,100,2.73759405209913,2.79753537738341,"LGALS1","log1p of counts scaled to 10,000"
"GSE181919","C30","P30","primary_tumor","oral_cavity","Mast","Other",1,1,100,3.32353884962937,3.32353884962937,"LGALS1","log1p of counts scaled to 10,000"
"GSE181919","C31","P31","primary_tumor","oral_cavity","Malignant","OSCC cancer cell",45,43,95.5555555555556,1.11325674432194,0.60570682370308,"LGALS1","log1p of counts scaled to 10,000"
"GSE181919","C31","P31","primary_tumor","oral_cavity","Fibroblast","Other",25,25,100,3.27453045101585,3.33483880463042,"LGALS1","log1p of counts scaled to 10,000"
"GSE181919","C31","P31","primary_tumor","oral_cavity","Endothelial","Other",18,17,94.4444444444444,1.78900932421807,1.55286416192498,"LGALS1","log1p of counts scaled to 10,000"
"GSE181919","C31","P31","primary_tumor","oral_cavity","T cell","Other",316,204,64.5569620253165,1.16000697664579,1.16413062080635,"LGALS1","log1p of counts scaled to 10,000"
"GSE181919","C31","P31","primary_tumor","oral_cavity","B/Plasma","Other",51,28,54.9019607843137,0.780749201224792,0.856975510740953,"LGALS1","log1p of counts scaled to 10,000"
"GSE181919","C31","P31","primary_tumor","oral_cavity","Macrophage","Other",39,39,100,2.68509423247233,2.68913845386378,"LGALS1","log1p of counts scaled to 10,000"
"GSE181919","C31","P31","primary_tumor","oral_cavity","Dendritic","Other",19,16,84.2105263157895,1.87877404107886,1.78730908360058,"LGALS1","log1p of counts scaled to 10,000"
"GSE181919","C31","P31","primary_tumor","oral_cavity","Mast","Other",10,10,100,2.23359246847512,2.05722954877496,"LGALS1","log1p of counts scaled to 10,000"
"GSE181919","C51","P51","primary_tumor","oral_cavity","Malignant","OSCC cancer cell",274,273,99.6350364963504,2.72447036304782,2.92206934417042,"LGALS1","log1p of counts scaled to 10,000"
"GSE181919","C51","P51","primary_tumor","oral_cavity","Fibroblast","Other",601,601,100,4.76610265724849,4.84458401686867,"LGALS1","log1p of counts scaled to 10,000"
"GSE181919","C51","P51","primary_tumor","oral_cavity","Endothelial","Other",40,39,97.5,3.04380042252615,3.03454283147519,"LGALS1","log1p of counts scaled to 10,000"
"GSE181919","C51","P51","primary_tumor","oral_cavity","T cell","Other",284,268,94.3661971830986,2.29135935763029,2.35908060826629,"LGALS1","log1p of counts scaled to 10,000"
"GSE181919","C51","P51","primary_tumor","oral_cavity","B/Plasma","Other",140,134,95.7142857142857,1.41555479055647,1.37184432204734,"LGALS1","log1p of counts scaled to 10,000"
"GSE181919","C51","P51","primary_tumor","oral_cavity","Macrophage","Other",355,355,100,3.14927142043098,3.16673971755223,"LGALS1","log1p of counts scaled to 10,000"
"GSE181919","C51","P51","primary_tumor","oral_cavity","Dendritic","Other",46,46,100,2.43974270411473,2.53281748262459,"LGALS1","log1p of counts scaled to 10,000"
"GSE181919","C51","P51","primary_tumor","oral_cavity","Mast","Other",61,61,100,3.30488339351379,3.39561875640462,"LGALS1","log1p of counts scaled to 10,000"
"GSE181919","C60","P60","primary_tumor","oral_cavity","Malignant","OSCC cancer cell",27,18,66.6666666666667,0.50460379317996,0.246525409562471,"LGALS1","log1p of counts scaled to 10,000"
"GSE181919","C60","P60","primary_tumor","oral_cavity","Fibroblast","Other",24,24,100,3.85225707426521,3.83632790078045,"LGALS1","log1p of counts scaled to 10,000"
"GSE181919","C60","P60","primary_tumor","oral_cavity","Endothelial","Other",46,40,86.9565217391304,1.62690130206187,1.47878883687132,"LGALS1","log1p of counts scaled to 10,000"
"GSE181919","C60","P60","primary_tumor","oral_cavity","T cell","Other",1316,901,68.4650455927052,1.49176122773115,1.37194306427241,"LGALS1","log1p of counts scaled to 10,000"
"GSE181919","C60","P60","primary_tumor","oral_cavity","B/Plasma","Other",242,170,70.2479338842975,1.15310501278791,1.16793223895669,"LGALS1","log1p of counts scaled to 10,000"
"GSE181919","C60","P60","primary_tumor","oral_cavity","Macrophage","Other",184,184,100,2.6603512470455,2.69890915020706,"LGALS1","log1p of counts scaled to 10,000"
"GSE181919","C60","P60","primary_tumor","oral_cavity","Dendritic","Other",103,91,88.3495145631068,1.73006092560485,1.81133011651809,"LGALS1","log1p of counts scaled to 10,000"
"GSE181919","C60","P60","primary_tumor","oral_cavity","Mast","Other",6,6,100,3.13160445797627,3.15157667870138,"LGALS1","log1p of counts scaled to 10,000"
"GSE181919","LP15","P15","leukoplakia","oral_cavity","Epithelial","Leukoplakia epithelial",72,69,95.8333333333333,0.89810211989756,0.800797021102977,"LGALS1","log1p of counts scaled to 10,000"
"GSE181919","LP15","P15","leukoplakia","oral_cavity","Fibroblast","Other",778,778,100,4.39346609297337,4.43470033626443,"LGALS1","log1p of counts scaled to 10,000"
"GSE181919","LP15","P15","leukoplakia","oral_cavity","Endothelial","Other",251,245,97.609561752988,2.38675244148979,2.41037454083162,"LGALS1","log1p of counts scaled to 10,000"
"GSE181919","LP15","P15","leukoplakia","oral_cavity","T cell","Other",86,82,95.3488372093023,1.79377125709105,1.56585565917624,"LGALS1","log1p of counts scaled to 10,000"
"GSE181919","LP15","P15","leukoplakia","oral_cavity","B/Plasma","Other",816,807,98.8970588235294,1.7760634381434,1.76978230422067,"LGALS1","log1p of counts scaled to 10,000"
"GSE181919","LP15","P15","leukoplakia","oral_cavity","Macrophage","Other",171,170,99.4152046783626,3.22488952462578,3.27450227552495,"LGALS1","log1p of counts scaled to 10,000"
"GSE181919","LP15","P15","leukoplakia","oral_cavity","Dendritic","Other",49,48,97.9591836734694,3.02810792289182,3.18262409049029,"LGALS1","log1p of counts scaled to 10,000"
"GSE181919","LP15","P15","leukoplakia","oral_cavity","Mast","Other",5,5,100,2.94391798466847,2.89914124636109,"LGALS1","log1p of counts scaled to 10,000"
"GSE181919","LP16","P16","leukoplakia","oral_cavity","Epithelial","Leukoplakia epithelial",30,29,96.6666666666667,2.38424584635512,2.53538140477681,"LGALS1","log1p of counts scaled to 10,000"
"GSE181919","LP16","P16","leukoplakia","oral_cavity","Fibroblast","Other",409,409,100,3.76532023403418,3.77753578442232,"LGALS1","log1p of counts scaled to 10,000"
"GSE181919","LP16","P16","leukoplakia","oral_cavity","Endothelial","Other",640,564,88.125,1.87976512157018,1.89664114932199,"LGALS1","log1p of counts scaled to 10,000"
"GSE181919","LP16","P16","leukoplakia","oral_cavity","T cell","Other",877,674,76.8529076396807,1.90168346874463,1.99158139643209,"LGALS1","log1p of counts scaled to 10,000"
"GSE181919","LP16","P16","leukoplakia","oral_cavity","B/Plasma","Other",63,51,80.9523809523809,1.96746398733532,2.11009237632663,"LGALS1","log1p of counts scaled to 10,000"
"GSE181919","LP16","P16","leukoplakia","oral_cavity","Macrophage","Other",173,173,100,3.19317630055193,3.2441228806136,"LGALS1","log1p of counts scaled to 10,000"
"GSE181919","LP16","P16","leukoplakia","oral_cavity","Dendritic","Other",36,35,97.2222222222222,2.93304838793365,3.12683410225683,"LGALS1","log1p of counts scaled to 10,000"
"GSE181919","LP16","P16","leukoplakia","oral_cavity","Mast","Other",7,7,100,2.62301652281637,2.61434211279111,"LGALS1","log1p of counts scaled to 10,000"
"GSE181919","LP16","P16","leukoplakia","oral_cavity","Myocyte","Other",3,3,100,2.43783203449498,2.55496469188204,"LGALS1","log1p of counts scaled to 10,000"
"GSE181919","LP17","P17","leukoplakia","oral_cavity","Epithelial","Leukoplakia epithelial",51,51,100,2.53176285551357,2.6876479191033,"LGALS1","log1p of counts scaled to 10,000"
"GSE181919","LP17","P17","leukoplakia","oral_cavity","Fibroblast","Other",495,495,100,3.81748339267532,3.88751974169629,"LGALS1","log1p of counts scaled to 10,000"
"GSE181919","LP17","P17","leukoplakia","oral_cavity","Endothelial","Other",507,400,78.8954635108481,1.64385467201555,1.70685812180372,"LGALS1","log1p of counts scaled to 10,000"
"GSE181919","LP17","P17","leukoplakia","oral_cavity","T cell","Other",79,70,88.6075949367088,2.58557897505887,2.70516164150896,"LGALS1","log1p of counts scaled to 10,000"
"GSE181919","LP17","P17","leukoplakia","oral_cavity","B/Plasma","Other",31,31,100,2.47417920528374,2.48754517901231,"LGALS1","log1p of counts scaled to 10,000"
"GSE181919","LP17","P17","leukoplakia","oral_cavity","Macrophage","Other",67,66,98.5074626865672,3.38442792414318,3.37583128432807,"LGALS1","log1p of counts scaled to 10,000"
"GSE181919","LP17","P17","leukoplakia","oral_cavity","Dendritic","Other",5,5,100,3.65546141434261,3.61728502121206,"LGALS1","log1p of counts scaled to 10,000"
"GSE181919","LP17","P17","leukoplakia","oral_cavity","Mast","Other",3,3,100,3.2898672531218,3.28016359021977,"LGALS1","log1p of counts scaled to 10,000"
"GSE181919","LP33","P33","leukoplakia","oral_cavity","Epithelial","Leukoplakia epithelial",30,26,86.6666666666667,1.1477412677531,0.857669907376339,"LGALS1","log1p of counts scaled to 10,000"
"GSE181919","LP33","P33","leukoplakia","oral_cavity","Fibroblast","Other",205,205,100,3.43097969816317,3.44324566541678,"LGALS1","log1p of counts scaled to 10,000"
"GSE181919","LP33","P33","leukoplakia","oral_cavity","Endothelial","Other",165,130,78.7878787878788,1.57610110841027,1.70042526017336,"LGALS1","log1p of counts scaled to 10,000"
"GSE181919","LP33","P33","leukoplakia","oral_cavity","T cell","Other",334,317,94.9101796407186,2.79170039862581,2.95934087908658,"LGALS1","log1p of counts scaled to 10,000"
"GSE181919","LP33","P33","leukoplakia","oral_cavity","B/Plasma","Other",21,19,90.4761904761905,2.50610671938192,2.6439054234569,"LGALS1","log1p of counts scaled to 10,000"
"GSE181919","LP33","P33","leukoplakia","oral_cavity","Macrophage","Other",63,63,100,3.43071716095556,3.53127477851527,"LGALS1","log1p of counts scaled to 10,000"
"GSE181919","LP33","P33","leukoplakia","oral_cavity","Dendritic","Other",5,5,100,3.82684726116849,3.85910620859174,"LGALS1","log1p of counts scaled to 10,000"
"GSE181919","N06","P6","normal","oral_cavity","Epithelial","Normal epithelial",86,67,77.9069767441861,1.85369115623768,2.04007833283479,"LGALS1","log1p of counts scaled to 10,000"
"GSE181919","N06","P6","normal","oral_cavity","Fibroblast","Other",183,183,100,3.37400988082647,3.44875728683825,"LGALS1","log1p of counts scaled to 10,000"
"GSE181919","N06","P6","normal","oral_cavity","Endothelial","Other",88,77,87.5,1.7053927875584,1.74435208913639,"LGALS1","log1p of counts scaled to 10,000"
"GSE181919","N06","P6","normal","oral_cavity","T cell","Other",1454,1075,73.9339752407153,1.7349742742336,1.93527179383091,"LGALS1","log1p of counts scaled to 10,000"
"GSE181919","N06","P6","normal","oral_cavity","B/Plasma","Other",198,133,67.1717171717172,1.59579123577253,1.94779894597401,"LGALS1","log1p of counts scaled to 10,000"
"GSE181919","N06","P6","normal","oral_cavity","Macrophage","Other",27,27,100,2.71899295101771,2.67760030638204,"LGALS1","log1p of counts scaled to 10,000"
"GSE181919","N06","P6","normal","oral_cavity","Dendritic","Other",6,6,100,2.18307889764218,1.98257704432453,"LGALS1","log1p of counts scaled to 10,000"
"GSE181919","N06","P6","normal","oral_cavity","Mast","Other",3,2,66.6666666666667,1.24027061388162,1.60592717715981,"LGALS1","log1p of counts scaled to 10,000"
"GSE181919","N06","P6","normal","oral_cavity","Myocyte","Other",57,53,92.9824561403509,2.2670072531242,2.42421501165843,"LGALS1","log1p of counts scaled to 10,000"
"GSE181919","N15","P15","normal","oral_cavity","Epithelial","Normal epithelial",80,76,95,3.05247248857313,3.29134731523009,"LGALS1","log1p of counts scaled to 10,000"
"GSE181919","N15","P15","normal","oral_cavity","Fibroblast","Other",1987,1983,99.7986914947157,3.62412347231823,3.65676550346681,"LGALS1","log1p of counts scaled to 10,000"
"GSE181919","N15","P15","normal","oral_cavity","Endothelial","Other",320,216,67.5,1.52637526950455,1.73064587852602,"LGALS1","log1p of counts scaled to 10,000"
"GSE181919","N15","P15","normal","oral_cavity","T cell","Other",127,100,78.740157480315,2.28047320170999,2.59730530556059,"LGALS1","log1p of counts scaled to 10,000"
"GSE181919","N15","P15","normal","oral_cavity","B/Plasma","Other",160,157,98.125,3.30223240070383,3.38817026183549,"LGALS1","log1p of counts scaled to 10,000"
"GSE181919","N15","P15","normal","oral_cavity","Macrophage","Other",15,14,93.3333333333333,3.06752852219738,3.3331692955853,"LGALS1","log1p of counts scaled to 10,000"
"GSE181919","N15","P15","normal","oral_cavity","Mast","Other",1,0,0,0,0,"LGALS1","log1p of counts scaled to 10,000"
"GSE181919","N15","P15","normal","oral_cavity","Myocyte","Other",5,4,80,2.39671223891627,2.90859484481995,"LGALS1","log1p of counts scaled to 10,000"
"GSE181919","N21","P21","normal","oral_cavity","Epithelial","Normal epithelial",33,30,90.9090909090909,1.99322606730284,2.36988724491878,"LGALS1","log1p of counts scaled to 10,000"
"GSE181919","N21","P21","normal","oral_cavity","Fibroblast","Other",1587,1584,99.8109640831758,3.33455862209179,3.37583128432807,"LGALS1","log1p of counts scaled to 10,000"
"GSE181919","N21","P21","normal","oral_cavity","Endothelial","Other",205,175,85.3658536585366,2.01671944624803,2.17099356518735,"LGALS1","log1p of counts scaled to 10,000"
"GSE181919","N21","P21","normal","oral_cavity","T cell","Other",375,292,77.8666666666667,1.95710926317975,2.0785670335349,"LGALS1","log1p of counts scaled to 10,000"
"GSE181919","N21","P21","normal","oral_cavity","B/Plasma","Other",68,65,95.5882352941177,3.04429223917714,3.17020575225607,"LGALS1","log1p of counts scaled to 10,000"
"GSE181919","N21","P21","normal","oral_cavity","Macrophage","Other",120,120,100,3.15514380526067,3.24777872660833,"LGALS1","log1p of counts scaled to 10,000"
"GSE181919","N21","P21","normal","oral_cavity","Dendritic","Other",15,15,100,2.91501036022601,2.96820665585207,"LGALS1","log1p of counts scaled to 10,000"
"GSE181919","N21","P21","normal","oral_cavity","Mast","Other",4,4,100,2.5648660930293,2.70804784332006,"LGALS1","log1p of counts scaled to 10,000"
"GSE181919","N21","P21","normal","oral_cavity","Myocyte","Other",28,25,89.2857142857143,2.2192087405133,2.57589378137251,"LGALS1","log1p of counts scaled to 10,000"
"GSE181919","C04","P4","primary_tumor","oral_cavity","Malignant","OSCC cancer cell",427,2,0.468384074941452,0.000864230290226389,0,"LGALS2","log1p of counts scaled to 10,000"
"GSE181919","C04","P4","primary_tumor","oral_cavity","Fibroblast","Other",8,0,0,0,0,"LGALS2","log1p of counts scaled to 10,000"
"GSE181919","C04","P4","primary_tumor","oral_cavity","Endothelial","Other",19,0,0,0,0,"LGALS2","log1p of counts scaled to 10,000"
"GSE181919","C04","P4","primary_tumor","oral_cavity","T cell","Other",78,0,0,0,0,"LGALS2","log1p of counts scaled to 10,000"
"GSE181919","C04","P4","primary_tumor","oral_cavity","B/Plasma","Other",73,0,0,0,0,"LGALS2","log1p of counts scaled to 10,000"
"GSE181919","C04","P4","primary_tumor","oral_cavity","Macrophage","Other",2,2,100,0.64988701382398,0.64988701382398,"LGALS2","log1p of counts scaled to 10,000"
"GSE181919","C04","P4","primary_tumor","oral_cavity","Dendritic","Other",1,1,100,2.26398617880286,2.26398617880286,"LGALS2","log1p of counts scaled to 10,000"
"GSE181919","C06","P6","primary_tumor","oral_cavity","Malignant","OSCC cancer cell",52,3,5.76923076923077,0.0104980024258866,0,"LGALS2","log1p of counts scaled to 10,000"
"GSE181919","C06","P6","primary_tumor","oral_cavity","Fibroblast","Other",223,9,4.03587443946188,0.0200112898275624,0,"LGALS2","log1p of counts scaled to 10,000"
"GSE181919","C06","P6","primary_tumor","oral_cavity","Endothelial","Other",36,2,5.55555555555556,0.0533699704191058,0,"LGALS2","log1p of counts scaled to 10,000"
"GSE181919","C06","P6","primary_tumor","oral_cavity","T cell","Other",197,0,0,0,0,"LGALS2","log1p of counts scaled to 10,000"
"GSE181919","C06","P6","primary_tumor","oral_cavity","B/Plasma","Other",260,5,1.92307692307692,0.00454596681678311,0,"LGALS2","log1p of counts scaled to 10,000"
"GSE181919","C06","P6","primary_tumor","oral_cavity","Macrophage","Other",399,242,60.6516290726817,0.882623084906837,0.830441224072117,"LGALS2","log1p of counts scaled to 10,000"
"GSE181919","C06","P6","primary_tumor","oral_cavity","Dendritic","Other",114,54,47.3684210526316,0.847225149710357,0,"LGALS2","log1p of counts scaled to 10,000"
"GSE181919","C06","P6","primary_tumor","oral_cavity","Mast","Other",45,3,6.66666666666667,0.089693945848933,0,"LGALS2","log1p of counts scaled to 10,000"
"GSE181919","C06","P6","primary_tumor","oral_cavity","Myocyte","Other",1,0,0,0,0,"LGALS2","log1p of counts scaled to 10,000"
"GSE181919","C07","P7","primary_tumor","oral_cavity","Malignant","OSCC cancer cell",43,0,0,0,0,"LGALS2","log1p of counts scaled to 10,000"
"GSE181919","C07","P7","primary_tumor","oral_cavity","Fibroblast","Other",110,2,1.81818181818182,0.00520494597703446,0,"LGALS2","log1p of counts scaled to 10,000"
"GSE181919","C07","P7","primary_tumor","oral_cavity","Endothelial","Other",43,0,0,0,0,"LGALS2","log1p of counts scaled to 10,000"
"GSE181919","C07","P7","primary_tumor","oral_cavity","T cell","Other",140,1,0.714285714285714,0.00373557801638301,0,"LGALS2","log1p of counts scaled to 10,000"
"GSE181919","C07","P7","primary_tumor","oral_cavity","B/Plasma","Other",23,0,0,0,0,"LGALS2","log1p of counts scaled to 10,000"
"GSE181919","C07","P7","primary_tumor","oral_cavity","Macrophage","Other",142,20,14.0845070422535,0.137030614147384,0,"LGALS2","log1p of counts scaled to 10,000"
"GSE181919","C07","P7","primary_tumor","oral_cavity","Dendritic","Other",21,9,42.8571428571429,0.911294317599166,0,"LGALS2","log1p of counts scaled to 10,000"
"GSE181919","C07","P7","primary_tumor","oral_cavity","Mast","Other",11,0,0,0,0,"LGALS2","log1p of counts scaled to 10,000"
"GSE181919","C07","P7","primary_tumor","oral_cavity","Myocyte","Other",3,1,33.3333333333333,0.243011246935633,0,"LGALS2","log1p of counts scaled to 10,000"
"GSE181919","C15","P15","primary_tumor","oral_cavity","Malignant","OSCC cancer cell",59,6,10.1694915254237,0.0232008180594247,0,"LGALS2","log1p of counts scaled to 10,000"
"GSE181919","C15","P15","primary_tumor","oral_cavity","Fibroblast","Other",438,14,3.19634703196347,0.0192563753661645,0,"LGALS2","log1p of counts scaled to 10,000"
"GSE181919","C15","P15","primary_tumor","oral_cavity","Endothelial","Other",95,3,3.15789473684211,0.0190203891556896,0,"LGALS2","log1p of counts scaled to 10,000"
"GSE181919","C15","P15","primary_tumor","oral_cavity","T cell","Other",106,6,5.66037735849057,0.0425948168608069,0,"LGALS2","log1p of counts scaled to 10,000"
"GSE181919","C15","P15","primary_tumor","oral_cavity","B/Plasma","Other",529,46,8.69565217391304,0.0415202540308582,0,"LGALS2","log1p of counts scaled to 10,000"
"GSE181919","C15","P15","primary_tumor","oral_cavity","Macrophage","Other",422,204,48.3412322274881,0.709773699120995,0,"LGALS2","log1p of counts scaled to 10,000"
"GSE181919","C15","P15","primary_tumor","oral_cavity","Dendritic","Other",77,46,59.7402597402597,0.927047311260492,0.747039006312881,"LGALS2","log1p of counts scaled to 10,000"
"GSE181919","C15","P15","primary_tumor","oral_cavity","Mast","Other",5,0,0,0,0,"LGALS2","log1p of counts scaled to 10,000"
"GSE181919","C21","P21","primary_tumor","oral_cavity","Malignant","OSCC cancer cell",272,19,6.98529411764706,0.0137050660596204,0,"LGALS2","log1p of counts scaled to 10,000"
"GSE181919","C21","P21","primary_tumor","oral_cavity","Fibroblast","Other",127,6,4.7244094488189,0.0139903152106835,0,"LGALS2","log1p of counts scaled to 10,000"
"GSE181919","C21","P21","primary_tumor","oral_cavity","Endothelial","Other",1,0,0,0,0,"LGALS2","log1p of counts scaled to 10,000"
"GSE181919","C21","P21","primary_tumor","oral_cavity","T cell","Other",42,3,7.14285714285714,0.0188629637899589,0,"LGALS2","log1p of counts scaled to 10,000"
"GSE181919","C21","P21","primary_tumor","oral_cavity","B/Plasma","Other",4,0,0,0,0,"LGALS2","log1p of counts scaled to 10,000"
"GSE181919","C21","P21","primary_tumor","oral_cavity","Macrophage","Other",239,177,74.0585774058577,0.82359227486313,0.786911462129214,"LGALS2","log1p of counts scaled to 10,000"
"GSE181919","C21","P21","primary_tumor","oral_cavity","Dendritic","Other",12,11,91.6666666666667,2.03513588654875,2.29471374849284,"LGALS2","log1p of counts scaled to 10,000"
"GSE181919","C26","P26","primary_tumor","oral_cavity","Malignant","OSCC cancer cell",83,16,19.2771084337349,0.0348450515268303,0,"LGALS2","log1p of counts scaled to 10,000"
"GSE181919","C26","P26","primary_tumor","oral_cavity","Fibroblast","Other",13,0,0,0,0,"LGALS2","log1p of counts scaled to 10,000"
"GSE181919","C26","P26","primary_tumor","oral_cavity","Endothelial","Other",3,0,0,0,0,"LGALS2","log1p of counts scaled to 10,000"
"GSE181919","C26","P26","primary_tumor","oral_cavity","T cell","Other",156,7,4.48717948717949,0.0201345593791061,0,"LGALS2","log1p of counts scaled to 10,000"
"GSE181919","C26","P26","primary_tumor","oral_cavity","B/Plasma","Other",35,6,17.1428571428571,0.0429915185370634,0,"LGALS2","log1p of counts scaled to 10,000"
"GSE181919","C26","P26","primary_tumor","oral_cavity","Macrophage","Other",373,246,65.9517426273459,0.984911749924791,0.878530917171507,"LGALS2","log1p of counts scaled to 10,000"
"GSE181919","C26","P26","primary_tumor","oral_cavity","Dendritic","Other",280,40,14.2857142857143,0.215908182126063,0,"LGALS2","log1p of counts scaled to 10,000"
"GSE181919","C26","P26","primary_tumor","oral_cavity","Mast","Other",1,0,0,0,0,"LGALS2","log1p of counts scaled to 10,000"
"GSE181919","C30","P30","primary_tumor","oral_cavity","Malignant","OSCC cancer cell",94,9,9.57446808510638,0.0126920260965137,0,"LGALS2","log1p of counts scaled to 10,000"
"GSE181919","C30","P30","primary_tumor","oral_cavity","Fibroblast","Other",52,3,5.76923076923077,0.0151370808483715,0,"LGALS2","log1p of counts scaled to 10,000"
"GSE181919","C30","P30","primary_tumor","oral_cavity","Endothelial","Other",13,0,0,0,0,"LGALS2","log1p of counts scaled to 10,000"
"GSE181919","C30","P30","primary_tumor","oral_cavity","T cell","Other",30,3,10,0.077043877922247,0,"LGALS2","log1p of counts scaled to 10,000"
"GSE181919","C30","P30","primary_tumor","oral_cavity","B/Plasma","Other",18,1,5.55555555555556,0.00543711047661885,0,"LGALS2","log1p of counts scaled to 10,000"
"GSE181919","C30","P30","primary_tumor","oral_cavity","Macrophage","Other",59,52,88.135593220339,1.24723483430096,1.18462502477743,"LGALS2","log1p of counts scaled to 10,000"
"GSE181919","C30","P30","primary_tumor","oral_cavity","Dendritic","Other",15,15,100,2.10010381217007,2.20686546364326,"LGALS2","log1p of counts scaled to 10,000"
"GSE181919","C30","P30","primary_tumor","oral_cavity","Mast","Other",1,0,0,0,0,"LGALS2","log1p of counts scaled to 10,000"
"GSE181919","C31","P31","primary_tumor","oral_cavity","Malignant","OSCC cancer cell",45,4,8.88888888888889,0.0193799487214686,0,"LGALS2","log1p of counts scaled to 10,000"
"GSE181919","C31","P31","primary_tumor","oral_cavity","Fibroblast","Other",25,0,0,0,0,"LGALS2","log1p of counts scaled to 10,000"
"GSE181919","C31","P31","primary_tumor","oral_cavity","Endothelial","Other",18,0,0,0,0,"LGALS2","log1p of counts scaled to 10,000"
"GSE181919","C31","P31","primary_tumor","oral_cavity","T cell","Other",316,8,2.53164556962025,0.0233646790725806,0,"LGALS2","log1p of counts scaled to 10,000"
"GSE181919","C31","P31","primary_tumor","oral_cavity","B/Plasma","Other",51,2,3.92156862745098,0.0101958343198846,0,"LGALS2","log1p of counts scaled to 10,000"
"GSE181919","C31","P31","primary_tumor","oral_cavity","Macrophage","Other",39,28,71.7948717948718,1.13896581106449,1.10769408670969,"LGALS2","log1p of counts scaled to 10,000"
"GSE181919","C31","P31","primary_tumor","oral_cavity","Dendritic","Other",19,5,26.3157894736842,0.418835807119555,0,"LGALS2","log1p of counts scaled to 10,000"
"GSE181919","C31","P31","primary_tumor","oral_cavity","Mast","Other",10,0,0,0,0,"LGALS2","log1p of counts scaled to 10,000"
"GSE181919","C51","P51","primary_tumor","oral_cavity","Malignant","OSCC cancer cell",274,10,3.64963503649635,0.0116208980142614,0,"LGALS2","log1p of counts scaled to 10,000"
"GSE181919","C51","P51","primary_tumor","oral_cavity","Fibroblast","Other",601,15,2.49584026622296,0.0154166100887803,0,"LGALS2","log1p of counts scaled to 10,000"
"GSE181919","C51","P51","primary_tumor","oral_cavity","Endothelial","Other",40,3,7.5,0.0392400171893536,0,"LGALS2","log1p of counts scaled to 10,000"
"GSE181919","C51","P51","primary_tumor","oral_cavity","T cell","Other",284,5,1.76056338028169,0.0138087023803222,0,"LGALS2","log1p of counts scaled to 10,000"
"GSE181919","C51","P51","primary_tumor","oral_cavity","B/Plasma","Other",140,2,1.42857142857143,0.0054550491683854,0,"LGALS2","log1p of counts scaled to 10,000"
"GSE181919","C51","P51","primary_tumor","oral_cavity","Macrophage","Other",355,252,70.9859154929578,0.973496173240083,0.936056890105215,"LGALS2","log1p of counts scaled to 10,000"
"GSE181919","C51","P51","primary_tumor","oral_cavity","Dendritic","Other",46,29,63.0434782608696,1.04531124449409,1.00313362778878,"LGALS2","log1p of counts scaled to 10,000"
"GSE181919","C51","P51","primary_tumor","oral_cavity","Mast","Other",61,1,1.63934426229508,0.0105020450154583,0,"LGALS2","log1p of counts scaled to 10,000"
"GSE181919","C60","P60","primary_tumor","oral_cavity","Malignant","OSCC cancer cell",27,4,14.8148148148148,0.0441937734402352,0,"LGALS2","log1p of counts scaled to 10,000"
"GSE181919","C60","P60","primary_tumor","oral_cavity","Fibroblast","Other",24,0,0,0,0,"LGALS2","log1p of counts scaled to 10,000"
"GSE181919","C60","P60","primary_tumor","oral_cavity","Endothelial","Other",46,1,2.17391304347826,0.0118707435628622,0,"LGALS2","log1p of counts scaled to 10,000"
"GSE181919","C60","P60","primary_tumor","oral_cavity","T cell","Other",1316,15,1.13981762917933,0.0126708265653062,0,"LGALS2","log1p of counts scaled to 10,000"
"GSE181919","C60","P60","primary_tumor","oral_cavity","B/Plasma","Other",242,1,0.413223140495868,0.00325196963982755,0,"LGALS2","log1p of counts scaled to 10,000"
"GSE181919","C60","P60","primary_tumor","oral_cavity","Macrophage","Other",184,135,73.3695652173913,0.889695973253089,0.925407421395787,"LGALS2","log1p of counts scaled to 10,000"
"GSE181919","C60","P60","primary_tumor","oral_cavity","Dendritic","Other",103,28,27.1844660194175,0.443419201487241,0,"LGALS2","log1p of counts scaled to 10,000"
"GSE181919","C60","P60","primary_tumor","oral_cavity","Mast","Other",6,0,0,0,0,"LGALS2","log1p of counts scaled to 10,000"
"GSE181919","LP15","P15","leukoplakia","oral_cavity","Epithelial","Leukoplakia epithelial",72,4,5.55555555555556,0.0283304814584309,0,"LGALS2","log1p of counts scaled to 10,000"
"GSE181919","LP15","P15","leukoplakia","oral_cavity","Fibroblast","Other",778,10,1.2853470437018,0.0092444813599163,0,"LGALS2","log1p of counts scaled to 10,000"
"GSE181919","LP15","P15","leukoplakia","oral_cavity","Endothelial","Other",251,13,5.1792828685259,0.0490531831937339,0,"LGALS2","log1p of counts scaled to 10,000"
"GSE181919","LP15","P15","leukoplakia","oral_cavity","T cell","Other",86,2,2.32558139534884,0.0214107661511404,0,"LGALS2","log1p of counts scaled to 10,000"
"GSE181919","LP15","P15","leukoplakia","oral_cavity","B/Plasma","Other",816,22,2.69607843137255,0.00841352272602151,0,"LGALS2","log1p of counts scaled to 10,000"
"GSE181919","LP15","P15","leukoplakia","oral_cavity","Macrophage","Other",171,143,83.6257309941521,1.34755586836357,1.36233143575843,"LGALS2","log1p of counts scaled to 10,000"
"GSE181919","LP15","P15","leukoplakia","oral_cavity","Dendritic","Other",49,37,75.5102040816327,1.46031247330554,1.24896645672193,"LGALS2","log1p of counts scaled to 10,000"
"GSE181919","LP15","P15","leukoplakia","oral_cavity","Mast","Other",5,1,20,0.17337812849275,0,"LGALS2","log1p of counts scaled to 10,000"
"GSE181919","LP16","P16","leukoplakia","oral_cavity","Epithelial","Leukoplakia epithelial",30,2,6.66666666666667,0.0146350006658261,0,"LGALS2","log1p of counts scaled to 10,000"
"GSE181919","LP16","P16","leukoplakia","oral_cavity","Fibroblast","Other",409,11,2.68948655256724,0.0247443547969427,0,"LGALS2","log1p of counts scaled to 10,000"
"GSE181919","LP16","P16","leukoplakia","oral_cavity","Endothelial","Other",640,18,2.8125,0.0289541442529279,0,"LGALS2","log1p of counts scaled to 10,000"
"GSE181919","LP16","P16","leukoplakia","oral_cavity","T cell","Other",877,9,1.02622576966933,0.0119853585138452,0,"LGALS2","log1p of counts scaled to 10,000"
"GSE181919","LP16","P16","leukoplakia","oral_cavity","B/Plasma","Other",63,0,0,0,0,"LGALS2","log1p of counts scaled to 10,000"
"GSE181919","LP16","P16","leukoplakia","oral_cavity","Macrophage","Other",173,86,49.7109826589595,0.805912016672755,0,"LGALS2","log1p of counts scaled to 10,000"
"GSE181919","LP16","P16","leukoplakia","oral_cavity","Dendritic","Other",36,24,66.6666666666667,1.16911363478179,1.31016417538219,"LGALS2","log1p of counts scaled to 10,000"
"GSE181919","LP16","P16","leukoplakia","oral_cavity","Mast","Other",7,0,0,0,0,"LGALS2","log1p of counts scaled to 10,000"
"GSE181919","LP16","P16","leukoplakia","oral_cavity","Myocyte","Other",3,0,0,0,0,"LGALS2","log1p of counts scaled to 10,000"
"GSE181919","LP17","P17","leukoplakia","oral_cavity","Epithelial","Leukoplakia epithelial",51,4,7.84313725490196,0.0163871632700926,0,"LGALS2","log1p of counts scaled to 10,000"
"GSE181919","LP17","P17","leukoplakia","oral_cavity","Fibroblast","Other",495,4,0.808080808080808,0.011454508273236,0,"LGALS2","log1p of counts scaled to 10,000"
"GSE181919","LP17","P17","leukoplakia","oral_cavity","Endothelial","Other",507,2,0.394477317554241,0.00552154387510504,0,"LGALS2","log1p of counts scaled to 10,000"
"GSE181919","LP17","P17","leukoplakia","oral_cavity","T cell","Other",79,1,1.26582278481013,0.00156994125423776,0,"LGALS2","log1p of counts scaled to 10,000"
"GSE181919","LP17","P17","leukoplakia","oral_cavity","B/Plasma","Other",31,1,3.2258064516129,0.010849520973069,0,"LGALS2","log1p of counts scaled to 10,000"
"GSE181919","LP17","P17","leukoplakia","oral_cavity","Macrophage","Other",67,56,83.5820895522388,1.72051720795105,1.92971511983802,"LGALS2","log1p of counts scaled to 10,000"
"GSE181919","LP17","P17","leukoplakia","oral_cavity","Dendritic","Other",5,4,80,1.81528178943411,2.45111214925806,"LGALS2","log1p of counts scaled to 10,000"
"GSE181919","LP17","P17","leukoplakia","oral_cavity","Mast","Other",3,0,0,0,0,"LGALS2","log1p of counts scaled to 10,000"
"GSE181919","LP33","P33","leukoplakia","oral_cavity","Epithelial","Leukoplakia epithelial",30,3,10,0.0340462017104032,0,"LGALS2","log1p of counts scaled to 10,000"
"GSE181919","LP33","P33","leukoplakia","oral_cavity","Fibroblast","Other",205,9,4.39024390243902,0.0369229541241245,0,"LGALS2","log1p of counts scaled to 10,000"
"GSE181919","LP33","P33","leukoplakia","oral_cavity","Endothelial","Other",165,9,5.45454545454545,0.0487402409416636,0,"LGALS2","log1p of counts scaled to 10,000"
"GSE181919","LP33","P33","leukoplakia","oral_cavity","T cell","Other",334,15,4.49101796407186,0.0501007959270573,0,"LGALS2","log1p of counts scaled to 10,000"
"GSE181919","LP33","P33","leukoplakia","oral_cavity","B/Plasma","Other",21,2,9.52380952380952,0.0293970552748124,0,"LGALS2","log1p of counts scaled to 10,000"
"GSE181919","LP33","P33","leukoplakia","oral_cavity","Macrophage","Other",63,57,90.4761904761905,2.2856966252126,2.53151871584613,"LGALS2","log1p of counts scaled to 10,000"
"GSE181919","LP33","P33","leukoplakia","oral_cavity","Dendritic","Other",5,5,100,2.61312173807368,2.85521815121767,"LGALS2","log1p of counts scaled to 10,000"
"GSE181919","N06","P6","normal","oral_cavity","Epithelial","Normal epithelial",86,1,1.16279069767442,0.0239168433839736,0,"LGALS2","log1p of counts scaled to 10,000"
"GSE181919","N06","P6","normal","oral_cavity","Fibroblast","Other",183,0,0,0,0,"LGALS2","log1p of counts scaled to 10,000"
"GSE181919","N06","P6","normal","oral_cavity","Endothelial","Other",88,1,1.13636363636364,0.0111664247091128,0,"LGALS2","log1p of counts scaled to 10,000"
"GSE181919","N06","P6","normal","oral_cavity","T cell","Other",1454,1,0.0687757909215956,0.00102155442888037,0,"LGALS2","log1p of counts scaled to 10,000"
"GSE181919","N06","P6","normal","oral_cavity","B/Plasma","Other",198,1,0.505050505050505,0.0102552091749612,0,"LGALS2","log1p of counts scaled to 10,000"
"GSE181919","N06","P6","normal","oral_cavity","Macrophage","Other",27,18,66.6666666666667,0.859695919874426,0.906386431239243,"LGALS2","log1p of counts scaled to 10,000"
"GSE181919","N06","P6","normal","oral_cavity","Dendritic","Other",6,1,16.6666666666667,0.379918995348789,0,"LGALS2","log1p of counts scaled to 10,000"
"GSE181919","N06","P6","normal","oral_cavity","Mast","Other",3,0,0,0,0,"LGALS2","log1p of counts scaled to 10,000"
"GSE181919","N06","P6","normal","oral_cavity","Myocyte","Other",57,0,0,0,0,"LGALS2","log1p of counts scaled to 10,000"
"GSE181919","N15","P15","normal","oral_cavity","Epithelial","Normal epithelial",80,0,0,0,0,"LGALS2","log1p of counts scaled to 10,000"
"GSE181919","N15","P15","normal","oral_cavity","Fibroblast","Other",1987,2,0.100654252642174,0.00151243556114444,0,"LGALS2","log1p of counts scaled to 10,000"
"GSE181919","N15","P15","normal","oral_cavity","Endothelial","Other",320,0,0,0,0,"LGALS2","log1p of counts scaled to 10,000"
"GSE181919","N15","P15","normal","oral_cavity","T cell","Other",127,0,0,0,0,"LGALS2","log1p of counts scaled to 10,000"
"GSE181919","N15","P15","normal","oral_cavity","B/Plasma","Other",160,0,0,0,0,"LGALS2","log1p of counts scaled to 10,000"
"GSE181919","N15","P15","normal","oral_cavity","Macrophage","Other",15,7,46.6666666666667,0.904357506134633,0,"LGALS2","log1p of counts scaled to 10,000"
"GSE181919","N15","P15","normal","oral_cavity","Mast","Other",1,0,0,0,0,"LGALS2","log1p of counts scaled to 10,000"
"GSE181919","N15","P15","normal","oral_cavity","Myocyte","Other",5,1,20,0.237345922457378,0,"LGALS2","log1p of counts scaled to 10,000"
"GSE181919","N21","P21","normal","oral_cavity","Epithelial","Normal epithelial",33,0,0,0,0,"LGALS2","log1p of counts scaled to 10,000"
"GSE181919","N21","P21","normal","oral_cavity","Fibroblast","Other",1587,9,0.56710775047259,0.00513800536674908,0,"LGALS2","log1p of counts scaled to 10,000"
"GSE181919","N21","P21","normal","oral_cavity","Endothelial","Other",205,1,0.48780487804878,0.00669550118041909,0,"LGALS2","log1p of counts scaled to 10,000"
"GSE181919","N21","P21","normal","oral_cavity","T cell","Other",375,0,0,0,0,"LGALS2","log1p of counts scaled to 10,000"
"GSE181919","N21","P21","normal","oral_cavity","B/Plasma","Other",68,0,0,0,0,"LGALS2","log1p of counts scaled to 10,000"
"GSE181919","N21","P21","normal","oral_cavity","Macrophage","Other",120,84,70,1.30950300291518,1.48773734556554,"LGALS2","log1p of counts scaled to 10,000"
"GSE181919","N21","P21","normal","oral_cavity","Dendritic","Other",15,11,73.3333333333333,2.0479970951207,2.41418975366491,"LGALS2","log1p of counts scaled to 10,000"
"GSE181919","N21","P21","normal","oral_cavity","Mast","Other",4,0,0,0,0,"LGALS2","log1p of counts scaled to 10,000"
"GSE181919","N21","P21","normal","oral_cavity","Myocyte","Other",28,0,0,0,0,"LGALS2","log1p of counts scaled to 10,000"
"GSE181919","C04","P4","primary_tumor","oral_cavity","Malignant","OSCC cancer cell",427,423,99.0632318501171,1.43063493981433,1.47710513040731,"LGALS3","log1p of counts scaled to 10,000"
"GSE181919","C04","P4","primary_tumor","oral_cavity","Fibroblast","Other",8,8,100,1.16639500377352,1.17366576919052,"LGALS3","log1p of counts scaled to 10,000"
"GSE181919","C04","P4","primary_tumor","oral_cavity","Endothelial","Other",19,18,94.7368421052632,1.18036935677467,1.40366129149983,"LGALS3","log1p of counts scaled to 10,000"
"GSE181919","C04","P4","primary_tumor","oral_cavity","T cell","Other",78,78,100,1.40449654992289,1.40322800367016,"LGALS3","log1p of counts scaled to 10,000"
"GSE181919","C04","P4","primary_tumor","oral_cavity","B/Plasma","Other",73,38,52.0547945205479,0.491803323787909,0.34494517524122,"LGALS3","log1p of counts scaled to 10,000"
"GSE181919","C04","P4","primary_tumor","oral_cavity","Macrophage","Other",2,2,100,1.92721172086153,1.92721172086153,"LGALS3","log1p of counts scaled to 10,000"
"GSE181919","C04","P4","primary_tumor","oral_cavity","Dendritic","Other",1,1,100,1.59306508908254,1.59306508908254,"LGALS3","log1p of counts scaled to 10,000"
"GSE181919","C06","P6","primary_tumor","oral_cavity","Malignant","OSCC cancer cell",52,52,100,1.76439798427498,1.68725188596676,"LGALS3","log1p of counts scaled to 10,000"
"GSE181919","C06","P6","primary_tumor","oral_cavity","Fibroblast","Other",223,201,90.1345291479821,1.30432172382116,1.43673244344946,"LGALS3","log1p of counts scaled to 10,000"
"GSE181919","C06","P6","primary_tumor","oral_cavity","Endothelial","Other",36,30,83.3333333333333,1.00353632056458,1.07729286266374,"LGALS3","log1p of counts scaled to 10,000"
"GSE181919","C06","P6","primary_tumor","oral_cavity","T cell","Other",197,115,58.3756345177665,0.879074749631063,0.9765783834781,"LGALS3","log1p of counts scaled to 10,000"
"GSE181919","C06","P6","primary_tumor","oral_cavity","B/Plasma","Other",260,82,31.5384615384615,0.288504034027899,0,"LGALS3","log1p of counts scaled to 10,000"
"GSE181919","C06","P6","primary_tumor","oral_cavity","Macrophage","Other",399,363,90.9774436090226,1.71739062019747,1.76027861402112,"LGALS3","log1p of counts scaled to 10,000"
"GSE181919","C06","P6","primary_tumor","oral_cavity","Dendritic","Other",114,65,57.0175438596491,0.798262109475823,0.831656856420553,"LGALS3","log1p of counts scaled to 10,000"
"GSE181919","C06","P6","primary_tumor","oral_cavity","Mast","Other",45,38,84.4444444444444,1.83869708694611,2.00712826143436,"LGALS3","log1p of counts scaled to 10,000"
"GSE181919","C06","P6","primary_tumor","oral_cavity","Myocyte","Other",1,1,100,0.848404150138105,0.848404150138105,"LGALS3","log1p of counts scaled to 10,000"
"GSE181919","C07","P7","primary_tumor","oral_cavity","Malignant","OSCC cancer cell",43,40,93.0232558139535,1.12963960030867,1.14647332636263,"LGALS3","log1p of counts scaled to 10,000"
"GSE181919","C07","P7","primary_tumor","oral_cavity","Fibroblast","Other",110,103,93.6363636363636,1.19702136121141,1.25022023500832,"LGALS3","log1p of counts scaled to 10,000"
"GSE181919","C07","P7","primary_tumor","oral_cavity","Endothelial","Other",43,34,79.0697674418605,1.09464354989425,1.1829735064354,"LGALS3","log1p of counts scaled to 10,000"
"GSE181919","C07","P7","primary_tumor","oral_cavity","T cell","Other",140,110,78.5714285714286,1.15294709371418,1.32821892375552,"LGALS3","log1p of counts scaled to 10,000"
"GSE181919","C07","P7","primary_tumor","oral_cavity","B/Plasma","Other",23,16,69.5652173913043,0.507444894135279,0.354120001205121,"LGALS3","log1p of counts scaled to 10,000"
"GSE181919","C07","P7","primary_tumor","oral_cavity","Macrophage","Other",142,128,90.1408450704225,1.32385896414783,1.40053432605162,"LGALS3","log1p of counts scaled to 10,000"
"GSE181919","C07","P7","primary_tumor","oral_cavity","Dendritic","Other",21,7,33.3333333333333,0.333515825160805,0,"LGALS3","log1p of counts scaled to 10,000"
"GSE181919","C07","P7","primary_tumor","oral_cavity","Mast","Other",11,7,63.6363636363636,0.698414693324575,0.776434888376809,"LGALS3","log1p of counts scaled to 10,000"
"GSE181919","C07","P7","primary_tumor","oral_cavity","Myocyte","Other",3,3,100,1.95841422166158,1.85087433260328,"LGALS3","log1p of counts scaled to 10,000"
"GSE181919","C15","P15","primary_tumor","oral_cavity","Malignant","OSCC cancer cell",59,58,98.3050847457627,1.73847628656545,1.66687750577522,"LGALS3","log1p of counts scaled to 10,000"
"GSE181919","C15","P15","primary_tumor","oral_cavity","Fibroblast","Other",438,415,94.7488584474886,1.66141770869977,1.75514883979751,"LGALS3","log1p of counts scaled to 10,000"
"GSE181919","C15","P15","primary_tumor","oral_cavity","Endothelial","Other",95,75,78.9473684210526,1.20912583808461,1.27008279463044,"LGALS3","log1p of counts scaled to 10,000"
"GSE181919","C15","P15","primary_tumor","oral_cavity","T cell","Other",106,77,72.6415094339623,1.11599649064069,1.17768448867194,"LGALS3","log1p of counts scaled to 10,000"
"GSE181919","C15","P15","primary_tumor","oral_cavity","B/Plasma","Other",529,356,67.296786389414,0.529594890350054,0.514735973020238,"LGALS3","log1p of counts scaled to 10,000"
"GSE181919","C15","P15","primary_tumor","oral_cavity","Macrophage","Other",422,399,94.5497630331754,2.15809332729163,2.2044201407928,"LGALS3","log1p of counts scaled to 10,000"
"GSE181919","C15","P15","primary_tumor","oral_cavity","Dendritic","Other",77,62,80.5194805194805,1.31198014636283,1.34886946675803,"LGALS3","log1p of counts scaled to 10,000"
"GSE181919","C15","P15","primary_tumor","oral_cavity","Mast","Other",5,5,100,2.487599985452,2.58258880178067,"LGALS3","log1p of counts scaled to 10,000"
"GSE181919","C21","P21","primary_tumor","oral_cavity","Malignant","OSCC cancer cell",272,271,99.6323529411765,1.67563866776975,1.61093674650459,"LGALS3","log1p of counts scaled to 10,000"
"GSE181919","C21","P21","primary_tumor","oral_cavity","Fibroblast","Other",127,125,98.4251968503937,1.3949549142955,1.43618264715392,"LGALS3","log1p of counts scaled to 10,000"
"GSE181919","C21","P21","primary_tumor","oral_cavity","Endothelial","Other",1,1,100,1.74577992111071,1.74577992111071,"LGALS3","log1p of counts scaled to 10,000"
"GSE181919","C21","P21","primary_tumor","oral_cavity","T cell","Other",42,38,90.4761904761905,1.15778963189584,1.1343002432802,"LGALS3","log1p of counts scaled to 10,000"
"GSE181919","C21","P21","primary_tumor","oral_cavity","B/Plasma","Other",4,3,75,1.22592478681149,1.61721355932671,"LGALS3","log1p of counts scaled to 10,000"
"GSE181919","C21","P21","primary_tumor","oral_cavity","Macrophage","Other",239,239,100,2.50962498653273,2.54840951634851,"LGALS3","log1p of counts scaled to 10,000"
"GSE181919","C21","P21","primary_tumor","oral_cavity","Dendritic","Other",12,9,75,0.79517555620034,0.763115212104653,"LGALS3","log1p of counts scaled to 10,000"
"GSE181919","C26","P26","primary_tumor","oral_cavity","Malignant","OSCC cancer cell",83,82,98.7951807228916,1.31146552929622,1.28749408562014,"LGALS3","log1p of counts scaled to 10,000"
"GSE181919","C26","P26","primary_tumor","oral_cavity","Fibroblast","Other",13,13,100,1.30391978523268,1.21198873798719,"LGALS3","log1p of counts scaled to 10,000"
"GSE181919","C26","P26","primary_tumor","oral_cavity","Endothelial","Other",3,3,100,0.702444037374557,0.809198014154933,"LGALS3","log1p of counts scaled to 10,000"
"GSE181919","C26","P26","primary_tumor","oral_cavity","T cell","Other",156,133,85.2564102564102,1.26736219221843,1.30078809526511,"LGALS3","log1p of counts scaled to 10,000"
"GSE181919","C26","P26","primary_tumor","oral_cavity","B/Plasma","Other",35,21,60,0.448155690246252,0.314621263649363,"LGALS3","log1p of counts scaled to 10,000"
"GSE181919","C26","P26","primary_tumor","oral_cavity","Macrophage","Other",373,335,89.8123324396783,1.56380565065667,1.60417872663988,"LGALS3","log1p of counts scaled to 10,000"
"GSE181919","C26","P26","primary_tumor","oral_cavity","Dendritic","Other",280,78,27.8571428571429,0.285466387375674,0,"LGALS3","log1p of counts scaled to 10,000"
"GSE181919","C26","P26","primary_tumor","oral_cavity","Mast","Other",1,1,100,1.64213173593285,1.64213173593285,"LGALS3","log1p of counts scaled to 10,000"
"GSE181919","C30","P30","primary_tumor","oral_cavity","Malignant","OSCC cancer cell",94,94,100,1.52377250972207,1.57253551023445,"LGALS3","log1p of counts scaled to 10,000"
"GSE181919","C30","P30","primary_tumor","oral_cavity","Fibroblast","Other",52,52,100,1.37253081952132,1.390283728844,"LGALS3","log1p of counts scaled to 10,000"
"GSE181919","C30","P30","primary_tumor","oral_cavity","Endothelial","Other",13,10,76.9230769230769,0.790816569478793,0.487883391163766,"LGALS3","log1p of counts scaled to 10,000"
"GSE181919","C30","P30","primary_tumor","oral_cavity","T cell","Other",30,28,93.3333333333333,1.25890017295829,1.39281671882828,"LGALS3","log1p of counts scaled to 10,000"
"GSE181919","C30","P30","primary_tumor","oral_cavity","B/Plasma","Other",18,12,66.6666666666667,0.419415409955645,0.296304021743754,"LGALS3","log1p of counts scaled to 10,000"
"GSE181919","C30","P30","primary_tumor","oral_cavity","Macrophage","Other",59,59,100,2.31743533140862,2.40182058485357,"LGALS3","log1p of counts scaled to 10,000"
"GSE181919","C30","P30","primary_tumor","oral_cavity","Dendritic","Other",15,12,80,0.66181051640265,0.731626178969671,"LGALS3","log1p of counts scaled to 10,000"
"GSE181919","C30","P30","primary_tumor","oral_cavity","Mast","Other",1,1,100,2.09176158028003,2.09176158028003,"LGALS3","log1p of counts scaled to 10,000"
"GSE181919","C31","P31","primary_tumor","oral_cavity","Malignant","OSCC cancer cell",45,44,97.7777777777778,1.2566305489625,1.11589291834217,"LGALS3","log1p of counts scaled to 10,000"
"GSE181919","C31","P31","primary_tumor","oral_cavity","Fibroblast","Other",25,23,92,1.63484619146606,1.72947283902119,"LGALS3","log1p of counts scaled to 10,000"
"GSE181919","C31","P31","primary_tumor","oral_cavity","Endothelial","Other",18,17,94.4444444444444,1.58167901910788,1.68343280830585,"LGALS3","log1p of counts scaled to 10,000"
"GSE181919","C31","P31","primary_tumor","oral_cavity","T cell","Other",316,191,60.4430379746835,0.92515834130948,1.04445624070582,"LGALS3","log1p of counts scaled to 10,000"
"GSE181919","C31","P31","primary_tumor","oral_cavity","B/Plasma","Other",51,16,31.3725490196078,0.322689847242695,0,"LGALS3","log1p of counts scaled to 10,000"
"GSE181919","C31","P31","primary_tumor","oral_cavity","Macrophage","Other",39,36,92.3076923076923,1.86407078291536,1.83340793515952,"LGALS3","log1p of counts scaled to 10,000"
"GSE181919","C31","P31","primary_tumor","oral_cavity","Dendritic","Other",19,9,47.3684210526316,0.51515484849536,0,"LGALS3","log1p of counts scaled to 10,000"
"GSE181919","C31","P31","primary_tumor","oral_cavity","Mast","Other",10,10,100,1.73629516017858,1.71222968413939,"LGALS3","log1p of counts scaled to 10,000"
"GSE181919","C51","P51","primary_tumor","oral_cavity","Malignant","OSCC cancer cell",274,268,97.8102189781022,1.27192453851956,1.27264884556815,"LGALS3","log1p of counts scaled to 10,000"
"GSE181919","C51","P51","primary_tumor","oral_cavity","Fibroblast","Other",601,515,85.6905158069884,0.999702513743433,0.999034369996352,"LGALS3","log1p of counts scaled to 10,000"
"GSE181919","C51","P51","primary_tumor","oral_cavity","Endothelial","Other",40,29,72.5,0.668181487850233,0.693273107074219,"LGALS3","log1p of counts scaled to 10,000"
"GSE181919","C51","P51","primary_tumor","oral_cavity","T cell","Other",284,230,80.9859154929577,1.27365278650631,1.3844546974194,"LGALS3","log1p of counts scaled to 10,000"
"GSE181919","C51","P51","primary_tumor","oral_cavity","B/Plasma","Other",140,96,68.5714285714286,0.515799159498749,0.454691340570382,"LGALS3","log1p of counts scaled to 10,000"
"GSE181919","C51","P51","primary_tumor","oral_cavity","Macrophage","Other",355,348,98.0281690140845,2.29853161401105,2.28363650215819,"LGALS3","log1p of counts scaled to 10,000"
"GSE181919","C51","P51","primary_tumor","oral_cavity","Dendritic","Other",46,27,58.695652173913,0.765637010480335,0.626672834651425,"LGALS3","log1p of counts scaled to 10,000"
"GSE181919","C51","P51","primary_tumor","oral_cavity","Mast","Other",61,56,91.8032786885246,1.7509698811142,1.80373415066649,"LGALS3","log1p of counts scaled to 10,000"
"GSE181919","C60","P60","primary_tumor","oral_cavity","Malignant","OSCC cancer cell",27,26,96.2962962962963,1.24411975195996,1.26440989072413,"LGALS3","log1p of counts scaled to 10,000"
"GSE181919","C60","P60","primary_tumor","oral_cavity","Fibroblast","Other",24,23,95.8333333333333,1.87626086742006,2.11346067648302,"LGALS3","log1p of counts scaled to 10,000"
"GSE181919","C60","P60","primary_tumor","oral_cavity","Endothelial","Other",46,39,84.7826086956522,1.12159680086962,1.14502953638636,"LGALS3","log1p of counts scaled to 10,000"
"GSE181919","C60","P60","primary_tumor","oral_cavity","T cell","Other",1316,630,47.8723404255319,0.711098344593863,0,"LGALS3","log1p of counts scaled to 10,000"
"GSE181919","C60","P60","primary_tumor","oral_cavity","B/Plasma","Other",242,67,27.6859504132231,0.284013440818649,0,"LGALS3","log1p of counts scaled to 10,000"
"GSE181919","C60","P60","primary_tumor","oral_cavity","Macrophage","Other",184,166,90.2173913043478,1.86277577651074,1.98984105917826,"LGALS3","log1p of counts scaled to 10,000"
"GSE181919","C60","P60","primary_tumor","oral_cavity","Dendritic","Other",103,43,41.747572815534,0.478596995097419,0,"LGALS3","log1p of counts scaled to 10,000"
"GSE181919","C60","P60","primary_tumor","oral_cavity","Mast","Other",6,6,100,2.78929142540232,2.61801380947917,"LGALS3","log1p of counts scaled to 10,000"
"GSE181919","LP15","P15","leukoplakia","oral_cavity","Epithelial","Leukoplakia epithelial",72,71,98.6111111111111,1.79121783069155,1.79344893286328,"LGALS3","log1p of counts scaled to 10,000"
"GSE181919","LP15","P15","leukoplakia","oral_cavity","Fibroblast","Other",778,775,99.6143958868895,1.95216615430382,1.99370003297311,"LGALS3","log1p of counts scaled to 10,000"
"GSE181919","LP15","P15","leukoplakia","oral_cavity","Endothelial","Other",251,245,97.609561752988,1.61064005793629,1.63167008743238,"LGALS3","log1p of counts scaled to 10,000"
"GSE181919","LP15","P15","leukoplakia","oral_cavity","T cell","Other",86,57,66.2790697674419,0.709816611348312,0.679988734988135,"LGALS3","log1p of counts scaled to 10,000"
"GSE181919","LP15","P15","leukoplakia","oral_cavity","B/Plasma","Other",816,610,74.7549019607843,0.444622699451394,0.396296860992818,"LGALS3","log1p of counts scaled to 10,000"
"GSE181919","LP15","P15","leukoplakia","oral_cavity","Macrophage","Other",171,162,94.7368421052632,1.7640462486472,1.85327519926764,"LGALS3","log1p of counts scaled to 10,000"
"GSE181919","LP15","P15","leukoplakia","oral_cavity","Dendritic","Other",49,40,81.6326530612245,1.22589047157175,1.21060902726558,"LGALS3","log1p of counts scaled to 10,000"
"GSE181919","LP15","P15","leukoplakia","oral_cavity","Mast","Other",5,5,100,2.92646632601176,2.78343635018663,"LGALS3","log1p of counts scaled to 10,000"
"GSE181919","LP16","P16","leukoplakia","oral_cavity","Epithelial","Leukoplakia epithelial",30,24,80,1.25869873773037,1.31004094637307,"LGALS3","log1p of counts scaled to 10,000"
"GSE181919","LP16","P16","leukoplakia","oral_cavity","Fibroblast","Other",409,386,94.3765281173594,1.81744730377852,1.92461596905766,"LGALS3","log1p of counts scaled to 10,000"
"GSE181919","LP16","P16","leukoplakia","oral_cavity","Endothelial","Other",640,567,88.59375,1.5047867402832,1.60441785475911,"LGALS3","log1p of counts scaled to 10,000"
"GSE181919","LP16","P16","leukoplakia","oral_cavity","T cell","Other",877,472,53.8198403648803,0.900390769669875,1.08080144592186,"LGALS3","log1p of counts scaled to 10,000"
"GSE181919","LP16","P16","leukoplakia","oral_cavity","B/Plasma","Other",63,29,46.031746031746,0.757441645356524,0,"LGALS3","log1p of counts scaled to 10,000"
"GSE181919","LP16","P16","leukoplakia","oral_cavity","Macrophage","Other",173,162,93.6416184971098,1.89647241988022,1.8996317467803,"LGALS3","log1p of counts scaled to 10,000"
"GSE181919","LP16","P16","leukoplakia","oral_cavity","Dendritic","Other",36,23,63.8888888888889,0.876367568171723,0.920590932293786,"LGALS3","log1p of counts scaled to 10,000"
"GSE181919","LP16","P16","leukoplakia","oral_cavity","Mast","Other",7,6,85.7142857142857,2.11902971127794,2.40581152410102,"LGALS3","log1p of counts scaled to 10,000"
"GSE181919","LP16","P16","leukoplakia","oral_cavity","Myocyte","Other",3,0,0,0,0,"LGALS3","log1p of counts scaled to 10,000"
"GSE181919","LP17","P17","leukoplakia","oral_cavity","Epithelial","Leukoplakia epithelial",51,46,90.1960784313726,1.38209809634263,1.45038897865379,"LGALS3","log1p of counts scaled to 10,000"
"GSE181919","LP17","P17","leukoplakia","oral_cavity","Fibroblast","Other",495,428,86.4646464646465,1.66543783267442,1.85033183679195,"LGALS3","log1p of counts scaled to 10,000"
"GSE181919","LP17","P17","leukoplakia","oral_cavity","Endothelial","Other",507,449,88.560157790927,1.58210174199597,1.70060822846777,"LGALS3","log1p of counts scaled to 10,000"
"GSE181919","LP17","P17","leukoplakia","oral_cavity","T cell","Other",79,48,60.7594936708861,1.13740086446181,1.43386668376264,"LGALS3","log1p of counts scaled to 10,000"
"GSE181919","LP17","P17","leukoplakia","oral_cavity","B/Plasma","Other",31,19,61.2903225806452,0.580984554304467,0.455261044230544,"LGALS3","log1p of counts scaled to 10,000"
"GSE181919","LP17","P17","leukoplakia","oral_cavity","Macrophage","Other",67,56,83.5820895522388,1.74320619679965,1.76477720932112,"LGALS3","log1p of counts scaled to 10,000"
"GSE181919","LP17","P17","leukoplakia","oral_cavity","Dendritic","Other",5,5,100,1.23252649825731,1.26194543880559,"LGALS3","log1p of counts scaled to 10,000"
"GSE181919","LP17","P17","leukoplakia","oral_cavity","Mast","Other",3,3,100,2.91991883125656,2.98107913380208,"LGALS3","log1p of counts scaled to 10,000"
"GSE181919","LP33","P33","leukoplakia","oral_cavity","Epithelial","Leukoplakia epithelial",30,24,80,1.04361755049591,1.19741161087886,"LGALS3","log1p of counts scaled to 10,000"
"GSE181919","LP33","P33","leukoplakia","oral_cavity","Fibroblast","Other",205,181,88.2926829268293,1.5552260192921,1.63396202476441,"LGALS3","log1p of counts scaled to 10,000"
"GSE181919","LP33","P33","leukoplakia","oral_cavity","Endothelial","Other",165,150,90.9090909090909,1.75803854354143,1.87080157786803,"LGALS3","log1p of counts scaled to 10,000"
"GSE181919","LP33","P33","leukoplakia","oral_cavity","T cell","Other",334,211,63.1736526946108,1.15708325484394,1.33550598844244,"LGALS3","log1p of counts scaled to 10,000"
"GSE181919","LP33","P33","leukoplakia","oral_cavity","B/Plasma","Other",21,17,80.9523809523809,1.06875090368516,0.991260172255228,"LGALS3","log1p of counts scaled to 10,000"
"GSE181919","LP33","P33","leukoplakia","oral_cavity","Macrophage","Other",63,58,92.0634920634921,1.89451975555495,2.00111108053532,"LGALS3","log1p of counts scaled to 10,000"
"GSE181919","LP33","P33","leukoplakia","oral_cavity","Dendritic","Other",5,5,100,1.48815281014858,1.63800708158446,"LGALS3","log1p of counts scaled to 10,000"
"GSE181919","N06","P6","normal","oral_cavity","Epithelial","Normal epithelial",86,18,20.9302325581395,0.388199632961165,0,"LGALS3","log1p of counts scaled to 10,000"
"GSE181919","N06","P6","normal","oral_cavity","Fibroblast","Other",183,166,90.7103825136612,2.03028591835277,2.20334314326959,"LGALS3","log1p of counts scaled to 10,000"
"GSE181919","N06","P6","normal","oral_cavity","Endothelial","Other",88,83,94.3181818181818,1.81094433062354,1.84365137199455,"LGALS3","log1p of counts scaled to 10,000"
"GSE181919","N06","P6","normal","oral_cavity","T cell","Other",1454,324,22.283356258597,0.392911028637923,0,"LGALS3","log1p of counts scaled to 10,000"
"GSE181919","N06","P6","normal","oral_cavity","B/Plasma","Other",198,37,18.6868686868687,0.356071659549973,0,"LGALS3","log1p of counts scaled to 10,000"
"GSE181919","N06","P6","normal","oral_cavity","Macrophage","Other",27,26,96.2962962962963,1.74769494178128,1.93173093374384,"LGALS3","log1p of counts scaled to 10,000"
"GSE181919","N06","P6","normal","oral_cavity","Dendritic","Other",6,3,50,0.974918929628119,0.942179744559831,"LGALS3","log1p of counts scaled to 10,000"
"GSE181919","N06","P6","normal","oral_cavity","Mast","Other",3,2,66.6666666666667,2.05598508163562,1.99789063329586,"LGALS3","log1p of counts scaled to 10,000"
"GSE181919","N06","P6","normal","oral_cavity","Myocyte","Other",57,8,14.0350877192982,0.202616724209683,0,"LGALS3","log1p of counts scaled to 10,000"
"GSE181919","N15","P15","normal","oral_cavity","Epithelial","Normal epithelial",80,39,48.75,0.964969514108217,0,"LGALS3","log1p of counts scaled to 10,000"
"GSE181919","N15","P15","normal","oral_cavity","Fibroblast","Other",1987,1862,93.7091092098641,2.23543524475122,2.35709500583626,"LGALS3","log1p of counts scaled to 10,000"
"GSE181919","N15","P15","normal","oral_cavity","Endothelial","Other",320,264,82.5,1.85160934875244,2.11120875493818,"LGALS3","log1p of counts scaled to 10,000"
"GSE181919","N15","P15","normal","oral_cavity","T cell","Other",127,29,22.8346456692913,0.492041732456268,0,"LGALS3","log1p of counts scaled to 10,000"
"GSE181919","N15","P15","normal","oral_cavity","B/Plasma","Other",160,128,80,1.93507101820359,2.1993658411716,"LGALS3","log1p of counts scaled to 10,000"
"GSE181919","N15","P15","normal","oral_cavity","Macrophage","Other",15,11,73.3333333333333,1.16630620857241,1.3393350083739,"LGALS3","log1p of counts scaled to 10,000"
"GSE181919","N15","P15","normal","oral_cavity","Mast","Other",1,1,100,3.56236837113335,3.56236837113335,"LGALS3","log1p of counts scaled to 10,000"
"GSE181919","N15","P15","normal","oral_cavity","Myocyte","Other",5,2,40,1.06720371254949,0,"LGALS3","log1p of counts scaled to 10,000"
"GSE181919","N21","P21","normal","oral_cavity","Epithelial","Normal epithelial",33,27,81.8181818181818,1.4297277430358,1.48193561279496,"LGALS3","log1p of counts scaled to 10,000"
"GSE181919","N21","P21","normal","oral_cavity","Fibroblast","Other",1587,1555,97.9836168872086,2.4647865066873,2.56062184109766,"LGALS3","log1p of counts scaled to 10,000"
"GSE181919","N21","P21","normal","oral_cavity","Endothelial","Other",205,195,95.1219512195122,1.89595135061649,1.99440950715723,"LGALS3","log1p of counts scaled to 10,000"
"GSE181919","N21","P21","normal","oral_cavity","T cell","Other",375,118,31.4666666666667,0.524248094041959,0,"LGALS3","log1p of counts scaled to 10,000"
"GSE181919","N21","P21","normal","oral_cavity","B/Plasma","Other",68,55,80.8823529411765,1.95034324880593,2.22824391937867,"LGALS3","log1p of counts scaled to 10,000"
"GSE181919","N21","P21","normal","oral_cavity","Macrophage","Other",120,93,77.5,1.4051150288035,1.60742146009357,"LGALS3","log1p of counts scaled to 10,000"
"GSE181919","N21","P21","normal","oral_cavity","Dendritic","Other",15,10,66.6666666666667,0.964201375204421,1.03603328427208,"LGALS3","log1p of counts scaled to 10,000"
"GSE181919","N21","P21","normal","oral_cavity","Mast","Other",4,4,100,2.43472474772032,2.50348317823043,"LGALS3","log1p of counts scaled to 10,000"
"GSE181919","N21","P21","normal","oral_cavity","Myocyte","Other",28,14,50,0.720669233790589,0.333114053386064,"LGALS3","log1p of counts scaled to 10,000"
"GSE181919","C04","P4","primary_tumor","oral_cavity","Malignant","OSCC cancer cell",427,0,0,0,0,"LGALS4","log1p of counts scaled to 10,000"
"GSE181919","C04","P4","primary_tumor","oral_cavity","Fibroblast","Other",8,0,0,0,0,"LGALS4","log1p of counts scaled to 10,000"
"GSE181919","C04","P4","primary_tumor","oral_cavity","Endothelial","Other",19,0,0,0,0,"LGALS4","log1p of counts scaled to 10,000"
"GSE181919","C04","P4","primary_tumor","oral_cavity","T cell","Other",78,2,2.56410256410256,0.0032506020198032,0,"LGALS4","log1p of counts scaled to 10,000"
"GSE181919","C04","P4","primary_tumor","oral_cavity","B/Plasma","Other",73,0,0,0,0,"LGALS4","log1p of counts scaled to 10,000"
"GSE181919","C04","P4","primary_tumor","oral_cavity","Macrophage","Other",2,0,0,0,0,"LGALS4","log1p of counts scaled to 10,000"
"GSE181919","C04","P4","primary_tumor","oral_cavity","Dendritic","Other",1,0,0,0,0,"LGALS4","log1p of counts scaled to 10,000"
"GSE181919","C06","P6","primary_tumor","oral_cavity","Malignant","OSCC cancer cell",52,2,3.84615384615385,0.00618992205548965,0,"LGALS4","log1p of counts scaled to 10,000"
"GSE181919","C06","P6","primary_tumor","oral_cavity","Fibroblast","Other",223,3,1.34529147982063,0.00887207403279982,0,"LGALS4","log1p of counts scaled to 10,000"
"GSE181919","C06","P6","primary_tumor","oral_cavity","Endothelial","Other",36,1,2.77777777777778,0.0124606332094157,0,"LGALS4","log1p of counts scaled to 10,000"
"GSE181919","C06","P6","primary_tumor","oral_cavity","T cell","Other",197,0,0,0,0,"LGALS4","log1p of counts scaled to 10,000"
"GSE181919","C06","P6","primary_tumor","oral_cavity","B/Plasma","Other",260,0,0,0,0,"LGALS4","log1p of counts scaled to 10,000"
"GSE181919","C06","P6","primary_tumor","oral_cavity","Macrophage","Other",399,1,0.25062656641604,0.000703028716853615,0,"LGALS4","log1p of counts scaled to 10,000"
"GSE181919","C06","P6","primary_tumor","oral_cavity","Dendritic","Other",114,0,0,0,0,"LGALS4","log1p of counts scaled to 10,000"
"GSE181919","C06","P6","primary_tumor","oral_cavity","Mast","Other",45,0,0,0,0,"LGALS4","log1p of counts scaled to 10,000"
"GSE181919","C06","P6","primary_tumor","oral_cavity","Myocyte","Other",1,0,0,0,0,"LGALS4","log1p of counts scaled to 10,000"
"GSE181919","C07","P7","primary_tumor","oral_cavity","Malignant","OSCC cancer cell",43,0,0,0,0,"LGALS4","log1p of counts scaled to 10,000"
"GSE181919","C07","P7","primary_tumor","oral_cavity","Fibroblast","Other",110,5,4.54545454545455,0.0312171751866897,0,"LGALS4","log1p of counts scaled to 10,000"
"GSE181919","C07","P7","primary_tumor","oral_cavity","Endothelial","Other",43,0,0,0,0,"LGALS4","log1p of counts scaled to 10,000"
"GSE181919","C07","P7","primary_tumor","oral_cavity","T cell","Other",140,2,1.42857142857143,0.0123401933266153,0,"LGALS4","log1p of counts scaled to 10,000"
"GSE181919","C07","P7","primary_tumor","oral_cavity","B/Plasma","Other",23,1,4.34782608695652,0.0162749782242406,0,"LGALS4","log1p of counts scaled to 10,000"
"GSE181919","C07","P7","primary_tumor","oral_cavity","Macrophage","Other",142,0,0,0,0,"LGALS4","log1p of counts scaled to 10,000"
"GSE181919","C07","P7","primary_tumor","oral_cavity","Dendritic","Other",21,0,0,0,0,"LGALS4","log1p of counts scaled to 10,000"
"GSE181919","C07","P7","primary_tumor","oral_cavity","Mast","Other",11,0,0,0,0,"LGALS4","log1p of counts scaled to 10,000"
"GSE181919","C07","P7","primary_tumor","oral_cavity","Myocyte","Other",3,0,0,0,0,"LGALS4","log1p of counts scaled to 10,000"
"GSE181919","C15","P15","primary_tumor","oral_cavity","Malignant","OSCC cancer cell",59,0,0,0,0,"LGALS4","log1p of counts scaled to 10,000"
"GSE181919","C15","P15","primary_tumor","oral_cavity","Fibroblast","Other",438,3,0.684931506849315,0.00458907782516294,0,"LGALS4","log1p of counts scaled to 10,000"
"GSE181919","C15","P15","primary_tumor","oral_cavity","Endothelial","Other",95,0,0,0,0,"LGALS4","log1p of counts scaled to 10,000"
"GSE181919","C15","P15","primary_tumor","oral_cavity","T cell","Other",106,0,0,0,0,"LGALS4","log1p of counts scaled to 10,000"
"GSE181919","C15","P15","primary_tumor","oral_cavity","B/Plasma","Other",529,0,0,0,0,"LGALS4","log1p of counts scaled to 10,000"
"GSE181919","C15","P15","primary_tumor","oral_cavity","Macrophage","Other",422,0,0,0,0,"LGALS4","log1p of counts scaled to 10,000"
"GSE181919","C15","P15","primary_tumor","oral_cavity","Dendritic","Other",77,0,0,0,0,"LGALS4","log1p of counts scaled to 10,000"
"GSE181919","C15","P15","primary_tumor","oral_cavity","Mast","Other",5,0,0,0,0,"LGALS4","log1p of counts scaled to 10,000"
"GSE181919","C21","P21","primary_tumor","oral_cavity","Malignant","OSCC cancer cell",272,2,0.735294117647059,0.00104161614497073,0,"LGALS4","log1p of counts scaled to 10,000"
"GSE181919","C21","P21","primary_tumor","oral_cavity","Fibroblast","Other",127,1,0.78740157480315,0.0029448719074121,0,"LGALS4","log1p of counts scaled to 10,000"
"GSE181919","C21","P21","primary_tumor","oral_cavity","Endothelial","Other",1,0,0,0,0,"LGALS4","log1p of counts scaled to 10,000"
"GSE181919","C21","P21","primary_tumor","oral_cavity","T cell","Other",42,0,0,0,0,"LGALS4","log1p of counts scaled to 10,000"
"GSE181919","C21","P21","primary_tumor","oral_cavity","B/Plasma","Other",4,0,0,0,0,"LGALS4","log1p of counts scaled to 10,000"
"GSE181919","C21","P21","primary_tumor","oral_cavity","Macrophage","Other",239,1,0.418410041841004,0.00230136650232621,0,"LGALS4","log1p of counts scaled to 10,000"
"GSE181919","C21","P21","primary_tumor","oral_cavity","Dendritic","Other",12,0,0,0,0,"LGALS4","log1p of counts scaled to 10,000"
"GSE181919","C26","P26","primary_tumor","oral_cavity","Malignant","OSCC cancer cell",83,0,0,0,0,"LGALS4","log1p of counts scaled to 10,000"
"GSE181919","C26","P26","primary_tumor","oral_cavity","Fibroblast","Other",13,0,0,0,0,"LGALS4","log1p of counts scaled to 10,000"
"GSE181919","C26","P26","primary_tumor","oral_cavity","Endothelial","Other",3,0,0,0,0,"LGALS4","log1p of counts scaled to 10,000"
"GSE181919","C26","P26","primary_tumor","oral_cavity","T cell","Other",156,0,0,0,0,"LGALS4","log1p of counts scaled to 10,000"
"GSE181919","C26","P26","primary_tumor","oral_cavity","B/Plasma","Other",35,0,0,0,0,"LGALS4","log1p of counts scaled to 10,000"
"GSE181919","C26","P26","primary_tumor","oral_cavity","Macrophage","Other",373,2,0.536193029490617,0.00262982970636463,0,"LGALS4","log1p of counts scaled to 10,000"
"GSE181919","C26","P26","primary_tumor","oral_cavity","Dendritic","Other",280,1,0.357142857142857,0.00292500054391421,0,"LGALS4","log1p of counts scaled to 10,000"
"GSE181919","C26","P26","primary_tumor","oral_cavity","Mast","Other",1,0,0,0,0,"LGALS4","log1p of counts scaled to 10,000"
"GSE181919","C30","P30","primary_tumor","oral_cavity","Malignant","OSCC cancer cell",94,0,0,0,0,"LGALS4","log1p of counts scaled to 10,000"
"GSE181919","C30","P30","primary_tumor","oral_cavity","Fibroblast","Other",52,1,1.92307692307692,0.00444080046500884,0,"LGALS4","log1p of counts scaled to 10,000"
"GSE181919","C30","P30","primary_tumor","oral_cavity","Endothelial","Other",13,0,0,0,0,"LGALS4","log1p of counts scaled to 10,000"
"GSE181919","C30","P30","primary_tumor","oral_cavity","T cell","Other",30,0,0,0,0,"LGALS4","log1p of counts scaled to 10,000"
"GSE181919","C30","P30","primary_tumor","oral_cavity","B/Plasma","Other",18,0,0,0,0,"LGALS4","log1p of counts scaled to 10,000"
"GSE181919","C30","P30","primary_tumor","oral_cavity","Macrophage","Other",59,0,0,0,0,"LGALS4","log1p of counts scaled to 10,000"
"GSE181919","C30","P30","primary_tumor","oral_cavity","Dendritic","Other",15,0,0,0,0,"LGALS4","log1p of counts scaled to 10,000"
"GSE181919","C30","P30","primary_tumor","oral_cavity","Mast","Other",1,0,0,0,0,"LGALS4","log1p of counts scaled to 10,000"
"GSE181919","C31","P31","primary_tumor","oral_cavity","Malignant","OSCC cancer cell",45,0,0,0,0,"LGALS4","log1p of counts scaled to 10,000"
"GSE181919","C31","P31","primary_tumor","oral_cavity","Fibroblast","Other",25,0,0,0,0,"LGALS4","log1p of counts scaled to 10,000"
"GSE181919","C31","P31","primary_tumor","oral_cavity","Endothelial","Other",18,0,0,0,0,"LGALS4","log1p of counts scaled to 10,000"
"GSE181919","C31","P31","primary_tumor","oral_cavity","T cell","Other",316,0,0,0,0,"LGALS4","log1p of counts scaled to 10,000"
"GSE181919","C31","P31","primary_tumor","oral_cavity","B/Plasma","Other",51,1,1.96078431372549,0.0237579860083992,0,"LGALS4","log1p of counts scaled to 10,000"
"GSE181919","C31","P31","primary_tumor","oral_cavity","Macrophage","Other",39,0,0,0,0,"LGALS4","log1p of counts scaled to 10,000"
"GSE181919","C31","P31","primary_tumor","oral_cavity","Dendritic","Other",19,0,0,0,0,"LGALS4","log1p of counts scaled to 10,000"
"GSE181919","C31","P31","primary_tumor","oral_cavity","Mast","Other",10,0,0,0,0,"LGALS4","log1p of counts scaled to 10,000"
"GSE181919","C51","P51","primary_tumor","oral_cavity","Malignant","OSCC cancer cell",274,2,0.72992700729927,0.00221346535480488,0,"LGALS4","log1p of counts scaled to 10,000"
"GSE181919","C51","P51","primary_tumor","oral_cavity","Fibroblast","Other",601,12,1.99667221297837,0.0105615294535612,0,"LGALS4","log1p of counts scaled to 10,000"
"GSE181919","C51","P51","primary_tumor","oral_cavity","Endothelial","Other",40,0,0,0,0,"LGALS4","log1p of counts scaled to 10,000"
"GSE181919","C51","P51","primary_tumor","oral_cavity","T cell","Other",284,0,0,0,0,"LGALS4","log1p of counts scaled to 10,000"
"GSE181919","C51","P51","primary_tumor","oral_cavity","B/Plasma","Other",140,0,0,0,0,"LGALS4","log1p of counts scaled to 10,000"
"GSE181919","C51","P51","primary_tumor","oral_cavity","Macrophage","Other",355,5,1.40845070422535,0.00913267888965997,0,"LGALS4","log1p of counts scaled to 10,000"
"GSE181919","C51","P51","primary_tumor","oral_cavity","Dendritic","Other",46,0,0,0,0,"LGALS4","log1p of counts scaled to 10,000"
"GSE181919","C51","P51","primary_tumor","oral_cavity","Mast","Other",61,0,0,0,0,"LGALS4","log1p of counts scaled to 10,000"
"GSE181919","C60","P60","primary_tumor","oral_cavity","Malignant","OSCC cancer cell",27,0,0,0,0,"LGALS4","log1p of counts scaled to 10,000"
"GSE181919","C60","P60","primary_tumor","oral_cavity","Fibroblast","Other",24,0,0,0,0,"LGALS4","log1p of counts scaled to 10,000"
"GSE181919","C60","P60","primary_tumor","oral_cavity","Endothelial","Other",46,0,0,0,0,"LGALS4","log1p of counts scaled to 10,000"
"GSE181919","C60","P60","primary_tumor","oral_cavity","T cell","Other",1316,5,0.379939209726444,0.00398183517510426,0,"LGALS4","log1p of counts scaled to 10,000"
"GSE181919","C60","P60","primary_tumor","oral_cavity","B/Plasma","Other",242,0,0,0,0,"LGALS4","log1p of counts scaled to 10,000"
"GSE181919","C60","P60","primary_tumor","oral_cavity","Macrophage","Other",184,0,0,0,0,"LGALS4","log1p of counts scaled to 10,000"
"GSE181919","C60","P60","primary_tumor","oral_cavity","Dendritic","Other",103,1,0.970873786407767,0.00515137082414625,0,"LGALS4","log1p of counts scaled to 10,000"
"GSE181919","C60","P60","primary_tumor","oral_cavity","Mast","Other",6,0,0,0,0,"LGALS4","log1p of counts scaled to 10,000"
"GSE181919","LP15","P15","leukoplakia","oral_cavity","Epithelial","Leukoplakia epithelial",72,3,4.16666666666667,0.00735903214710479,0,"LGALS4","log1p of counts scaled to 10,000"
"GSE181919","LP15","P15","leukoplakia","oral_cavity","Fibroblast","Other",778,15,1.9280205655527,0.0117058422643168,0,"LGALS4","log1p of counts scaled to 10,000"
"GSE181919","LP15","P15","leukoplakia","oral_cavity","Endothelial","Other",251,7,2.78884462151394,0.0161174559876408,0,"LGALS4","log1p of counts scaled to 10,000"
"GSE181919","LP15","P15","leukoplakia","oral_cavity","T cell","Other",86,1,1.16279069767442,0.00139414802983296,0,"LGALS4","log1p of counts scaled to 10,000"
"GSE181919","LP15","P15","leukoplakia","oral_cavity","B/Plasma","Other",816,4,0.490196078431373,0.00192967835793839,0,"LGALS4","log1p of counts scaled to 10,000"
"GSE181919","LP15","P15","leukoplakia","oral_cavity","Macrophage","Other",171,1,0.584795321637427,0.00234970184399042,0,"LGALS4","log1p of counts scaled to 10,000"
"GSE181919","LP15","P15","leukoplakia","oral_cavity","Dendritic","Other",49,0,0,0,0,"LGALS4","log1p of counts scaled to 10,000"
"GSE181919","LP15","P15","leukoplakia","oral_cavity","Mast","Other",5,0,0,0,0,"LGALS4","log1p of counts scaled to 10,000"
"GSE181919","LP16","P16","leukoplakia","oral_cavity","Epithelial","Leukoplakia epithelial",30,0,0,0,0,"LGALS4","log1p of counts scaled to 10,000"
"GSE181919","LP16","P16","leukoplakia","oral_cavity","Fibroblast","Other",409,11,2.68948655256724,0.0237051654727103,0,"LGALS4","log1p of counts scaled to 10,000"
"GSE181919","LP16","P16","leukoplakia","oral_cavity","Endothelial","Other",640,16,2.5,0.0190521611694521,0,"LGALS4","log1p of counts scaled to 10,000"
"GSE181919","LP16","P16","leukoplakia","oral_cavity","T cell","Other",877,2,0.228050171037628,0.00259906853982684,0,"LGALS4","log1p of counts scaled to 10,000"
"GSE181919","LP16","P16","leukoplakia","oral_cavity","B/Plasma","Other",63,0,0,0,0,"LGALS4","log1p of counts scaled to 10,000"
"GSE181919","LP16","P16","leukoplakia","oral_cavity","Macrophage","Other",173,3,1.73410404624277,0.016660693965631,0,"LGALS4","log1p of counts scaled to 10,000"
"GSE181919","LP16","P16","leukoplakia","oral_cavity","Dendritic","Other",36,1,2.77777777777778,0.0362264482101131,0,"LGALS4","log1p of counts scaled to 10,000"
"GSE181919","LP16","P16","leukoplakia","oral_cavity","Mast","Other",7,0,0,0,0,"LGALS4","log1p of counts scaled to 10,000"
"GSE181919","LP16","P16","leukoplakia","oral_cavity","Myocyte","Other",3,0,0,0,0,"LGALS4","log1p of counts scaled to 10,000"
"GSE181919","LP17","P17","leukoplakia","oral_cavity","Epithelial","Leukoplakia epithelial",51,2,3.92156862745098,0.0100366857597857,0,"LGALS4","log1p of counts scaled to 10,000"
"GSE181919","LP17","P17","leukoplakia","oral_cavity","Fibroblast","Other",495,11,2.22222222222222,0.0213261916596811,0,"LGALS4","log1p of counts scaled to 10,000"
"GSE181919","LP17","P17","leukoplakia","oral_cavity","Endothelial","Other",507,16,3.15581854043393,0.02208466735077,0,"LGALS4","log1p of counts scaled to 10,000"
"GSE181919","LP17","P17","leukoplakia","oral_cavity","T cell","Other",79,0,0,0,0,"LGALS4","log1p of counts scaled to 10,000"
"GSE181919","LP17","P17","leukoplakia","oral_cavity","B/Plasma","Other",31,0,0,0,0,"LGALS4","log1p of counts scaled to 10,000"
"GSE181919","LP17","P17","leukoplakia","oral_cavity","Macrophage","Other",67,2,2.98507462686567,0.0167245694879974,0,"LGALS4","log1p of counts scaled to 10,000"
"GSE181919","LP17","P17","leukoplakia","oral_cavity","Dendritic","Other",5,0,0,0,0,"LGALS4","log1p of counts scaled to 10,000"
"GSE181919","LP17","P17","leukoplakia","oral_cavity","Mast","Other",3,0,0,0,0,"LGALS4","log1p of counts scaled to 10,000"
"GSE181919","LP33","P33","leukoplakia","oral_cavity","Epithelial","Leukoplakia epithelial",30,2,6.66666666666667,0.035580819385776,0,"LGALS4","log1p of counts scaled to 10,000"
"GSE181919","LP33","P33","leukoplakia","oral_cavity","Fibroblast","Other",205,2,0.975609756097561,0.00738741936692979,0,"LGALS4","log1p of counts scaled to 10,000"
"GSE181919","LP33","P33","leukoplakia","oral_cavity","Endothelial","Other",165,0,0,0,0,"LGALS4","log1p of counts scaled to 10,000"
"GSE181919","LP33","P33","leukoplakia","oral_cavity","T cell","Other",334,1,0.29940119760479,0.00447422306118174,0,"LGALS4","log1p of counts scaled to 10,000"
"GSE181919","LP33","P33","leukoplakia","oral_cavity","B/Plasma","Other",21,0,0,0,0,"LGALS4","log1p of counts scaled to 10,000"
"GSE181919","LP33","P33","leukoplakia","oral_cavity","Macrophage","Other",63,0,0,0,0,"LGALS4","log1p of counts scaled to 10,000"
"GSE181919","LP33","P33","leukoplakia","oral_cavity","Dendritic","Other",5,0,0,0,0,"LGALS4","log1p of counts scaled to 10,000"
"GSE181919","N06","P6","normal","oral_cavity","Epithelial","Normal epithelial",86,1,1.16279069767442,0.0238479322318702,0,"LGALS4","log1p of counts scaled to 10,000"
"GSE181919","N06","P6","normal","oral_cavity","Fibroblast","Other",183,0,0,0,0,"LGALS4","log1p of counts scaled to 10,000"
"GSE181919","N06","P6","normal","oral_cavity","Endothelial","Other",88,1,1.13636363636364,0.00684174025922209,0,"LGALS4","log1p of counts scaled to 10,000"
"GSE181919","N06","P6","normal","oral_cavity","T cell","Other",1454,2,0.137551581843191,0.00204400594854854,0,"LGALS4","log1p of counts scaled to 10,000"
"GSE181919","N06","P6","normal","oral_cavity","B/Plasma","Other",198,0,0,0,0,"LGALS4","log1p of counts scaled to 10,000"
"GSE181919","N06","P6","normal","oral_cavity","Macrophage","Other",27,0,0,0,0,"LGALS4","log1p of counts scaled to 10,000"
"GSE181919","N06","P6","normal","oral_cavity","Dendritic","Other",6,0,0,0,0,"LGALS4","log1p of counts scaled to 10,000"
"GSE181919","N06","P6","normal","oral_cavity","Mast","Other",3,0,0,0,0,"LGALS4","log1p of counts scaled to 10,000"
"GSE181919","N06","P6","normal","oral_cavity","Myocyte","Other",57,0,0,0,0,"LGALS4","log1p of counts scaled to 10,000"
"GSE181919","N15","P15","normal","oral_cavity","Epithelial","Normal epithelial",80,0,0,0,0,"LGALS4","log1p of counts scaled to 10,000"
"GSE181919","N15","P15","normal","oral_cavity","Fibroblast","Other",1987,18,0.905888273779567,0.0111421639784732,0,"LGALS4","log1p of counts scaled to 10,000"
"GSE181919","N15","P15","normal","oral_cavity","Endothelial","Other",320,1,0.3125,0.000859387240928332,0,"LGALS4","log1p of counts scaled to 10,000"
"GSE181919","N15","P15","normal","oral_cavity","T cell","Other",127,0,0,0,0,"LGALS4","log1p of counts scaled to 10,000"
"GSE181919","N15","P15","normal","oral_cavity","B/Plasma","Other",160,0,0,0,0,"LGALS4","log1p of counts scaled to 10,000"
"GSE181919","N15","P15","normal","oral_cavity","Macrophage","Other",15,1,6.66666666666667,0.0682697775446433,0,"LGALS4","log1p of counts scaled to 10,000"
"GSE181919","N15","P15","normal","oral_cavity","Mast","Other",1,0,0,0,0,"LGALS4","log1p of counts scaled to 10,000"
"GSE181919","N15","P15","normal","oral_cavity","Myocyte","Other",5,0,0,0,0,"LGALS4","log1p of counts scaled to 10,000"
"GSE181919","N21","P21","normal","oral_cavity","Epithelial","Normal epithelial",33,0,0,0,0,"LGALS4","log1p of counts scaled to 10,000"
"GSE181919","N21","P21","normal","oral_cavity","Fibroblast","Other",1587,33,2.07939508506616,0.0212814663615933,0,"LGALS4","log1p of counts scaled to 10,000"
"GSE181919","N21","P21","normal","oral_cavity","Endothelial","Other",205,3,1.46341463414634,0.00825462231863613,0,"LGALS4","log1p of counts scaled to 10,000"
"GSE181919","N21","P21","normal","oral_cavity","T cell","Other",375,2,0.533333333333333,0.00752258721208905,0,"LGALS4","log1p of counts scaled to 10,000"
"GSE181919","N21","P21","normal","oral_cavity","B/Plasma","Other",68,1,1.47058823529412,0.0168674451596716,0,"LGALS4","log1p of counts scaled to 10,000"
"GSE181919","N21","P21","normal","oral_cavity","Macrophage","Other",120,0,0,0,0,"LGALS4","log1p of counts scaled to 10,000"
"GSE181919","N21","P21","normal","oral_cavity","Dendritic","Other",15,0,0,0,0,"LGALS4","log1p of counts scaled to 10,000"
"GSE181919","N21","P21","normal","oral_cavity","Mast","Other",4,0,0,0,0,"LGALS4","log1p of counts scaled to 10,000"
"GSE181919","N21","P21","normal","oral_cavity","Myocyte","Other",28,0,0,0,0,"LGALS4","log1p of counts scaled to 10,000"
"GSE181919","C04","P4","primary_tumor","oral_cavity","Malignant","OSCC cancer cell",427,80,18.7353629976581,0.0452538946282662,0,"LGALS7","log1p of counts scaled to 10,000"
"GSE181919","C04","P4","primary_tumor","oral_cavity","Fibroblast","Other",8,0,0,0,0,"LGALS7","log1p of counts scaled to 10,000"
"GSE181919","C04","P4","primary_tumor","oral_cavity","Endothelial","Other",19,0,0,0,0,"LGALS7","log1p of counts scaled to 10,000"
"GSE181919","C04","P4","primary_tumor","oral_cavity","T cell","Other",78,14,17.9487179487179,0.0283156774777382,0,"LGALS7","log1p of counts scaled to 10,000"
"GSE181919","C04","P4","primary_tumor","oral_cavity","B/Plasma","Other",73,7,9.58904109589041,0.0158711783758648,0,"LGALS7","log1p of counts scaled to 10,000"
"GSE181919","C04","P4","primary_tumor","oral_cavity","Macrophage","Other",2,0,0,0,0,"LGALS7","log1p of counts scaled to 10,000"
"GSE181919","C04","P4","primary_tumor","oral_cavity","Dendritic","Other",1,0,0,0,0,"LGALS7","log1p of counts scaled to 10,000"
"GSE181919","C06","P6","primary_tumor","oral_cavity","Malignant","OSCC cancer cell",52,33,63.4615384615385,0.407387851685956,0.234356925013884,"LGALS7","log1p of counts scaled to 10,000"
"GSE181919","C06","P6","primary_tumor","oral_cavity","Fibroblast","Other",223,0,0,0,0,"LGALS7","log1p of counts scaled to 10,000"
"GSE181919","C06","P6","primary_tumor","oral_cavity","Endothelial","Other",36,0,0,0,0,"LGALS7","log1p of counts scaled to 10,000"
"GSE181919","C06","P6","primary_tumor","oral_cavity","T cell","Other",197,0,0,0,0,"LGALS7","log1p of counts scaled to 10,000"
"GSE181919","C06","P6","primary_tumor","oral_cavity","B/Plasma","Other",260,0,0,0,0,"LGALS7","log1p of counts scaled to 10,000"
"GSE181919","C06","P6","primary_tumor","oral_cavity","Macrophage","Other",399,0,0,0,0,"LGALS7","log1p of counts scaled to 10,000"
"GSE181919","C06","P6","primary_tumor","oral_cavity","Dendritic","Other",114,0,0,0,0,"LGALS7","log1p of counts scaled to 10,000"
"GSE181919","C06","P6","primary_tumor","oral_cavity","Mast","Other",45,0,0,0,0,"LGALS7","log1p of counts scaled to 10,000"
"GSE181919","C06","P6","primary_tumor","oral_cavity","Myocyte","Other",1,0,0,0,0,"LGALS7","log1p of counts scaled to 10,000"
"GSE181919","C07","P7","primary_tumor","oral_cavity","Malignant","OSCC cancer cell",43,33,76.7441860465116,1.33933610524966,1.49191541652711,"LGALS7","log1p of counts scaled to 10,000"
"GSE181919","C07","P7","primary_tumor","oral_cavity","Fibroblast","Other",110,2,1.81818181818182,0.00948058998754645,0,"LGALS7","log1p of counts scaled to 10,000"
"GSE181919","C07","P7","primary_tumor","oral_cavity","Endothelial","Other",43,0,0,0,0,"LGALS7","log1p of counts scaled to 10,000"
"GSE181919","C07","P7","primary_tumor","oral_cavity","T cell","Other",140,0,0,0,0,"LGALS7","log1p of counts scaled to 10,000"
"GSE181919","C07","P7","primary_tumor","oral_cavity","B/Plasma","Other",23,0,0,0,0,"LGALS7","log1p of counts scaled to 10,000"
"GSE181919","C07","P7","primary_tumor","oral_cavity","Macrophage","Other",142,0,0,0,0,"LGALS7","log1p of counts scaled to 10,000"
"GSE181919","C07","P7","primary_tumor","oral_cavity","Dendritic","Other",21,0,0,0,0,"LGALS7","log1p of counts scaled to 10,000"
"GSE181919","C07","P7","primary_tumor","oral_cavity","Mast","Other",11,0,0,0,0,"LGALS7","log1p of counts scaled to 10,000"
"GSE181919","C07","P7","primary_tumor","oral_cavity","Myocyte","Other",3,0,0,0,0,"LGALS7","log1p of counts scaled to 10,000"
"GSE181919","C15","P15","primary_tumor","oral_cavity","Malignant","OSCC cancer cell",59,28,47.4576271186441,0.320284606400461,0,"LGALS7","log1p of counts scaled to 10,000"
"GSE181919","C15","P15","primary_tumor","oral_cavity","Fibroblast","Other",438,1,0.228310502283105,0.00191264208734181,0,"LGALS7","log1p of counts scaled to 10,000"
"GSE181919","C15","P15","primary_tumor","oral_cavity","Endothelial","Other",95,0,0,0,0,"LGALS7","log1p of counts scaled to 10,000"
"GSE181919","C15","P15","primary_tumor","oral_cavity","T cell","Other",106,1,0.943396226415094,0.00583411611181671,0,"LGALS7","log1p of counts scaled to 10,000"
"GSE181919","C15","P15","primary_tumor","oral_cavity","B/Plasma","Other",529,2,0.378071833648393,0.00103783417281843,0,"LGALS7","log1p of counts scaled to 10,000"
"GSE181919","C15","P15","primary_tumor","oral_cavity","Macrophage","Other",422,0,0,0,0,"LGALS7","log1p of counts scaled to 10,000"
"GSE181919","C15","P15","primary_tumor","oral_cavity","Dendritic","Other",77,0,0,0,0,"LGALS7","log1p of counts scaled to 10,000"
"GSE181919","C15","P15","primary_tumor","oral_cavity","Mast","Other",5,0,0,0,0,"LGALS7","log1p of counts scaled to 10,000"
"GSE181919","C21","P21","primary_tumor","oral_cavity","Malignant","OSCC cancer cell",272,115,42.2794117647059,0.253666866921315,0,"LGALS7","log1p of counts scaled to 10,000"
"GSE181919","C21","P21","primary_tumor","oral_cavity","Fibroblast","Other",127,2,1.5748031496063,0.00674909597257368,0,"LGALS7","log1p of counts scaled to 10,000"
"GSE181919","C21","P21","primary_tumor","oral_cavity","Endothelial","Other",1,0,0,0,0,"LGALS7","log1p of counts scaled to 10,000"
"GSE181919","C21","P21","primary_tumor","oral_cavity","T cell","Other",42,4,9.52380952380952,0.0380422396727757,0,"LGALS7","log1p of counts scaled to 10,000"
"GSE181919","C21","P21","primary_tumor","oral_cavity","B/Plasma","Other",4,2,50,0.108553885593631,0.0771104750021036,"LGALS7","log1p of counts scaled to 10,000"
"GSE181919","C21","P21","primary_tumor","oral_cavity","Macrophage","Other",239,6,2.51046025104602,0.0114300830761624,0,"LGALS7","log1p of counts scaled to 10,000"
"GSE181919","C21","P21","primary_tumor","oral_cavity","Dendritic","Other",12,1,8.33333333333333,0.042984010667823,0,"LGALS7","log1p of counts scaled to 10,000"
"GSE181919","C26","P26","primary_tumor","oral_cavity","Malignant","OSCC cancer cell",83,36,43.3734939759036,0.160905899091992,0,"LGALS7","log1p of counts scaled to 10,000"
"GSE181919","C26","P26","primary_tumor","oral_cavity","Fibroblast","Other",13,0,0,0,0,"LGALS7","log1p of counts scaled to 10,000"
"GSE181919","C26","P26","primary_tumor","oral_cavity","Endothelial","Other",3,0,0,0,0,"LGALS7","log1p of counts scaled to 10,000"
"GSE181919","C26","P26","primary_tumor","oral_cavity","T cell","Other",156,1,0.641025641025641,0.000940115640926881,0,"LGALS7","log1p of counts scaled to 10,000"
"GSE181919","C26","P26","primary_tumor","oral_cavity","B/Plasma","Other",35,1,2.85714285714286,0.00648372390530702,0,"LGALS7","log1p of counts scaled to 10,000"
"GSE181919","C26","P26","primary_tumor","oral_cavity","Macrophage","Other",373,0,0,0,0,"LGALS7","log1p of counts scaled to 10,000"
"GSE181919","C26","P26","primary_tumor","oral_cavity","Dendritic","Other",280,0,0,0,0,"LGALS7","log1p of counts scaled to 10,000"
"GSE181919","C26","P26","primary_tumor","oral_cavity","Mast","Other",1,0,0,0,0,"LGALS7","log1p of counts scaled to 10,000"
"GSE181919","C30","P30","primary_tumor","oral_cavity","Malignant","OSCC cancer cell",94,87,92.5531914893617,0.979406141217865,0.894164312399458,"LGALS7","log1p of counts scaled to 10,000"
"GSE181919","C30","P30","primary_tumor","oral_cavity","Fibroblast","Other",52,0,0,0,0,"LGALS7","log1p of counts scaled to 10,000"
"GSE181919","C30","P30","primary_tumor","oral_cavity","Endothelial","Other",13,0,0,0,0,"LGALS7","log1p of counts scaled to 10,000"
"GSE181919","C30","P30","primary_tumor","oral_cavity","T cell","Other",30,7,23.3333333333333,0.18797855617781,0,"LGALS7","log1p of counts scaled to 10,000"
"GSE181919","C30","P30","primary_tumor","oral_cavity","B/Plasma","Other",18,1,5.55555555555556,0.0333460986852562,0,"LGALS7","log1p of counts scaled to 10,000"
"GSE181919","C30","P30","primary_tumor","oral_cavity","Macrophage","Other",59,1,1.69491525423729,0.00907640458827323,0,"LGALS7","log1p of counts scaled to 10,000"
"GSE181919","C30","P30","primary_tumor","oral_cavity","Dendritic","Other",15,0,0,0,0,"LGALS7","log1p of counts scaled to 10,000"
"GSE181919","C30","P30","primary_tumor","oral_cavity","Mast","Other",1,0,0,0,0,"LGALS7","log1p of counts scaled to 10,000"
"GSE181919","C31","P31","primary_tumor","oral_cavity","Malignant","OSCC cancer cell",45,36,80,1.60260575657863,1.74663951961894,"LGALS7","log1p of counts scaled to 10,000"
"GSE181919","C31","P31","primary_tumor","oral_cavity","Fibroblast","Other",25,0,0,0,0,"LGALS7","log1p of counts scaled to 10,000"
"GSE181919","C31","P31","primary_tumor","oral_cavity","Endothelial","Other",18,0,0,0,0,"LGALS7","log1p of counts scaled to 10,000"
"GSE181919","C31","P31","primary_tumor","oral_cavity","T cell","Other",316,4,1.26582278481013,0.0148598119201933,0,"LGALS7","log1p of counts scaled to 10,000"
"GSE181919","C31","P31","primary_tumor","oral_cavity","B/Plasma","Other",51,0,0,0,0,"LGALS7","log1p of counts scaled to 10,000"
"GSE181919","C31","P31","primary_tumor","oral_cavity","Macrophage","Other",39,0,0,0,0,"LGALS7","log1p of counts scaled to 10,000"
"GSE181919","C31","P31","primary_tumor","oral_cavity","Dendritic","Other",19,1,5.26315789473684,0.0367920518885209,0,"LGALS7","log1p of counts scaled to 10,000"
"GSE181919","C31","P31","primary_tumor","oral_cavity","Mast","Other",10,0,0,0,0,"LGALS7","log1p of counts scaled to 10,000"
"GSE181919","C51","P51","primary_tumor","oral_cavity","Malignant","OSCC cancer cell",274,259,94.5255474452555,1.47904969151872,1.51267268028516,"LGALS7","log1p of counts scaled to 10,000"
"GSE181919","C51","P51","primary_tumor","oral_cavity","Fibroblast","Other",601,11,1.83028286189684,0.0109261581099711,0,"LGALS7","log1p of counts scaled to 10,000"
"GSE181919","C51","P51","primary_tumor","oral_cavity","Endothelial","Other",40,0,0,0,0,"LGALS7","log1p of counts scaled to 10,000"
"GSE181919","C51","P51","primary_tumor","oral_cavity","T cell","Other",284,11,3.87323943661972,0.0392104904192671,0,"LGALS7","log1p of counts scaled to 10,000"
"GSE181919","C51","P51","primary_tumor","oral_cavity","B/Plasma","Other",140,3,2.14285714285714,0.0109021995139976,0,"LGALS7","log1p of counts scaled to 10,000"
"GSE181919","C51","P51","primary_tumor","oral_cavity","Macrophage","Other",355,2,0.563380281690141,0.00257954563176637,0,"LGALS7","log1p of counts scaled to 10,000"
"GSE181919","C51","P51","primary_tumor","oral_cavity","Dendritic","Other",46,1,2.17391304347826,0.0222494613141321,0,"LGALS7","log1p of counts scaled to 10,000"
"GSE181919","C51","P51","primary_tumor","oral_cavity","Mast","Other",61,2,3.27868852459016,0.045556388253212,0,"LGALS7","log1p of counts scaled to 10,000"
"GSE181919","C60","P60","primary_tumor","oral_cavity","Malignant","OSCC cancer cell",27,26,96.2962962962963,1.75480620009146,1.63192742618035,"LGALS7","log1p of counts scaled to 10,000"
"GSE181919","C60","P60","primary_tumor","oral_cavity","Fibroblast","Other",24,0,0,0,0,"LGALS7","log1p of counts scaled to 10,000"
"GSE181919","C60","P60","primary_tumor","oral_cavity","Endothelial","Other",46,1,2.17391304347826,0.00659832219428269,0,"LGALS7","log1p of counts scaled to 10,000"
"GSE181919","C60","P60","primary_tumor","oral_cavity","T cell","Other",1316,2,0.151975683890578,0.00184844394699254,0,"LGALS7","log1p of counts scaled to 10,000"
"GSE181919","C60","P60","primary_tumor","oral_cavity","B/Plasma","Other",242,0,0,0,0,"LGALS7","log1p of counts scaled to 10,000"
"GSE181919","C60","P60","primary_tumor","oral_cavity","Macrophage","Other",184,4,2.17391304347826,0.0154434516176362,0,"LGALS7","log1p of counts scaled to 10,000"
"GSE181919","C60","P60","primary_tumor","oral_cavity","Dendritic","Other",103,0,0,0,0,"LGALS7","log1p of counts scaled to 10,000"
"GSE181919","C60","P60","primary_tumor","oral_cavity","Mast","Other",6,0,0,0,0,"LGALS7","log1p of counts scaled to 10,000"
"GSE181919","LP15","P15","leukoplakia","oral_cavity","Epithelial","Leukoplakia epithelial",72,38,52.7777777777778,0.327254942588706,0.124530735186172,"LGALS7","log1p of counts scaled to 10,000"
"GSE181919","LP15","P15","leukoplakia","oral_cavity","Fibroblast","Other",778,0,0,0,0,"LGALS7","log1p of counts scaled to 10,000"
"GSE181919","LP15","P15","leukoplakia","oral_cavity","Endothelial","Other",251,1,0.398406374501992,0.00090775301365004,0,"LGALS7","log1p of counts scaled to 10,000"
"GSE181919","LP15","P15","leukoplakia","oral_cavity","T cell","Other",86,2,2.32558139534884,0.00697271399964741,0,"LGALS7","log1p of counts scaled to 10,000"
"GSE181919","LP15","P15","leukoplakia","oral_cavity","B/Plasma","Other",816,1,0.122549019607843,0.000209476102002069,0,"LGALS7","log1p of counts scaled to 10,000"
"GSE181919","LP15","P15","leukoplakia","oral_cavity","Macrophage","Other",171,0,0,0,0,"LGALS7","log1p of counts scaled to 10,000"
"GSE181919","LP15","P15","leukoplakia","oral_cavity","Dendritic","Other",49,0,0,0,0,"LGALS7","log1p of counts scaled to 10,000"
"GSE181919","LP15","P15","leukoplakia","oral_cavity","Mast","Other",5,0,0,0,0,"LGALS7","log1p of counts scaled to 10,000"
"GSE181919","LP16","P16","leukoplakia","oral_cavity","Epithelial","Leukoplakia epithelial",30,14,46.6666666666667,0.654514348681184,0,"LGALS7","log1p of counts scaled to 10,000"
"GSE181919","LP16","P16","leukoplakia","oral_cavity","Fibroblast","Other",409,0,0,0,0,"LGALS7","log1p of counts scaled to 10,000"
"GSE181919","LP16","P16","leukoplakia","oral_cavity","Endothelial","Other",640,1,0.15625,0.00160473339576947,0,"LGALS7","log1p of counts scaled to 10,000"
"GSE181919","LP16","P16","leukoplakia","oral_cavity","T cell","Other",877,0,0,0,0,"LGALS7","log1p of counts scaled to 10,000"
"GSE181919","LP16","P16","leukoplakia","oral_cavity","B/Plasma","Other",63,0,0,0,0,"LGALS7","log1p of counts scaled to 10,000"
"GSE181919","LP16","P16","leukoplakia","oral_cavity","Macrophage","Other",173,1,0.578034682080925,0.00585790797473356,0,"LGALS7","log1p of counts scaled to 10,000"
"GSE181919","LP16","P16","leukoplakia","oral_cavity","Dendritic","Other",36,0,0,0,0,"LGALS7","log1p of counts scaled to 10,000"
"GSE181919","LP16","P16","leukoplakia","oral_cavity","Mast","Other",7,0,0,0,0,"LGALS7","log1p of counts scaled to 10,000"
"GSE181919","LP16","P16","leukoplakia","oral_cavity","Myocyte","Other",3,0,0,0,0,"LGALS7","log1p of counts scaled to 10,000"
"GSE181919","LP17","P17","leukoplakia","oral_cavity","Epithelial","Leukoplakia epithelial",51,43,84.3137254901961,1.58212669289171,1.66951684050101,"LGALS7","log1p of counts scaled to 10,000"
"GSE181919","LP17","P17","leukoplakia","oral_cavity","Fibroblast","Other",495,4,0.808080808080808,0.0102240010700162,0,"LGALS7","log1p of counts scaled to 10,000"
"GSE181919","LP17","P17","leukoplakia","oral_cavity","Endothelial","Other",507,1,0.19723865877712,0.00107169163836909,0,"LGALS7","log1p of counts scaled to 10,000"
"GSE181919","LP17","P17","leukoplakia","oral_cavity","T cell","Other",79,2,2.53164556962025,0.0493917390788334,0,"LGALS7","log1p of counts scaled to 10,000"
"GSE181919","LP17","P17","leukoplakia","oral_cavity","B/Plasma","Other",31,1,3.2258064516129,0.0230418820342291,0,"LGALS7","log1p of counts scaled to 10,000"
"GSE181919","LP17","P17","leukoplakia","oral_cavity","Macrophage","Other",67,0,0,0,0,"LGALS7","log1p of counts scaled to 10,000"
"GSE181919","LP17","P17","leukoplakia","oral_cavity","Dendritic","Other",5,0,0,0,0,"LGALS7","log1p of counts scaled to 10,000"
"GSE181919","LP17","P17","leukoplakia","oral_cavity","Mast","Other",3,0,0,0,0,"LGALS7","log1p of counts scaled to 10,000"
"GSE181919","LP33","P33","leukoplakia","oral_cavity","Epithelial","Leukoplakia epithelial",30,22,73.3333333333333,1.45273463575634,1.83884923269678,"LGALS7","log1p of counts scaled to 10,000"
"GSE181919","LP33","P33","leukoplakia","oral_cavity","Fibroblast","Other",205,3,1.46341463414634,0.0138856738565197,0,"LGALS7","log1p of counts scaled to 10,000"
"GSE181919","LP33","P33","leukoplakia","oral_cavity","Endothelial","Other",165,2,1.21212121212121,0.0122442637804234,0,"LGALS7","log1p of counts scaled to 10,000"
"GSE181919","LP33","P33","leukoplakia","oral_cavity","T cell","Other",334,1,0.29940119760479,0.00127341747034917,0,"LGALS7","log1p of counts scaled to 10,000"
"GSE181919","LP33","P33","leukoplakia","oral_cavity","B/Plasma","Other",21,0,0,0,0,"LGALS7","log1p of counts scaled to 10,000"
"GSE181919","LP33","P33","leukoplakia","oral_cavity","Macrophage","Other",63,0,0,0,0,"LGALS7","log1p of counts scaled to 10,000"
"GSE181919","LP33","P33","leukoplakia","oral_cavity","Dendritic","Other",5,0,0,0,0,"LGALS7","log1p of counts scaled to 10,000"
"GSE181919","N06","P6","normal","oral_cavity","Epithelial","Normal epithelial",86,0,0,0,0,"LGALS7","log1p of counts scaled to 10,000"
"GSE181919","N06","P6","normal","oral_cavity","Fibroblast","Other",183,0,0,0,0,"LGALS7","log1p of counts scaled to 10,000"
"GSE181919","N06","P6","normal","oral_cavity","Endothelial","Other",88,0,0,0,0,"LGALS7","log1p of counts scaled to 10,000"
"GSE181919","N06","P6","normal","oral_cavity","T cell","Other",1454,1,0.0687757909215956,0.00106268926395874,0,"LGALS7","log1p of counts scaled to 10,000"
"GSE181919","N06","P6","normal","oral_cavity","B/Plasma","Other",198,0,0,0,0,"LGALS7","log1p of counts scaled to 10,000"
"GSE181919","N06","P6","normal","oral_cavity","Macrophage","Other",27,0,0,0,0,"LGALS7","log1p of counts scaled to 10,000"
"GSE181919","N06","P6","normal","oral_cavity","Dendritic","Other",6,0,0,0,0,"LGALS7","log1p of counts scaled to 10,000"
"GSE181919","N06","P6","normal","oral_cavity","Mast","Other",3,0,0,0,0,"LGALS7","log1p of counts scaled to 10,000"
"GSE181919","N06","P6","normal","oral_cavity","Myocyte","Other",57,0,0,0,0,"LGALS7","log1p of counts scaled to 10,000"
"GSE181919","N15","P15","normal","oral_cavity","Epithelial","Normal epithelial",80,0,0,0,0,"LGALS7","log1p of counts scaled to 10,000"
"GSE181919","N15","P15","normal","oral_cavity","Fibroblast","Other",1987,0,0,0,0,"LGALS7","log1p of counts scaled to 10,000"
"GSE181919","N15","P15","normal","oral_cavity","Endothelial","Other",320,0,0,0,0,"LGALS7","log1p of counts scaled to 10,000"
"GSE181919","N15","P15","normal","oral_cavity","T cell","Other",127,0,0,0,0,"LGALS7","log1p of counts scaled to 10,000"
"GSE181919","N15","P15","normal","oral_cavity","B/Plasma","Other",160,0,0,0,0,"LGALS7","log1p of counts scaled to 10,000"
"GSE181919","N15","P15","normal","oral_cavity","Macrophage","Other",15,0,0,0,0,"LGALS7","log1p of counts scaled to 10,000"
"GSE181919","N15","P15","normal","oral_cavity","Mast","Other",1,0,0,0,0,"LGALS7","log1p of counts scaled to 10,000"
"GSE181919","N15","P15","normal","oral_cavity","Myocyte","Other",5,0,0,0,0,"LGALS7","log1p of counts scaled to 10,000"
"GSE181919","N21","P21","normal","oral_cavity","Epithelial","Normal epithelial",33,11,33.3333333333333,0.483499474778029,0,"LGALS7","log1p of counts scaled to 10,000"
"GSE181919","N21","P21","normal","oral_cavity","Fibroblast","Other",1587,0,0,0,0,"LGALS7","log1p of counts scaled to 10,000"
"GSE181919","N21","P21","normal","oral_cavity","Endothelial","Other",205,0,0,0,0,"LGALS7","log1p of counts scaled to 10,000"
"GSE181919","N21","P21","normal","oral_cavity","T cell","Other",375,0,0,0,0,"LGALS7","log1p of counts scaled to 10,000"
"GSE181919","N21","P21","normal","oral_cavity","B/Plasma","Other",68,0,0,0,0,"LGALS7","log1p of counts scaled to 10,000"
"GSE181919","N21","P21","normal","oral_cavity","Macrophage","Other",120,0,0,0,0,"LGALS7","log1p of counts scaled to 10,000"
"GSE181919","N21","P21","normal","oral_cavity","Dendritic","Other",15,0,0,0,0,"LGALS7","log1p of counts scaled to 10,000"
"GSE181919","N21","P21","normal","oral_cavity","Mast","Other",4,0,0,0,0,"LGALS7","log1p of counts scaled to 10,000"
"GSE181919","N21","P21","normal","oral_cavity","Myocyte","Other",28,0,0,0,0,"LGALS7","log1p of counts scaled to 10,000"
"GSE181919","C04","P4","primary_tumor","oral_cavity","Malignant","OSCC cancer cell",427,422,98.8290398126464,2.08120350718118,2.06911388350025,"LGALS7B","log1p of counts scaled to 10,000"
"GSE181919","C04","P4","primary_tumor","oral_cavity","Fibroblast","Other",8,2,25,0.412098430143665,0,"LGALS7B","log1p of counts scaled to 10,000"
"GSE181919","C04","P4","primary_tumor","oral_cavity","Endothelial","Other",19,2,10.5263157894737,0.105186757118912,0,"LGALS7B","log1p of counts scaled to 10,000"
"GSE181919","C04","P4","primary_tumor","oral_cavity","T cell","Other",78,74,94.8717948717949,1.81586964762113,1.94669158232364,"LGALS7B","log1p of counts scaled to 10,000"
"GSE181919","C04","P4","primary_tumor","oral_cavity","B/Plasma","Other",73,14,19.1780821917808,0.386679175893228,0,"LGALS7B","log1p of counts scaled to 10,000"
"GSE181919","C04","P4","primary_tumor","oral_cavity","Macrophage","Other",2,0,0,0,0,"LGALS7B","log1p of counts scaled to 10,000"
"GSE181919","C04","P4","primary_tumor","oral_cavity","Dendritic","Other",1,1,100,0.57872376662217,0.57872376662217,"LGALS7B","log1p of counts scaled to 10,000"
"GSE181919","C06","P6","primary_tumor","oral_cavity","Malignant","OSCC cancer cell",52,35,67.3076923076923,0.669174087431875,0.588989273983464,"LGALS7B","log1p of counts scaled to 10,000"
"GSE181919","C06","P6","primary_tumor","oral_cavity","Fibroblast","Other",223,1,0.448430493273543,0.00322403928996082,0,"LGALS7B","log1p of counts scaled to 10,000"
"GSE181919","C06","P6","primary_tumor","oral_cavity","Endothelial","Other",36,2,5.55555555555556,0.0365388380178106,0,"LGALS7B","log1p of counts scaled to 10,000"
"GSE181919","C06","P6","primary_tumor","oral_cavity","T cell","Other",197,1,0.50761421319797,0.00521334707255056,0,"LGALS7B","log1p of counts scaled to 10,000"
"GSE181919","C06","P6","primary_tumor","oral_cavity","B/Plasma","Other",260,2,0.769230769230769,0.00622338713046275,0,"LGALS7B","log1p of counts scaled to 10,000"
"GSE181919","C06","P6","primary_tumor","oral_cavity","Macrophage","Other",399,2,0.50125313283208,0.00461203214106383,0,"LGALS7B","log1p of counts scaled to 10,000"
"GSE181919","C06","P6","primary_tumor","oral_cavity","Dendritic","Other",114,0,0,0,0,"LGALS7B","log1p of counts scaled to 10,000"
"GSE181919","C06","P6","primary_tumor","oral_cavity","Mast","Other",45,0,0,0,0,"LGALS7B","log1p of counts scaled to 10,000"
"GSE181919","C06","P6","primary_tumor","oral_cavity","Myocyte","Other",1,0,0,0,0,"LGALS7B","log1p of counts scaled to 10,000"
"GSE181919","C07","P7","primary_tumor","oral_cavity","Malignant","OSCC cancer cell",43,18,41.8604651162791,0.139885460634856,0,"LGALS7B","log1p of counts scaled to 10,000"
"GSE181919","C07","P7","primary_tumor","oral_cavity","Fibroblast","Other",110,0,0,0,0,"LGALS7B","log1p of counts scaled to 10,000"
"GSE181919","C07","P7","primary_tumor","oral_cavity","Endothelial","Other",43,0,0,0,0,"LGALS7B","log1p of counts scaled to 10,000"
"GSE181919","C07","P7","primary_tumor","oral_cavity","T cell","Other",140,0,0,0,0,"LGALS7B","log1p of counts scaled to 10,000"
"GSE181919","C07","P7","primary_tumor","oral_cavity","B/Plasma","Other",23,0,0,0,0,"LGALS7B","log1p of counts scaled to 10,000"
"GSE181919","C07","P7","primary_tumor","oral_cavity","Macrophage","Other",142,0,0,0,0,"LGALS7B","log1p of counts scaled to 10,000"
"GSE181919","C07","P7","primary_tumor","oral_cavity","Dendritic","Other",21,0,0,0,0,"LGALS7B","log1p of counts scaled to 10,000"
"GSE181919","C07","P7","primary_tumor","oral_cavity","Mast","Other",11,0,0,0,0,"LGALS7B","log1p of counts scaled to 10,000"
"GSE181919","C07","P7","primary_tumor","oral_cavity","Myocyte","Other",3,0,0,0,0,"LGALS7B","log1p of counts scaled to 10,000"
"GSE181919","C15","P15","primary_tumor","oral_cavity","Malignant","OSCC cancer cell",59,45,76.271186440678,0.886151936959238,0.86330752815175,"LGALS7B","log1p of counts scaled to 10,000"
"GSE181919","C15","P15","primary_tumor","oral_cavity","Fibroblast","Other",438,4,0.91324200913242,0.00501403130291345,0,"LGALS7B","log1p of counts scaled to 10,000"
"GSE181919","C15","P15","primary_tumor","oral_cavity","Endothelial","Other",95,0,0,0,0,"LGALS7B","log1p of counts scaled to 10,000"
"GSE181919","C15","P15","primary_tumor","oral_cavity","T cell","Other",106,1,0.943396226415094,0.00583411611181671,0,"LGALS7B","log1p of counts scaled to 10,000"
"GSE181919","C15","P15","primary_tumor","oral_cavity","B/Plasma","Other",529,4,0.756143667296786,0.00247786037670888,0,"LGALS7B","log1p of counts scaled to 10,000"
"GSE181919","C15","P15","primary_tumor","oral_cavity","Macrophage","Other",422,0,0,0,0,"LGALS7B","log1p of counts scaled to 10,000"
"GSE181919","C15","P15","primary_tumor","oral_cavity","Dendritic","Other",77,0,0,0,0,"LGALS7B","log1p of counts scaled to 10,000"
"GSE181919","C15","P15","primary_tumor","oral_cavity","Mast","Other",5,0,0,0,0,"LGALS7B","log1p of counts scaled to 10,000"
"GSE181919","C21","P21","primary_tumor","oral_cavity","Malignant","OSCC cancer cell",272,36,13.2352941176471,0.0581205507940819,0,"LGALS7B","log1p of counts scaled to 10,000"
"GSE181919","C21","P21","primary_tumor","oral_cavity","Fibroblast","Other",127,0,0,0,0,"LGALS7B","log1p of counts scaled to 10,000"
"GSE181919","C21","P21","primary_tumor","oral_cavity","Endothelial","Other",1,0,0,0,0,"LGALS7B","log1p of counts scaled to 10,000"
"GSE181919","C21","P21","primary_tumor","oral_cavity","T cell","Other",42,1,2.38095238095238,0.00875589460897047,0,"LGALS7B","log1p of counts scaled to 10,000"
"GSE181919","C21","P21","primary_tumor","oral_cavity","B/Plasma","Other",4,0,0,0,0,"LGALS7B","log1p of counts scaled to 10,000"
"GSE181919","C21","P21","primary_tumor","oral_cavity","Macrophage","Other",239,0,0,0,0,"LGALS7B","log1p of counts scaled to 10,000"
"GSE181919","C21","P21","primary_tumor","oral_cavity","Dendritic","Other",12,0,0,0,0,"LGALS7B","log1p of counts scaled to 10,000"
"GSE181919","C26","P26","primary_tumor","oral_cavity","Malignant","OSCC cancer cell",83,58,69.8795180722892,0.632799891260325,0.397280473825133,"LGALS7B","log1p of counts scaled to 10,000"
"GSE181919","C26","P26","primary_tumor","oral_cavity","Fibroblast","Other",13,0,0,0,0,"LGALS7B","log1p of counts scaled to 10,000"
"GSE181919","C26","P26","primary_tumor","oral_cavity","Endothelial","Other",3,0,0,0,0,"LGALS7B","log1p of counts scaled to 10,000"
"GSE181919","C26","P26","primary_tumor","oral_cavity","T cell","Other",156,4,2.56410256410256,0.0084687464767528,0,"LGALS7B","log1p of counts scaled to 10,000"
"GSE181919","C26","P26","primary_tumor","oral_cavity","B/Plasma","Other",35,3,8.57142857142857,0.0339898243972783,0,"LGALS7B","log1p of counts scaled to 10,000"
"GSE181919","C26","P26","primary_tumor","oral_cavity","Macrophage","Other",373,5,1.34048257372654,0.00966351228388026,0,"LGALS7B","log1p of counts scaled to 10,000"
"GSE181919","C26","P26","primary_tumor","oral_cavity","Dendritic","Other",280,1,0.357142857142857,0.00215856616042712,0,"LGALS7B","log1p of counts scaled to 10,000"
"GSE181919","C26","P26","primary_tumor","oral_cavity","Mast","Other",1,0,0,0,0,"LGALS7B","log1p of counts scaled to 10,000"
"GSE181919","C30","P30","primary_tumor","oral_cavity","Malignant","OSCC cancer cell",94,66,70.2127659574468,0.233761722670855,0.177925754603319,"LGALS7B","log1p of counts scaled to 10,000"
"GSE181919","C30","P30","primary_tumor","oral_cavity","Fibroblast","Other",52,0,0,0,0,"LGALS7B","log1p of counts scaled to 10,000"
"GSE181919","C30","P30","primary_tumor","oral_cavity","Endothelial","Other",13,0,0,0,0,"LGALS7B","log1p of counts scaled to 10,000"
"GSE181919","C30","P30","primary_tumor","oral_cavity","T cell","Other",30,3,10,0.017218646899585,0,"LGALS7B","log1p of counts scaled to 10,000"
"GSE181919","C30","P30","primary_tumor","oral_cavity","B/Plasma","Other",18,1,5.55555555555556,0.0191382851391583,0,"LGALS7B","log1p of counts scaled to 10,000"
"GSE181919","C30","P30","primary_tumor","oral_cavity","Macrophage","Other",59,1,1.69491525423729,0.00517611946337163,0,"LGALS7B","log1p of counts scaled to 10,000"
"GSE181919","C30","P30","primary_tumor","oral_cavity","Dendritic","Other",15,0,0,0,0,"LGALS7B","log1p of counts scaled to 10,000"
"GSE181919","C30","P30","primary_tumor","oral_cavity","Mast","Other",1,0,0,0,0,"LGALS7B","log1p of counts scaled to 10,000"
"GSE181919","C31","P31","primary_tumor","oral_cavity","Malignant","OSCC cancer cell",45,27,60,0.440633538454734,0.206886346201736,"LGALS7B","log1p of counts scaled to 10,000"
"GSE181919","C31","P31","primary_tumor","oral_cavity","Fibroblast","Other",25,0,0,0,0,"LGALS7B","log1p of counts scaled to 10,000"
"GSE181919","C31","P31","primary_tumor","oral_cavity","Endothelial","Other",18,0,0,0,0,"LGALS7B","log1p of counts scaled to 10,000"
"GSE181919","C31","P31","primary_tumor","oral_cavity","T cell","Other",316,4,1.26582278481013,0.00932427155863973,0,"LGALS7B","log1p of counts scaled to 10,000"
"GSE181919","C31","P31","primary_tumor","oral_cavity","B/Plasma","Other",51,0,0,0,0,"LGALS7B","log1p of counts scaled to 10,000"
"GSE181919","C31","P31","primary_tumor","oral_cavity","Macrophage","Other",39,0,0,0,0,"LGALS7B","log1p of counts scaled to 10,000"
"GSE181919","C31","P31","primary_tumor","oral_cavity","Dendritic","Other",19,0,0,0,0,"LGALS7B","log1p of counts scaled to 10,000"
"GSE181919","C31","P31","primary_tumor","oral_cavity","Mast","Other",10,0,0,0,0,"LGALS7B","log1p of counts scaled to 10,000"
"GSE181919","C51","P51","primary_tumor","oral_cavity","Malignant","OSCC cancer cell",274,264,96.3503649635037,2.34983991189505,2.44809186968562,"LGALS7B","log1p of counts scaled to 10,000"
"GSE181919","C51","P51","primary_tumor","oral_cavity","Fibroblast","Other",601,27,4.49251247920133,0.0298909896299634,0,"LGALS7B","log1p of counts scaled to 10,000"
"GSE181919","C51","P51","primary_tumor","oral_cavity","Endothelial","Other",40,2,5,0.0344859881229488,0,"LGALS7B","log1p of counts scaled to 10,000"
"GSE181919","C51","P51","primary_tumor","oral_cavity","T cell","Other",284,13,4.57746478873239,0.0565521662390889,0,"LGALS7B","log1p of counts scaled to 10,000"
"GSE181919","C51","P51","primary_tumor","oral_cavity","B/Plasma","Other",140,4,2.85714285714286,0.0196401612035419,0,"LGALS7B","log1p of counts scaled to 10,000"
"GSE181919","C51","P51","primary_tumor","oral_cavity","Macrophage","Other",355,13,3.66197183098592,0.0162542847820834,0,"LGALS7B","log1p of counts scaled to 10,000"
"GSE181919","C51","P51","primary_tumor","oral_cavity","Dendritic","Other",46,0,0,0,0,"LGALS7B","log1p of counts scaled to 10,000"
"GSE181919","C51","P51","primary_tumor","oral_cavity","Mast","Other",61,2,3.27868852459016,0.0578952015782201,0,"LGALS7B","log1p of counts scaled to 10,000"
"GSE181919","C60","P60","primary_tumor","oral_cavity","Malignant","OSCC cancer cell",27,18,66.6666666666667,0.368708601539566,0.269968936096008,"LGALS7B","log1p of counts scaled to 10,000"
"GSE181919","C60","P60","primary_tumor","oral_cavity","Fibroblast","Other",24,0,0,0,0,"LGALS7B","log1p of counts scaled to 10,000"
"GSE181919","C60","P60","primary_tumor","oral_cavity","Endothelial","Other",46,1,2.17391304347826,0.0118707435628622,0,"LGALS7B","log1p of counts scaled to 10,000"
"GSE181919","C60","P60","primary_tumor","oral_cavity","T cell","Other",1316,1,0.0759878419452888,0.000889344874879606,0,"LGALS7B","log1p of counts scaled to 10,000"
"GSE181919","C60","P60","primary_tumor","oral_cavity","B/Plasma","Other",242,0,0,0,0,"LGALS7B","log1p of counts scaled to 10,000"
"GSE181919","C60","P60","primary_tumor","oral_cavity","Macrophage","Other",184,1,0.543478260869565,0.00231934106011531,0,"LGALS7B","log1p of counts scaled to 10,000"
"GSE181919","C60","P60","primary_tumor","oral_cavity","Dendritic","Other",103,0,0,0,0,"LGALS7B","log1p of counts scaled to 10,000"
"GSE181919","C60","P60","primary_tumor","oral_cavity","Mast","Other",6,0,0,0,0,"LGALS7B","log1p of counts scaled to 10,000"
"GSE181919","LP15","P15","leukoplakia","oral_cavity","Epithelial","Leukoplakia epithelial",72,64,88.8888888888889,0.902289653285019,0.781098830610434,"LGALS7B","log1p of counts scaled to 10,000"
"GSE181919","LP15","P15","leukoplakia","oral_cavity","Fibroblast","Other",778,1,0.12853470437018,0.000968314295561414,0,"LGALS7B","log1p of counts scaled to 10,000"
"GSE181919","LP15","P15","leukoplakia","oral_cavity","Endothelial","Other",251,2,0.796812749003984,0.00250351213339703,0,"LGALS7B","log1p of counts scaled to 10,000"
"GSE181919","LP15","P15","leukoplakia","oral_cavity","T cell","Other",86,2,2.32558139534884,0.0317732966450077,0,"LGALS7B","log1p of counts scaled to 10,000"
"GSE181919","LP15","P15","leukoplakia","oral_cavity","B/Plasma","Other",816,4,0.490196078431373,0.00260917982174208,0,"LGALS7B","log1p of counts scaled to 10,000"
"GSE181919","LP15","P15","leukoplakia","oral_cavity","Macrophage","Other",171,0,0,0,0,"LGALS7B","log1p of counts scaled to 10,000"
"GSE181919","LP15","P15","leukoplakia","oral_cavity","Dendritic","Other",49,0,0,0,0,"LGALS7B","log1p of counts scaled to 10,000"
"GSE181919","LP15","P15","leukoplakia","oral_cavity","Mast","Other",5,0,0,0,0,"LGALS7B","log1p of counts scaled to 10,000"
"GSE181919","LP16","P16","leukoplakia","oral_cavity","Epithelial","Leukoplakia epithelial",30,12,40,0.487645859801341,0,"LGALS7B","log1p of counts scaled to 10,000"
"GSE181919","LP16","P16","leukoplakia","oral_cavity","Fibroblast","Other",409,3,0.733496332518337,0.00509579102500379,0,"LGALS7B","log1p of counts scaled to 10,000"
"GSE181919","LP16","P16","leukoplakia","oral_cavity","Endothelial","Other",640,1,0.15625,0.000526184681276449,0,"LGALS7B","log1p of counts scaled to 10,000"
"GSE181919","LP16","P16","leukoplakia","oral_cavity","T cell","Other",877,1,0.114025085518814,0.00135172846155791,0,"LGALS7B","log1p of counts scaled to 10,000"
"GSE181919","LP16","P16","leukoplakia","oral_cavity","B/Plasma","Other",63,0,0,0,0,"LGALS7B","log1p of counts scaled to 10,000"
"GSE181919","LP16","P16","leukoplakia","oral_cavity","Macrophage","Other",173,0,0,0,0,"LGALS7B","log1p of counts scaled to 10,000"
"GSE181919","LP16","P16","leukoplakia","oral_cavity","Dendritic","Other",36,0,0,0,0,"LGALS7B","log1p of counts scaled to 10,000"
"GSE181919","LP16","P16","leukoplakia","oral_cavity","Mast","Other",7,0,0,0,0,"LGALS7B","log1p of counts scaled to 10,000"
"GSE181919","LP16","P16","leukoplakia","oral_cavity","Myocyte","Other",3,0,0,0,0,"LGALS7B","log1p of counts scaled to 10,000"
"GSE181919","LP17","P17","leukoplakia","oral_cavity","Epithelial","Leukoplakia epithelial",51,31,60.7843137254902,0.467131997107679,0.39080583223097,"LGALS7B","log1p of counts scaled to 10,000"
"GSE181919","LP17","P17","leukoplakia","oral_cavity","Fibroblast","Other",495,1,0.202020202020202,0.00247971397205307,0,"LGALS7B","log1p of counts scaled to 10,000"
"GSE181919","LP17","P17","leukoplakia","oral_cavity","Endothelial","Other",507,0,0,0,0,"LGALS7B","log1p of counts scaled to 10,000"
"GSE181919","LP17","P17","leukoplakia","oral_cavity","T cell","Other",79,2,2.53164556962025,0.016522045087567,0,"LGALS7B","log1p of counts scaled to 10,000"
"GSE181919","LP17","P17","leukoplakia","oral_cavity","B/Plasma","Other",31,0,0,0,0,"LGALS7B","log1p of counts scaled to 10,000"
"GSE181919","LP17","P17","leukoplakia","oral_cavity","Macrophage","Other",67,0,0,0,0,"LGALS7B","log1p of counts scaled to 10,000"
"GSE181919","LP17","P17","leukoplakia","oral_cavity","Dendritic","Other",5,0,0,0,0,"LGALS7B","log1p of counts scaled to 10,000"
"GSE181919","LP17","P17","leukoplakia","oral_cavity","Mast","Other",3,0,0,0,0,"LGALS7B","log1p of counts scaled to 10,000"
"GSE181919","LP33","P33","leukoplakia","oral_cavity","Epithelial","Leukoplakia epithelial",30,24,80,1.8231735060884,1.92538775792852,"LGALS7B","log1p of counts scaled to 10,000"
"GSE181919","LP33","P33","leukoplakia","oral_cavity","Fibroblast","Other",205,3,1.46341463414634,0.0138694237770833,0,"LGALS7B","log1p of counts scaled to 10,000"
"GSE181919","LP33","P33","leukoplakia","oral_cavity","Endothelial","Other",165,2,1.21212121212121,0.0118446266122217,0,"LGALS7B","log1p of counts scaled to 10,000"
"GSE181919","LP33","P33","leukoplakia","oral_cavity","T cell","Other",334,1,0.29940119760479,0.00216402918941889,0,"LGALS7B","log1p of counts scaled to 10,000"
"GSE181919","LP33","P33","leukoplakia","oral_cavity","B/Plasma","Other",21,1,4.76190476190476,0.00977642599456446,0,"LGALS7B","log1p of counts scaled to 10,000"
"GSE181919","LP33","P33","leukoplakia","oral_cavity","Macrophage","Other",63,0,0,0,0,"LGALS7B","log1p of counts scaled to 10,000"
"GSE181919","LP33","P33","leukoplakia","oral_cavity","Dendritic","Other",5,0,0,0,0,"LGALS7B","log1p of counts scaled to 10,000"
"GSE181919","N06","P6","normal","oral_cavity","Epithelial","Normal epithelial",86,0,0,0,0,"LGALS7B","log1p of counts scaled to 10,000"
"GSE181919","N06","P6","normal","oral_cavity","Fibroblast","Other",183,0,0,0,0,"LGALS7B","log1p of counts scaled to 10,000"
"GSE181919","N06","P6","normal","oral_cavity","Endothelial","Other",88,0,0,0,0,"LGALS7B","log1p of counts scaled to 10,000"
"GSE181919","N06","P6","normal","oral_cavity","T cell","Other",1454,0,0,0,0,"LGALS7B","log1p of counts scaled to 10,000"
"GSE181919","N06","P6","normal","oral_cavity","B/Plasma","Other",198,0,0,0,0,"LGALS7B","log1p of counts scaled to 10,000"
"GSE181919","N06","P6","normal","oral_cavity","Macrophage","Other",27,0,0,0,0,"LGALS7B","log1p of counts scaled to 10,000"
"GSE181919","N06","P6","normal","oral_cavity","Dendritic","Other",6,0,0,0,0,"LGALS7B","log1p of counts scaled to 10,000"
"GSE181919","N06","P6","normal","oral_cavity","Mast","Other",3,0,0,0,0,"LGALS7B","log1p of counts scaled to 10,000"
"GSE181919","N06","P6","normal","oral_cavity","Myocyte","Other",57,0,0,0,0,"LGALS7B","log1p of counts scaled to 10,000"
"GSE181919","N15","P15","normal","oral_cavity","Epithelial","Normal epithelial",80,0,0,0,0,"LGALS7B","log1p of counts scaled to 10,000"
"GSE181919","N15","P15","normal","oral_cavity","Fibroblast","Other",1987,1,0.0503271263210871,0.000683886933822359,0,"LGALS7B","log1p of counts scaled to 10,000"
"GSE181919","N15","P15","normal","oral_cavity","Endothelial","Other",320,0,0,0,0,"LGALS7B","log1p of counts scaled to 10,000"
"GSE181919","N15","P15","normal","oral_cavity","T cell","Other",127,0,0,0,0,"LGALS7B","log1p of counts scaled to 10,000"
"GSE181919","N15","P15","normal","oral_cavity","B/Plasma","Other",160,0,0,0,0,"LGALS7B","log1p of counts scaled to 10,000"
"GSE181919","N15","P15","normal","oral_cavity","Macrophage","Other",15,0,0,0,0,"LGALS7B","log1p of counts scaled to 10,000"
"GSE181919","N15","P15","normal","oral_cavity","Mast","Other",1,0,0,0,0,"LGALS7B","log1p of counts scaled to 10,000"
"GSE181919","N15","P15","normal","oral_cavity","Myocyte","Other",5,0,0,0,0,"LGALS7B","log1p of counts scaled to 10,000"
"GSE181919","N21","P21","normal","oral_cavity","Epithelial","Normal epithelial",33,5,15.1515151515152,0.0751422341069004,0,"LGALS7B","log1p of counts scaled to 10,000"
"GSE181919","N21","P21","normal","oral_cavity","Fibroblast","Other",1587,0,0,0,0,"LGALS7B","log1p of counts scaled to 10,000"
"GSE181919","N21","P21","normal","oral_cavity","Endothelial","Other",205,0,0,0,0,"LGALS7B","log1p of counts scaled to 10,000"
"GSE181919","N21","P21","normal","oral_cavity","T cell","Other",375,0,0,0,0,"LGALS7B","log1p of counts scaled to 10,000"
"GSE181919","N21","P21","normal","oral_cavity","B/Plasma","Other",68,0,0,0,0,"LGALS7B","log1p of counts scaled to 10,000"
"GSE181919","N21","P21","normal","oral_cavity","Macrophage","Other",120,0,0,0,0,"LGALS7B","log1p of counts scaled to 10,000"
"GSE181919","N21","P21","normal","oral_cavity","Dendritic","Other",15,0,0,0,0,"LGALS7B","log1p of counts scaled to 10,000"
"GSE181919","N21","P21","normal","oral_cavity","Mast","Other",4,0,0,0,0,"LGALS7B","log1p of counts scaled to 10,000"
"GSE181919","N21","P21","normal","oral_cavity","Myocyte","Other",28,0,0,0,0,"LGALS7B","log1p of counts scaled to 10,000"
"GSE181919","C04","P4","primary_tumor","oral_cavity","Malignant","OSCC cancer cell",427,265,62.0608899297424,0.237076926683233,0.210101494559167,"LGALS8","log1p of counts scaled to 10,000"
"GSE181919","C04","P4","primary_tumor","oral_cavity","Fibroblast","Other",8,2,25,0.0877818369546313,0,"LGALS8","log1p of counts scaled to 10,000"
"GSE181919","C04","P4","primary_tumor","oral_cavity","Endothelial","Other",19,5,26.3157894736842,0.140598330507327,0,"LGALS8","log1p of counts scaled to 10,000"
"GSE181919","C04","P4","primary_tumor","oral_cavity","T cell","Other",78,62,79.4871794871795,0.247366905016932,0.218644512854093,"LGALS8","log1p of counts scaled to 10,000"
"GSE181919","C04","P4","primary_tumor","oral_cavity","B/Plasma","Other",73,13,17.8082191780822,0.0628380102715869,0,"LGALS8","log1p of counts scaled to 10,000"
"GSE181919","C04","P4","primary_tumor","oral_cavity","Macrophage","Other",2,0,0,0,0,"LGALS8","log1p of counts scaled to 10,000"
"GSE181919","C04","P4","primary_tumor","oral_cavity","Dendritic","Other",1,0,0,0,0,"LGALS8","log1p of counts scaled to 10,000"
"GSE181919","C06","P6","primary_tumor","oral_cavity","Malignant","OSCC cancer cell",52,22,42.3076923076923,0.120126654625011,0,"LGALS8","log1p of counts scaled to 10,000"
"GSE181919","C06","P6","primary_tumor","oral_cavity","Fibroblast","Other",223,58,26.0089686098655,0.155275508595826,0,"LGALS8","log1p of counts scaled to 10,000"
"GSE181919","C06","P6","primary_tumor","oral_cavity","Endothelial","Other",36,10,27.7777777777778,0.217277123486029,0,"LGALS8","log1p of counts scaled to 10,000"
"GSE181919","C06","P6","primary_tumor","oral_cavity","T cell","Other",197,44,22.3350253807107,0.222023549564173,0,"LGALS8","log1p of counts scaled to 10,000"
"GSE181919","C06","P6","primary_tumor","oral_cavity","B/Plasma","Other",260,15,5.76923076923077,0.0372712607946622,0,"LGALS8","log1p of counts scaled to 10,000"
"GSE181919","C06","P6","primary_tumor","oral_cavity","Macrophage","Other",399,65,16.2907268170426,0.111110865042226,0,"LGALS8","log1p of counts scaled to 10,000"
"GSE181919","C06","P6","primary_tumor","oral_cavity","Dendritic","Other",114,7,6.14035087719298,0.0403207551709798,0,"LGALS8","log1p of counts scaled to 10,000"
"GSE181919","C06","P6","primary_tumor","oral_cavity","Mast","Other",45,8,17.7777777777778,0.168414830616676,0,"LGALS8","log1p of counts scaled to 10,000"
"GSE181919","C06","P6","primary_tumor","oral_cavity","Myocyte","Other",1,0,0,0,0,"LGALS8","log1p of counts scaled to 10,000"
"GSE181919","C07","P7","primary_tumor","oral_cavity","Malignant","OSCC cancer cell",43,10,23.2558139534884,0.0577380471586213,0,"LGALS8","log1p of counts scaled to 10,000"
"GSE181919","C07","P7","primary_tumor","oral_cavity","Fibroblast","Other",110,19,17.2727272727273,0.0972249010119061,0,"LGALS8","log1p of counts scaled to 10,000"
"GSE181919","C07","P7","primary_tumor","oral_cavity","Endothelial","Other",43,14,32.5581395348837,0.239818893487209,0,"LGALS8","log1p of counts scaled to 10,000"
"GSE181919","C07","P7","primary_tumor","oral_cavity","T cell","Other",140,48,34.2857142857143,0.259934663687898,0,"LGALS8","log1p of counts scaled to 10,000"
"GSE181919","C07","P7","primary_tumor","oral_cavity","B/Plasma","Other",23,0,0,0,0,"LGALS8","log1p of counts scaled to 10,000"
"GSE181919","C07","P7","primary_tumor","oral_cavity","Macrophage","Other",142,36,25.3521126760563,0.170359755769619,0,"LGALS8","log1p of counts scaled to 10,000"
"GSE181919","C07","P7","primary_tumor","oral_cavity","Dendritic","Other",21,3,14.2857142857143,0.104897985859633,0,"LGALS8","log1p of counts scaled to 10,000"
"GSE181919","C07","P7","primary_tumor","oral_cavity","Mast","Other",11,3,27.2727272727273,0.18182304669105,0,"LGALS8","log1p of counts scaled to 10,000"
"GSE181919","C07","P7","primary_tumor","oral_cavity","Myocyte","Other",3,1,33.3333333333333,0.243011246935633,0,"LGALS8","log1p of counts scaled to 10,000"
"GSE181919","C15","P15","primary_tumor","oral_cavity","Malignant","OSCC cancer cell",59,25,42.3728813559322,0.161852500284044,0,"LGALS8","log1p of counts scaled to 10,000"
"GSE181919","C15","P15","primary_tumor","oral_cavity","Fibroblast","Other",438,60,13.6986301369863,0.0863406547219847,0,"LGALS8","log1p of counts scaled to 10,000"
"GSE181919","C15","P15","primary_tumor","oral_cavity","Endothelial","Other",95,20,21.0526315789474,0.183142665143081,0,"LGALS8","log1p of counts scaled to 10,000"
"GSE181919","C15","P15","primary_tumor","oral_cavity","T cell","Other",106,15,14.1509433962264,0.107255079535522,0,"LGALS8","log1p of counts scaled to 10,000"
"GSE181919","C15","P15","primary_tumor","oral_cavity","B/Plasma","Other",529,21,3.96975425330813,0.0219563449233724,0,"LGALS8","log1p of counts scaled to 10,000"
"GSE181919","C15","P15","primary_tumor","oral_cavity","Macrophage","Other",422,47,11.1374407582938,0.100324664171807,0,"LGALS8","log1p of counts scaled to 10,000"
"GSE181919","C15","P15","primary_tumor","oral_cavity","Dendritic","Other",77,2,2.5974025974026,0.0238612756011492,0,"LGALS8","log1p of counts scaled to 10,000"
"GSE181919","C15","P15","primary_tumor","oral_cavity","Mast","Other",5,1,20,0.30057847797739,0,"LGALS8","log1p of counts scaled to 10,000"
"GSE181919","C21","P21","primary_tumor","oral_cavity","Malignant","OSCC cancer cell",272,190,69.8529411764706,0.265148119549565,0.258650625277224,"LGALS8","log1p of counts scaled to 10,000"
"GSE181919","C21","P21","primary_tumor","oral_cavity","Fibroblast","Other",127,43,33.8582677165354,0.144600321639868,0,"LGALS8","log1p of counts scaled to 10,000"
"GSE181919","C21","P21","primary_tumor","oral_cavity","Endothelial","Other",1,1,100,0.222316639781489,0.222316639781489,"LGALS8","log1p of counts scaled to 10,000"
"GSE181919","C21","P21","primary_tumor","oral_cavity","T cell","Other",42,28,66.6666666666667,0.284555841324978,0.297048351205199,"LGALS8","log1p of counts scaled to 10,000"
"GSE181919","C21","P21","primary_tumor","oral_cavity","B/Plasma","Other",4,3,75,0.171827669927324,0.140840807767717,"LGALS8","log1p of counts scaled to 10,000"
"GSE181919","C21","P21","primary_tumor","oral_cavity","Macrophage","Other",239,116,48.5355648535565,0.254363967700419,0,"LGALS8","log1p of counts scaled to 10,000"
"GSE181919","C21","P21","primary_tumor","oral_cavity","Dendritic","Other",12,1,8.33333333333333,0.0382833625345901,0,"LGALS8","log1p of counts scaled to 10,000"
"GSE181919","C26","P26","primary_tumor","oral_cavity","Malignant","OSCC cancer cell",83,39,46.9879518072289,0.146826509566304,0,"LGALS8","log1p of counts scaled to 10,000"
"GSE181919","C26","P26","primary_tumor","oral_cavity","Fibroblast","Other",13,5,38.4615384615385,0.150676353533432,0,"LGALS8","log1p of counts scaled to 10,000"
"GSE181919","C26","P26","primary_tumor","oral_cavity","Endothelial","Other",3,2,66.6666666666667,0.420720637371195,0.452963897958651,"LGALS8","log1p of counts scaled to 10,000"
"GSE181919","C26","P26","primary_tumor","oral_cavity","T cell","Other",156,44,28.2051282051282,0.210486159066067,0,"LGALS8","log1p of counts scaled to 10,000"
"GSE181919","C26","P26","primary_tumor","oral_cavity","B/Plasma","Other",35,6,17.1428571428571,0.0534418208084034,0,"LGALS8","log1p of counts scaled to 10,000"
"GSE181919","C26","P26","primary_tumor","oral_cavity","Macrophage","Other",373,108,28.9544235924933,0.202417706019474,0,"LGALS8","log1p of counts scaled to 10,000"
"GSE181919","C26","P26","primary_tumor","oral_cavity","Dendritic","Other",280,44,15.7142857142857,0.13070191735524,0,"LGALS8","log1p of counts scaled to 10,000"
"GSE181919","C26","P26","primary_tumor","oral_cavity","Mast","Other",1,1,100,0.466978584655381,0.466978584655381,"LGALS8","log1p of counts scaled to 10,000"
"GSE181919","C30","P30","primary_tumor","oral_cavity","Malignant","OSCC cancer cell",94,77,81.9148936170213,0.252526056298668,0.213076936635404,"LGALS8","log1p of counts scaled to 10,000"
"GSE181919","C30","P30","primary_tumor","oral_cavity","Fibroblast","Other",52,16,30.7692307692308,0.114456191863174,0,"LGALS8","log1p of counts scaled to 10,000"
"GSE181919","C30","P30","primary_tumor","oral_cavity","Endothelial","Other",13,5,38.4615384615385,0.197241232458354,0,"LGALS8","log1p of counts scaled to 10,000"
"GSE181919","C30","P30","primary_tumor","oral_cavity","T cell","Other",30,17,56.6666666666667,0.269195211494054,0.209296999805081,"LGALS8","log1p of counts scaled to 10,000"
"GSE181919","C30","P30","primary_tumor","oral_cavity","B/Plasma","Other",18,2,11.1111111111111,0.0143140826278214,0,"LGALS8","log1p of counts scaled to 10,000"
"GSE181919","C30","P30","primary_tumor","oral_cavity","Macrophage","Other",59,29,49.1525423728814,0.252477403771477,0,"LGALS8","log1p of counts scaled to 10,000"
"GSE181919","C30","P30","primary_tumor","oral_cavity","Dendritic","Other",15,6,40,0.171555602199941,0,"LGALS8","log1p of counts scaled to 10,000"
"GSE181919","C30","P30","primary_tumor","oral_cavity","Mast","Other",1,0,0,0,0,"LGALS8","log1p of counts scaled to 10,000"
"GSE181919","C31","P31","primary_tumor","oral_cavity","Malignant","OSCC cancer cell",45,27,60,0.203815634597813,0.191591294948873,"LGALS8","log1p of counts scaled to 10,000"
"GSE181919","C31","P31","primary_tumor","oral_cavity","Fibroblast","Other",25,4,16,0.157830620369583,0,"LGALS8","log1p of counts scaled to 10,000"
"GSE181919","C31","P31","primary_tumor","oral_cavity","Endothelial","Other",18,6,33.3333333333333,0.298762734991349,0,"LGALS8","log1p of counts scaled to 10,000"
"GSE181919","C31","P31","primary_tumor","oral_cavity","T cell","Other",316,94,29.746835443038,0.341376160952417,0,"LGALS8","log1p of counts scaled to 10,000"
"GSE181919","C31","P31","primary_tumor","oral_cavity","B/Plasma","Other",51,4,7.84313725490196,0.0483016231948489,0,"LGALS8","log1p of counts scaled to 10,000"
"GSE181919","C31","P31","primary_tumor","oral_cavity","Macrophage","Other",39,9,23.0769230769231,0.127283584350038,0,"LGALS8","log1p of counts scaled to 10,000"
"GSE181919","C31","P31","primary_tumor","oral_cavity","Dendritic","Other",19,1,5.26315789473684,0.034796524998116,0,"LGALS8","log1p of counts scaled to 10,000"
"GSE181919","C31","P31","primary_tumor","oral_cavity","Mast","Other",10,2,20,0.230209595860625,0,"LGALS8","log1p of counts scaled to 10,000"
"GSE181919","C51","P51","primary_tumor","oral_cavity","Malignant","OSCC cancer cell",274,97,35.4014598540146,0.132145712259745,0,"LGALS8","log1p of counts scaled to 10,000"
"GSE181919","C51","P51","primary_tumor","oral_cavity","Fibroblast","Other",601,128,21.2978369384359,0.117139408636186,0,"LGALS8","log1p of counts scaled to 10,000"
"GSE181919","C51","P51","primary_tumor","oral_cavity","Endothelial","Other",40,14,35,0.18685095953462,0,"LGALS8","log1p of counts scaled to 10,000"
"GSE181919","C51","P51","primary_tumor","oral_cavity","T cell","Other",284,87,30.6338028169014,0.276175088789483,0,"LGALS8","log1p of counts scaled to 10,000"
"GSE181919","C51","P51","primary_tumor","oral_cavity","B/Plasma","Other",140,19,13.5714285714286,0.0618030890670836,0,"LGALS8","log1p of counts scaled to 10,000"
"GSE181919","C51","P51","primary_tumor","oral_cavity","Macrophage","Other",355,124,34.9295774647887,0.210468326688224,0,"LGALS8","log1p of counts scaled to 10,000"
"GSE181919","C51","P51","primary_tumor","oral_cavity","Dendritic","Other",46,8,17.3913043478261,0.118375163097774,0,"LGALS8","log1p of counts scaled to 10,000"
"GSE181919","C51","P51","primary_tumor","oral_cavity","Mast","Other",61,20,32.7868852459016,0.294409439045471,0,"LGALS8","log1p of counts scaled to 10,000"
"GSE181919","C60","P60","primary_tumor","oral_cavity","Malignant","OSCC cancer cell",27,19,70.3703703703704,0.265382408721944,0.246165547418431,"LGALS8","log1p of counts scaled to 10,000"
"GSE181919","C60","P60","primary_tumor","oral_cavity","Fibroblast","Other",24,4,16.6666666666667,0.136706145686835,0,"LGALS8","log1p of counts scaled to 10,000"
"GSE181919","C60","P60","primary_tumor","oral_cavity","Endothelial","Other",46,16,34.7826086956522,0.247837753846522,0,"LGALS8","log1p of counts scaled to 10,000"
"GSE181919","C60","P60","primary_tumor","oral_cavity","T cell","Other",1316,252,19.1489361702128,0.21922816879704,0,"LGALS8","log1p of counts scaled to 10,000"
"GSE181919","C60","P60","primary_tumor","oral_cavity","B/Plasma","Other",242,19,7.85123966942149,0.0538542214949077,0,"LGALS8","log1p of counts scaled to 10,000"
"GSE181919","C60","P60","primary_tumor","oral_cavity","Macrophage","Other",184,61,33.1521739130435,0.208083558177439,0,"LGALS8","log1p of counts scaled to 10,000"
"GSE181919","C60","P60","primary_tumor","oral_cavity","Dendritic","Other",103,12,11.6504854368932,0.0747106357805777,0,"LGALS8","log1p of counts scaled to 10,000"
"GSE181919","C60","P60","primary_tumor","oral_cavity","Mast","Other",6,0,0,0,0,"LGALS8","log1p of counts scaled to 10,000"
"GSE181919","LP15","P15","leukoplakia","oral_cavity","Epithelial","Leukoplakia epithelial",72,42,58.3333333333333,0.190638229031331,0.169323800812705,"LGALS8","log1p of counts scaled to 10,000"
"GSE181919","LP15","P15","leukoplakia","oral_cavity","Fibroblast","Other",778,111,14.26735218509,0.0904473346394508,0,"LGALS8","log1p of counts scaled to 10,000"
"GSE181919","LP15","P15","leukoplakia","oral_cavity","Endothelial","Other",251,96,38.2470119521912,0.273333479780985,0,"LGALS8","log1p of counts scaled to 10,000"
"GSE181919","LP15","P15","leukoplakia","oral_cavity","T cell","Other",86,12,13.953488372093,0.0811362314352057,0,"LGALS8","log1p of counts scaled to 10,000"
"GSE181919","LP15","P15","leukoplakia","oral_cavity","B/Plasma","Other",816,50,6.12745098039216,0.0200827435300854,0,"LGALS8","log1p of counts scaled to 10,000"
"GSE181919","LP15","P15","leukoplakia","oral_cavity","Macrophage","Other",171,43,25.1461988304094,0.172276630719739,0,"LGALS8","log1p of counts scaled to 10,000"
"GSE181919","LP15","P15","leukoplakia","oral_cavity","Dendritic","Other",49,2,4.08163265306122,0.0290763789384235,0,"LGALS8","log1p of counts scaled to 10,000"
"GSE181919","LP15","P15","leukoplakia","oral_cavity","Mast","Other",5,3,60,0.415199282589976,0.500560684863318,"LGALS8","log1p of counts scaled to 10,000"
"GSE181919","LP16","P16","leukoplakia","oral_cavity","Epithelial","Leukoplakia epithelial",30,7,23.3333333333333,0.185447550237281,0,"LGALS8","log1p of counts scaled to 10,000"
"GSE181919","LP16","P16","leukoplakia","oral_cavity","Fibroblast","Other",409,54,13.2029339853301,0.099254063101569,0,"LGALS8","log1p of counts scaled to 10,000"
"GSE181919","LP16","P16","leukoplakia","oral_cavity","Endothelial","Other",640,137,21.40625,0.180011843367626,0,"LGALS8","log1p of counts scaled to 10,000"
"GSE181919","LP16","P16","leukoplakia","oral_cavity","T cell","Other",877,115,13.1128848346636,0.160138231251641,0,"LGALS8","log1p of counts scaled to 10,000"
"GSE181919","LP16","P16","leukoplakia","oral_cavity","B/Plasma","Other",63,4,6.34920634920635,0.0753945943704137,0,"LGALS8","log1p of counts scaled to 10,000"
"GSE181919","LP16","P16","leukoplakia","oral_cavity","Macrophage","Other",173,31,17.9190751445087,0.135728228164142,0,"LGALS8","log1p of counts scaled to 10,000"
"GSE181919","LP16","P16","leukoplakia","oral_cavity","Dendritic","Other",36,3,8.33333333333333,0.0513606139313724,0,"LGALS8","log1p of counts scaled to 10,000"
"GSE181919","LP16","P16","leukoplakia","oral_cavity","Mast","Other",7,2,28.5714285714286,0.32644658113168,0,"LGALS8","log1p of counts scaled to 10,000"
"GSE181919","LP16","P16","leukoplakia","oral_cavity","Myocyte","Other",3,0,0,0,0,"LGALS8","log1p of counts scaled to 10,000"
"GSE181919","LP17","P17","leukoplakia","oral_cavity","Epithelial","Leukoplakia epithelial",51,19,37.2549019607843,0.184575132422505,0,"LGALS8","log1p of counts scaled to 10,000"
"GSE181919","LP17","P17","leukoplakia","oral_cavity","Fibroblast","Other",495,32,6.46464646464646,0.0691041702994374,0,"LGALS8","log1p of counts scaled to 10,000"
"GSE181919","LP17","P17","leukoplakia","oral_cavity","Endothelial","Other",507,84,16.5680473372781,0.160143514371297,0,"LGALS8","log1p of counts scaled to 10,000"
"GSE181919","LP17","P17","leukoplakia","oral_cavity","T cell","Other",79,11,13.9240506329114,0.177281609296427,0,"LGALS8","log1p of counts scaled to 10,000"
"GSE181919","LP17","P17","leukoplakia","oral_cavity","B/Plasma","Other",31,0,0,0,0,"LGALS8","log1p of counts scaled to 10,000"
"GSE181919","LP17","P17","leukoplakia","oral_cavity","Macrophage","Other",67,5,7.46268656716418,0.0782531309995575,0,"LGALS8","log1p of counts scaled to 10,000"
"GSE181919","LP17","P17","leukoplakia","oral_cavity","Dendritic","Other",5,0,0,0,0,"LGALS8","log1p of counts scaled to 10,000"
"GSE181919","LP17","P17","leukoplakia","oral_cavity","Mast","Other",3,1,33.3333333333333,0.445511904884943,0,"LGALS8","log1p of counts scaled to 10,000"
"GSE181919","LP33","P33","leukoplakia","oral_cavity","Epithelial","Leukoplakia epithelial",30,5,16.6666666666667,0.0860036540460205,0,"LGALS8","log1p of counts scaled to 10,000"
"GSE181919","LP33","P33","leukoplakia","oral_cavity","Fibroblast","Other",205,39,19.0243902439024,0.173778397707243,0,"LGALS8","log1p of counts scaled to 10,000"
"GSE181919","LP33","P33","leukoplakia","oral_cavity","Endothelial","Other",165,43,26.0606060606061,0.226313949782257,0,"LGALS8","log1p of counts scaled to 10,000"
"GSE181919","LP33","P33","leukoplakia","oral_cavity","T cell","Other",334,41,12.2754491017964,0.137821219160845,0,"LGALS8","log1p of counts scaled to 10,000"
"GSE181919","LP33","P33","leukoplakia","oral_cavity","B/Plasma","Other",21,2,9.52380952380952,0.0790392869883526,0,"LGALS8","log1p of counts scaled to 10,000"
"GSE181919","LP33","P33","leukoplakia","oral_cavity","Macrophage","Other",63,9,14.2857142857143,0.097546245725864,0,"LGALS8","log1p of counts scaled to 10,000"
"GSE181919","LP33","P33","leukoplakia","oral_cavity","Dendritic","Other",5,1,20,0.0871265481265674,0,"LGALS8","log1p of counts scaled to 10,000"
"GSE181919","N06","P6","normal","oral_cavity","Epithelial","Normal epithelial",86,8,9.30232558139535,0.163899250850907,0,"LGALS8","log1p of counts scaled to 10,000"
"GSE181919","N06","P6","normal","oral_cavity","Fibroblast","Other",183,17,9.2896174863388,0.0933666470685459,0,"LGALS8","log1p of counts scaled to 10,000"
"GSE181919","N06","P6","normal","oral_cavity","Endothelial","Other",88,21,23.8636363636364,0.181314442847016,0,"LGALS8","log1p of counts scaled to 10,000"
"GSE181919","N06","P6","normal","oral_cavity","T cell","Other",1454,130,8.94085281980743,0.148191744326673,0,"LGALS8","log1p of counts scaled to 10,000"
"GSE181919","N06","P6","normal","oral_cavity","B/Plasma","Other",198,16,8.08080808080808,0.148559242097469,0,"LGALS8","log1p of counts scaled to 10,000"
"GSE181919","N06","P6","normal","oral_cavity","Macrophage","Other",27,1,3.7037037037037,0.0284826456601835,0,"LGALS8","log1p of counts scaled to 10,000"
"GSE181919","N06","P6","normal","oral_cavity","Dendritic","Other",6,0,0,0,0,"LGALS8","log1p of counts scaled to 10,000"
"GSE181919","N06","P6","normal","oral_cavity","Mast","Other",3,1,33.3333333333333,0.704961554828353,0,"LGALS8","log1p of counts scaled to 10,000"
"GSE181919","N06","P6","normal","oral_cavity","Myocyte","Other",57,2,3.50877192982456,0.0355746978809097,0,"LGALS8","log1p of counts scaled to 10,000"
"GSE181919","N15","P15","normal","oral_cavity","Epithelial","Normal epithelial",80,1,1.25,0.0216482665955873,0,"LGALS8","log1p of counts scaled to 10,000"
"GSE181919","N15","P15","normal","oral_cavity","Fibroblast","Other",1987,94,4.73074987418218,0.0603818593463447,0,"LGALS8","log1p of counts scaled to 10,000"
"GSE181919","N15","P15","normal","oral_cavity","Endothelial","Other",320,29,9.0625,0.1036444597889,0,"LGALS8","log1p of counts scaled to 10,000"
"GSE181919","N15","P15","normal","oral_cavity","T cell","Other",127,4,3.1496062992126,0.0492632248944816,0,"LGALS8","log1p of counts scaled to 10,000"
"GSE181919","N15","P15","normal","oral_cavity","B/Plasma","Other",160,3,1.875,0.0263548910039758,0,"LGALS8","log1p of counts scaled to 10,000"
"GSE181919","N15","P15","normal","oral_cavity","Macrophage","Other",15,1,6.66666666666667,0.138972400696234,0,"LGALS8","log1p of counts scaled to 10,000"
"GSE181919","N15","P15","normal","oral_cavity","Mast","Other",1,0,0,0,0,"LGALS8","log1p of counts scaled to 10,000"
"GSE181919","N15","P15","normal","oral_cavity","Myocyte","Other",5,0,0,0,0,"LGALS8","log1p of counts scaled to 10,000"
"GSE181919","N21","P21","normal","oral_cavity","Epithelial","Normal epithelial",33,5,15.1515151515152,0.0557142899726915,0,"LGALS8","log1p of counts scaled to 10,000"
"GSE181919","N21","P21","normal","oral_cavity","Fibroblast","Other",1587,160,10.0819155639572,0.0974568079933818,0,"LGALS8","log1p of counts scaled to 10,000"
"GSE181919","N21","P21","normal","oral_cavity","Endothelial","Other",205,57,27.8048780487805,0.251730978605341,0,"LGALS8","log1p of counts scaled to 10,000"
"GSE181919","N21","P21","normal","oral_cavity","T cell","Other",375,32,8.53333333333333,0.115864976887067,0,"LGALS8","log1p of counts scaled to 10,000"
"GSE181919","N21","P21","normal","oral_cavity","B/Plasma","Other",68,7,10.2941176470588,0.10145639373734,0,"LGALS8","log1p of counts scaled to 10,000"
"GSE181919","N21","P21","normal","oral_cavity","Macrophage","Other",120,10,8.33333333333333,0.0745736725159614,0,"LGALS8","log1p of counts scaled to 10,000"
"GSE181919","N21","P21","normal","oral_cavity","Dendritic","Other",15,3,20,0.120691612436928,0,"LGALS8","log1p of counts scaled to 10,000"
"GSE181919","N21","P21","normal","oral_cavity","Mast","Other",4,0,0,0,0,"LGALS8","log1p of counts scaled to 10,000"
"GSE181919","N21","P21","normal","oral_cavity","Myocyte","Other",28,1,3.57142857142857,0.0197306206993098,0,"LGALS8","log1p of counts scaled to 10,000"
"GSE181919","C04","P4","primary_tumor","oral_cavity","Malignant","OSCC cancer cell",427,24,5.62060889929742,0.013996430527637,0,"LGALS9","log1p of counts scaled to 10,000"
"GSE181919","C04","P4","primary_tumor","oral_cavity","Fibroblast","Other",8,2,25,0.177396146689085,0,"LGALS9","log1p of counts scaled to 10,000"
"GSE181919","C04","P4","primary_tumor","oral_cavity","Endothelial","Other",19,18,94.7368421052632,1.02563341681365,0.983001096757651,"LGALS9","log1p of counts scaled to 10,000"
"GSE181919","C04","P4","primary_tumor","oral_cavity","T cell","Other",78,10,12.8205128205128,0.0341327794176099,0,"LGALS9","log1p of counts scaled to 10,000"
"GSE181919","C04","P4","primary_tumor","oral_cavity","B/Plasma","Other",73,4,5.47945205479452,0.00775861980266147,0,"LGALS9","log1p of counts scaled to 10,000"
"GSE181919","C04","P4","primary_tumor","oral_cavity","Macrophage","Other",2,2,100,0.64988701382398,0.64988701382398,"LGALS9","log1p of counts scaled to 10,000"
"GSE181919","C04","P4","primary_tumor","oral_cavity","Dendritic","Other",1,0,0,0,0,"LGALS9","log1p of counts scaled to 10,000"
"GSE181919","C06","P6","primary_tumor","oral_cavity","Malignant","OSCC cancer cell",52,15,28.8461538461538,0.128790966719484,0,"LGALS9","log1p of counts scaled to 10,000"
"GSE181919","C06","P6","primary_tumor","oral_cavity","Fibroblast","Other",223,55,24.6636771300448,0.171026711153881,0,"LGALS9","log1p of counts scaled to 10,000"
"GSE181919","C06","P6","primary_tumor","oral_cavity","Endothelial","Other",36,18,50,0.500017721574073,0.237476832658106,"LGALS9","log1p of counts scaled to 10,000"
"GSE181919","C06","P6","primary_tumor","oral_cavity","T cell","Other",197,47,23.8578680203046,0.247222949705834,0,"LGALS9","log1p of counts scaled to 10,000"
"GSE181919","C06","P6","primary_tumor","oral_cavity","B/Plasma","Other",260,39,15,0.128337862536627,0,"LGALS9","log1p of counts scaled to 10,000"
"GSE181919","C06","P6","primary_tumor","oral_cavity","Macrophage","Other",399,211,52.8822055137845,0.584894687147326,0.614939929533766,"LGALS9","log1p of counts scaled to 10,000"
"GSE181919","C06","P6","primary_tumor","oral_cavity","Dendritic","Other",114,62,54.3859649122807,0.5758931705452,0.590593697350523,"LGALS9","log1p of counts scaled to 10,000"
"GSE181919","C06","P6","primary_tumor","oral_cavity","Mast","Other",45,13,28.8888888888889,0.339206738006262,0,"LGALS9","log1p of counts scaled to 10,000"
"GSE181919","C06","P6","primary_tumor","oral_cavity","Myocyte","Other",1,0,0,0,0,"LGALS9","log1p of counts scaled to 10,000"
"GSE181919","C07","P7","primary_tumor","oral_cavity","Malignant","OSCC cancer cell",43,8,18.6046511627907,0.0950394655579445,0,"LGALS9","log1p of counts scaled to 10,000"
"GSE181919","C07","P7","primary_tumor","oral_cavity","Fibroblast","Other",110,42,38.1818181818182,0.273549803760162,0,"LGALS9","log1p of counts scaled to 10,000"
"GSE181919","C07","P7","primary_tumor","oral_cavity","Endothelial","Other",43,30,69.7674418604651,0.631402999789849,0.700476923978531,"LGALS9","log1p of counts scaled to 10,000"
"GSE181919","C07","P7","primary_tumor","oral_cavity","T cell","Other",140,46,32.8571428571429,0.283449800692865,0,"LGALS9","log1p of counts scaled to 10,000"
"GSE181919","C07","P7","primary_tumor","oral_cavity","B/Plasma","Other",23,5,21.7391304347826,0.165390642541628,0,"LGALS9","log1p of counts scaled to 10,000"
"GSE181919","C07","P7","primary_tumor","oral_cavity","Macrophage","Other",142,107,75.3521126760563,0.86854274387394,0.927238617692475,"LGALS9","log1p of counts scaled to 10,000"
"GSE181919","C07","P7","primary_tumor","oral_cavity","Dendritic","Other",21,15,71.4285714285714,0.844327850347805,0.673964851459546,"LGALS9","log1p of counts scaled to 10,000"
"GSE181919","C07","P7","primary_tumor","oral_cavity","Mast","Other",11,8,72.7272727272727,0.672634790794396,0.750799561947883,"LGALS9","log1p of counts scaled to 10,000"
"GSE181919","C07","P7","primary_tumor","oral_cavity","Myocyte","Other",3,0,0,0,0,"LGALS9","log1p of counts scaled to 10,000"
"GSE181919","C15","P15","primary_tumor","oral_cavity","Malignant","OSCC cancer cell",59,15,25.4237288135593,0.0826574951046617,0,"LGALS9","log1p of counts scaled to 10,000"
"GSE181919","C15","P15","primary_tumor","oral_cavity","Fibroblast","Other",438,43,9.81735159817351,0.0647924379845919,0,"LGALS9","log1p of counts scaled to 10,000"
"GSE181919","C15","P15","primary_tumor","oral_cavity","Endothelial","Other",95,33,34.7368421052632,0.350160063152898,0,"LGALS9","log1p of counts scaled to 10,000"
"GSE181919","C15","P15","primary_tumor","oral_cavity","T cell","Other",106,13,12.2641509433962,0.0922431218703173,0,"LGALS9","log1p of counts scaled to 10,000"
"GSE181919","C15","P15","primary_tumor","oral_cavity","B/Plasma","Other",529,41,7.75047258979206,0.0432452213255792,0,"LGALS9","log1p of counts scaled to 10,000"
"GSE181919","C15","P15","primary_tumor","oral_cavity","Macrophage","Other",422,138,32.7014218009479,0.379020817626554,0,"LGALS9","log1p of counts scaled to 10,000"
"GSE181919","C15","P15","primary_tumor","oral_cavity","Dendritic","Other",77,37,48.0519480519481,0.542387695515712,0,"LGALS9","log1p of counts scaled to 10,000"
"GSE181919","C15","P15","primary_tumor","oral_cavity","Mast","Other",5,2,40,0.449503368726618,0,"LGALS9","log1p of counts scaled to 10,000"
"GSE181919","C21","P21","primary_tumor","oral_cavity","Malignant","OSCC cancer cell",272,76,27.9411764705882,0.0977090269803499,0,"LGALS9","log1p of counts scaled to 10,000"
"GSE181919","C21","P21","primary_tumor","oral_cavity","Fibroblast","Other",127,83,65.3543307086614,0.493209213440286,0.427945480929286,"LGALS9","log1p of counts scaled to 10,000"
"GSE181919","C21","P21","primary_tumor","oral_cavity","Endothelial","Other",1,1,100,0.913807943096475,0.913807943096475,"LGALS9","log1p of counts scaled to 10,000"
"GSE181919","C21","P21","primary_tumor","oral_cavity","T cell","Other",42,22,52.3809523809524,0.399813687703868,0.173216954702247,"LGALS9","log1p of counts scaled to 10,000"
"GSE181919","C21","P21","primary_tumor","oral_cavity","B/Plasma","Other",4,3,75,0.445379695858143,0.137583107323725,"LGALS9","log1p of counts scaled to 10,000"
"GSE181919","C21","P21","primary_tumor","oral_cavity","Macrophage","Other",239,230,96.234309623431,1.2586690442097,1.320645447396,"LGALS9","log1p of counts scaled to 10,000"
"GSE181919","C21","P21","primary_tumor","oral_cavity","Dendritic","Other",12,12,100,1.47126385645705,1.42043552248903,"LGALS9","log1p of counts scaled to 10,000"
"GSE181919","C26","P26","primary_tumor","oral_cavity","Malignant","OSCC cancer cell",83,13,15.6626506024096,0.0302400633727589,0,"LGALS9","log1p of counts scaled to 10,000"
"GSE181919","C26","P26","primary_tumor","oral_cavity","Fibroblast","Other",13,4,30.7692307692308,0.138820646756277,0,"LGALS9","log1p of counts scaled to 10,000"
"GSE181919","C26","P26","primary_tumor","oral_cavity","Endothelial","Other",3,3,100,1.28574047084889,1.25053529994214,"LGALS9","log1p of counts scaled to 10,000"
"GSE181919","C26","P26","primary_tumor","oral_cavity","T cell","Other",156,82,52.5641025641026,0.49350881798607,0.458876597469792,"LGALS9","log1p of counts scaled to 10,000"
"GSE181919","C26","P26","primary_tumor","oral_cavity","B/Plasma","Other",35,12,34.2857142857143,0.213996934524439,0,"LGALS9","log1p of counts scaled to 10,000"
"GSE181919","C26","P26","primary_tumor","oral_cavity","Macrophage","Other",373,296,79.3565683646113,0.960687010328429,1.06668461332291,"LGALS9","log1p of counts scaled to 10,000"
"GSE181919","C26","P26","primary_tumor","oral_cavity","Dendritic","Other",280,199,71.0714285714286,0.792219497166293,0.833925906353964,"LGALS9","log1p of counts scaled to 10,000"
"GSE181919","C26","P26","primary_tumor","oral_cavity","Mast","Other",1,1,100,1.21807360943215,1.21807360943215,"LGALS9","log1p of counts scaled to 10,000"
"GSE181919","C30","P30","primary_tumor","oral_cavity","Malignant","OSCC cancer cell",94,30,31.9148936170213,0.0670685414932409,0,"LGALS9","log1p of counts scaled to 10,000"
"GSE181919","C30","P30","primary_tumor","oral_cavity","Fibroblast","Other",52,39,75,0.617093562317367,0.546084320985033,"LGALS9","log1p of counts scaled to 10,000"
"GSE181919","C30","P30","primary_tumor","oral_cavity","Endothelial","Other",13,12,92.3076923076923,1.03669886197328,1.04357950385974,"LGALS9","log1p of counts scaled to 10,000"
"GSE181919","C30","P30","primary_tumor","oral_cavity","T cell","Other",30,16,53.3333333333333,0.320696856053984,0.12821912540815,"LGALS9","log1p of counts scaled to 10,000"
"GSE181919","C30","P30","primary_tumor","oral_cavity","B/Plasma","Other",18,2,11.1111111111111,0.0385687988948505,0,"LGALS9","log1p of counts scaled to 10,000"
"GSE181919","C30","P30","primary_tumor","oral_cavity","Macrophage","Other",59,57,96.6101694915254,1.150214279366,1.17577247844446,"LGALS9","log1p of counts scaled to 10,000"
"GSE181919","C30","P30","primary_tumor","oral_cavity","Dendritic","Other",15,15,100,1.26830528715868,1.32602222291214,"LGALS9","log1p of counts scaled to 10,000"
"GSE181919","C30","P30","primary_tumor","oral_cavity","Mast","Other",1,0,0,0,0,"LGALS9","log1p of counts scaled to 10,000"
"GSE181919","C31","P31","primary_tumor","oral_cavity","Malignant","OSCC cancer cell",45,17,37.7777777777778,0.14540253717484,0,"LGALS9","log1p of counts scaled to 10,000"
"GSE181919","C31","P31","primary_tumor","oral_cavity","Fibroblast","Other",25,3,12,0.159315224387881,0,"LGALS9","log1p of counts scaled to 10,000"
"GSE181919","C31","P31","primary_tumor","oral_cavity","Endothelial","Other",18,12,66.6666666666667,0.764469454389676,0.861654406617803,"LGALS9","log1p of counts scaled to 10,000"
"GSE181919","C31","P31","primary_tumor","oral_cavity","T cell","Other",316,75,23.7341772151899,0.275705270200314,0,"LGALS9","log1p of counts scaled to 10,000"
"GSE181919","C31","P31","primary_tumor","oral_cavity","B/Plasma","Other",51,8,15.6862745098039,0.151442463706797,0,"LGALS9","log1p of counts scaled to 10,000"
"GSE181919","C31","P31","primary_tumor","oral_cavity","Macrophage","Other",39,30,76.9230769230769,0.825225709109925,0.855300981210514,"LGALS9","log1p of counts scaled to 10,000"
"GSE181919","C31","P31","primary_tumor","oral_cavity","Dendritic","Other",19,15,78.9473684210526,0.87514935770729,1.03421878964667,"LGALS9","log1p of counts scaled to 10,000"
"GSE181919","C31","P31","primary_tumor","oral_cavity","Mast","Other",10,4,40,0.450458954201279,0,"LGALS9","log1p of counts scaled to 10,000"
"GSE181919","C51","P51","primary_tumor","oral_cavity","Malignant","OSCC cancer cell",274,35,12.7737226277372,0.0365452164563897,0,"LGALS9","log1p of counts scaled to 10,000"
"GSE181919","C51","P51","primary_tumor","oral_cavity","Fibroblast","Other",601,172,28.6189683860233,0.18872737683247,0,"LGALS9","log1p of counts scaled to 10,000"
"GSE181919","C51","P51","primary_tumor","oral_cavity","Endothelial","Other",40,32,80,0.785383665374729,0.838701484532507,"LGALS9","log1p of counts scaled to 10,000"
"GSE181919","C51","P51","primary_tumor","oral_cavity","T cell","Other",284,113,39.7887323943662,0.399167255770259,0,"LGALS9","log1p of counts scaled to 10,000"
"GSE181919","C51","P51","primary_tumor","oral_cavity","B/Plasma","Other",140,27,19.2857142857143,0.124462821111483,0,"LGALS9","log1p of counts scaled to 10,000"
"GSE181919","C51","P51","primary_tumor","oral_cavity","Macrophage","Other",355,321,90.4225352112676,1.22259826928012,1.29400643638384,"LGALS9","log1p of counts scaled to 10,000"
"GSE181919","C51","P51","primary_tumor","oral_cavity","Dendritic","Other",46,38,82.6086956521739,1.19119861291941,1.42544075113779,"LGALS9","log1p of counts scaled to 10,000"
"GSE181919","C51","P51","primary_tumor","oral_cavity","Mast","Other",61,37,60.655737704918,0.615680605416691,0.651074174451013,"LGALS9","log1p of counts scaled to 10,000"
"GSE181919","C60","P60","primary_tumor","oral_cavity","Malignant","OSCC cancer cell",27,15,55.5555555555556,0.235445552935821,0.225192267042419,"LGALS9","log1p of counts scaled to 10,000"
"GSE181919","C60","P60","primary_tumor","oral_cavity","Fibroblast","Other",24,11,45.8333333333333,0.441725110732585,0,"LGALS9","log1p of counts scaled to 10,000"
"GSE181919","C60","P60","primary_tumor","oral_cavity","Endothelial","Other",46,39,84.7826086956522,1.21746193284187,1.3224565667317,"LGALS9","log1p of counts scaled to 10,000"
"GSE181919","C60","P60","primary_tumor","oral_cavity","T cell","Other",1316,475,36.0942249240122,0.466554094185844,0,"LGALS9","log1p of counts scaled to 10,000"
"GSE181919","C60","P60","primary_tumor","oral_cavity","B/Plasma","Other",242,84,34.7107438016529,0.397874076325169,0,"LGALS9","log1p of counts scaled to 10,000"
"GSE181919","C60","P60","primary_tumor","oral_cavity","Macrophage","Other",184,153,83.1521739130435,1.01894990978541,1.13007440995936,"LGALS9","log1p of counts scaled to 10,000"
"GSE181919","C60","P60","primary_tumor","oral_cavity","Dendritic","Other",103,79,76.6990291262136,0.959426158665656,1.13833470783628,"LGALS9","log1p of counts scaled to 10,000"
"GSE181919","C60","P60","primary_tumor","oral_cavity","Mast","Other",6,1,16.6666666666667,0.282493104671395,0,"LGALS9","log1p of counts scaled to 10,000"
"GSE181919","LP15","P15","leukoplakia","oral_cavity","Epithelial","Leukoplakia epithelial",72,24,33.3333333333333,0.102007325956243,0,"LGALS9","log1p of counts scaled to 10,000"
"GSE181919","LP15","P15","leukoplakia","oral_cavity","Fibroblast","Other",778,82,10.5398457583548,0.0660612786124541,0,"LGALS9","log1p of counts scaled to 10,000"
"GSE181919","LP15","P15","leukoplakia","oral_cavity","Endothelial","Other",251,118,47.0119521912351,0.372611194605496,0,"LGALS9","log1p of counts scaled to 10,000"
"GSE181919","LP15","P15","leukoplakia","oral_cavity","T cell","Other",86,12,13.953488372093,0.100387723914157,0,"LGALS9","log1p of counts scaled to 10,000"
"GSE181919","LP15","P15","leukoplakia","oral_cavity","B/Plasma","Other",816,42,5.14705882352941,0.0183739700049588,0,"LGALS9","log1p of counts scaled to 10,000"
"GSE181919","LP15","P15","leukoplakia","oral_cavity","Macrophage","Other",171,120,70.1754385964912,0.708796226973841,0.825507114906058,"LGALS9","log1p of counts scaled to 10,000"
"GSE181919","LP15","P15","leukoplakia","oral_cavity","Dendritic","Other",49,37,75.5102040816327,0.830560868784556,0.794816297475583,"LGALS9","log1p of counts scaled to 10,000"
"GSE181919","LP15","P15","leukoplakia","oral_cavity","Mast","Other",5,3,60,0.415199282589976,0.500560684863318,"LGALS9","log1p of counts scaled to 10,000"
"GSE181919","LP16","P16","leukoplakia","oral_cavity","Epithelial","Leukoplakia epithelial",30,5,16.6666666666667,0.0920557239404523,0,"LGALS9","log1p of counts scaled to 10,000"
"GSE181919","LP16","P16","leukoplakia","oral_cavity","Fibroblast","Other",409,63,15.4034229828851,0.131999654737282,0,"LGALS9","log1p of counts scaled to 10,000"
"GSE181919","LP16","P16","leukoplakia","oral_cavity","Endothelial","Other",640,281,43.90625,0.466285832979902,0,"LGALS9","log1p of counts scaled to 10,000"
"GSE181919","LP16","P16","leukoplakia","oral_cavity","T cell","Other",877,134,15.2793614595211,0.185660992363931,0,"LGALS9","log1p of counts scaled to 10,000"
"GSE181919","LP16","P16","leukoplakia","oral_cavity","B/Plasma","Other",63,7,11.1111111111111,0.140554364333571,0,"LGALS9","log1p of counts scaled to 10,000"
"GSE181919","LP16","P16","leukoplakia","oral_cavity","Macrophage","Other",173,117,67.6300578034682,0.773679596733372,0.845852855857795,"LGALS9","log1p of counts scaled to 10,000"
"GSE181919","LP16","P16","leukoplakia","oral_cavity","Dendritic","Other",36,29,80.5555555555556,0.936692280949108,0.986528404360552,"LGALS9","log1p of counts scaled to 10,000"
"GSE181919","LP16","P16","leukoplakia","oral_cavity","Mast","Other",7,0,0,0,0,"LGALS9","log1p of counts scaled to 10,000"
"GSE181919","LP16","P16","leukoplakia","oral_cavity","Myocyte","Other",3,0,0,0,0,"LGALS9","log1p of counts scaled to 10,000"
"GSE181919","LP17","P17","leukoplakia","oral_cavity","Epithelial","Leukoplakia epithelial",51,19,37.2549019607843,0.152197050798219,0,"LGALS9","log1p of counts scaled to 10,000"
"GSE181919","LP17","P17","leukoplakia","oral_cavity","Fibroblast","Other",495,33,6.66666666666667,0.0697858435952948,0,"LGALS9","log1p of counts scaled to 10,000"
"GSE181919","LP17","P17","leukoplakia","oral_cavity","Endothelial","Other",507,117,23.0769230769231,0.238591472436388,0,"LGALS9","log1p of counts scaled to 10,000"
"GSE181919","LP17","P17","leukoplakia","oral_cavity","T cell","Other",79,11,13.9240506329114,0.165494168486413,0,"LGALS9","log1p of counts scaled to 10,000"
"GSE181919","LP17","P17","leukoplakia","oral_cavity","B/Plasma","Other",31,2,6.45161290322581,0.0251481720248211,0,"LGALS9","log1p of counts scaled to 10,000"
"GSE181919","LP17","P17","leukoplakia","oral_cavity","Macrophage","Other",67,43,64.1791044776119,0.791394378716088,0.918516497523683,"LGALS9","log1p of counts scaled to 10,000"
"GSE181919","LP17","P17","leukoplakia","oral_cavity","Dendritic","Other",5,3,60,0.797489333089316,0.818079411896209,"LGALS9","log1p of counts scaled to 10,000"
"GSE181919","LP17","P17","leukoplakia","oral_cavity","Mast","Other",3,0,0,0,0,"LGALS9","log1p of counts scaled to 10,000"
"GSE181919","LP33","P33","leukoplakia","oral_cavity","Epithelial","Leukoplakia epithelial",30,4,13.3333333333333,0.0481552381648442,0,"LGALS9","log1p of counts scaled to 10,000"
"GSE181919","LP33","P33","leukoplakia","oral_cavity","Fibroblast","Other",205,7,3.41463414634146,0.0213570589929632,0,"LGALS9","log1p of counts scaled to 10,000"
"GSE181919","LP33","P33","leukoplakia","oral_cavity","Endothelial","Other",165,55,33.3333333333333,0.297904933122663,0,"LGALS9","log1p of counts scaled to 10,000"
"GSE181919","LP33","P33","leukoplakia","oral_cavity","T cell","Other",334,21,6.2874251497006,0.0730829181295704,0,"LGALS9","log1p of counts scaled to 10,000"
"GSE181919","LP33","P33","leukoplakia","oral_cavity","B/Plasma","Other",21,0,0,0,0,"LGALS9","log1p of counts scaled to 10,000"
"GSE181919","LP33","P33","leukoplakia","oral_cavity","Macrophage","Other",63,39,61.9047619047619,0.674204943877312,0.771586972195585,"LGALS9","log1p of counts scaled to 10,000"
"GSE181919","LP33","P33","leukoplakia","oral_cavity","Dendritic","Other",5,5,100,0.704800164259834,0.652041647010943,"LGALS9","log1p of counts scaled to 10,000"
"GSE181919","N06","P6","normal","oral_cavity","Epithelial","Normal epithelial",86,3,3.48837209302326,0.0520928355350389,0,"LGALS9","log1p of counts scaled to 10,000"
"GSE181919","N06","P6","normal","oral_cavity","Fibroblast","Other",183,5,2.73224043715847,0.0281863278306609,0,"LGALS9","log1p of counts scaled to 10,000"
"GSE181919","N06","P6","normal","oral_cavity","Endothelial","Other",88,19,21.5909090909091,0.167212348690404,0,"LGALS9","log1p of counts scaled to 10,000"
"GSE181919","N06","P6","normal","oral_cavity","T cell","Other",1454,27,1.85694635488308,0.030759743678964,0,"LGALS9","log1p of counts scaled to 10,000"
"GSE181919","N06","P6","normal","oral_cavity","B/Plasma","Other",198,5,2.52525252525253,0.0441892230110424,0,"LGALS9","log1p of counts scaled to 10,000"
"GSE181919","N06","P6","normal","oral_cavity","Macrophage","Other",27,11,40.7407407407407,0.426374412838645,0,"LGALS9","log1p of counts scaled to 10,000"
"GSE181919","N06","P6","normal","oral_cavity","Dendritic","Other",6,1,16.6666666666667,0.209901609958627,0,"LGALS9","log1p of counts scaled to 10,000"
"GSE181919","N06","P6","normal","oral_cavity","Mast","Other",3,0,0,0,0,"LGALS9","log1p of counts scaled to 10,000"
"GSE181919","N06","P6","normal","oral_cavity","Myocyte","Other",57,0,0,0,0,"LGALS9","log1p of counts scaled to 10,000"
"GSE181919","N15","P15","normal","oral_cavity","Epithelial","Normal epithelial",80,0,0,0,0,"LGALS9","log1p of counts scaled to 10,000"
"GSE181919","N15","P15","normal","oral_cavity","Fibroblast","Other",1987,1,0.0503271263210871,0.000550961505164635,0,"LGALS9","log1p of counts scaled to 10,000"
"GSE181919","N15","P15","normal","oral_cavity","Endothelial","Other",320,40,12.5,0.186673745561381,0,"LGALS9","log1p of counts scaled to 10,000"
"GSE181919","N15","P15","normal","oral_cavity","T cell","Other",127,4,3.1496062992126,0.0435805949789346,0,"LGALS9","log1p of counts scaled to 10,000"
"GSE181919","N15","P15","normal","oral_cavity","B/Plasma","Other",160,0,0,0,0,"LGALS9","log1p of counts scaled to 10,000"
"GSE181919","N15","P15","normal","oral_cavity","Macrophage","Other",15,7,46.6666666666667,0.602984469648771,0,"LGALS9","log1p of counts scaled to 10,000"
"GSE181919","N15","P15","normal","oral_cavity","Mast","Other",1,0,0,0,0,"LGALS9","log1p of counts scaled to 10,000"
"GSE181919","N15","P15","normal","oral_cavity","Myocyte","Other",5,0,0,0,0,"LGALS9","log1p of counts scaled to 10,000"
"GSE181919","N21","P21","normal","oral_cavity","Epithelial","Normal epithelial",33,1,3.03030303030303,0.0263070348755116,0,"LGALS9","log1p of counts scaled to 10,000"
"GSE181919","N21","P21","normal","oral_cavity","Fibroblast","Other",1587,36,2.26843100189036,0.0215732144851635,0,"LGALS9","log1p of counts scaled to 10,000"
"GSE181919","N21","P21","normal","oral_cavity","Endothelial","Other",205,77,37.5609756097561,0.395838932395198,0,"LGALS9","log1p of counts scaled to 10,000"
"GSE181919","N21","P21","normal","oral_cavity","T cell","Other",375,26,6.93333333333333,0.0978149303721243,0,"LGALS9","log1p of counts scaled to 10,000"
"GSE181919","N21","P21","normal","oral_cavity","B/Plasma","Other",68,1,1.47058823529412,0.0242997681067258,0,"LGALS9","log1p of counts scaled to 10,000"
"GSE181919","N21","P21","normal","oral_cavity","Macrophage","Other",120,56,46.6666666666667,0.60155154961125,0,"LGALS9","log1p of counts scaled to 10,000"
"GSE181919","N21","P21","normal","oral_cavity","Dendritic","Other",15,10,66.6666666666667,0.934512849453529,0.979477100282908,"LGALS9","log1p of counts scaled to 10,000"
"GSE181919","N21","P21","normal","oral_cavity","Mast","Other",4,0,0,0,0,"LGALS9","log1p of counts scaled to 10,000"
"GSE181919","N21","P21","normal","oral_cavity","Myocyte","Other",28,2,7.14285714285714,0.0998574906985013,0,"LGALS9","log1p of counts scaled to 10,000"
"GSE181919","C04","P4","primary_tumor","oral_cavity","Malignant","OSCC cancer cell",427,151,35.3629976580796,0.101975641067182,0,"LGALS9B","log1p of counts scaled to 10,000"
"GSE181919","C04","P4","primary_tumor","oral_cavity","Fibroblast","Other",8,0,0,0,0,"LGALS9B","log1p of counts scaled to 10,000"
"GSE181919","C04","P4","primary_tumor","oral_cavity","Endothelial","Other",19,0,0,0,0,"LGALS9B","log1p of counts scaled to 10,000"
"GSE181919","C04","P4","primary_tumor","oral_cavity","T cell","Other",78,34,43.5897435897436,0.0911536045814707,0,"LGALS9B","log1p of counts scaled to 10,000"
"GSE181919","C04","P4","primary_tumor","oral_cavity","B/Plasma","Other",73,5,6.84931506849315,0.00700251936858684,0,"LGALS9B","log1p of counts scaled to 10,000"
"GSE181919","C04","P4","primary_tumor","oral_cavity","Macrophage","Other",2,0,0,0,0,"LGALS9B","log1p of counts scaled to 10,000"
"GSE181919","C04","P4","primary_tumor","oral_cavity","Dendritic","Other",1,0,0,0,0,"LGALS9B","log1p of counts scaled to 10,000"
"GSE181919","C06","P6","primary_tumor","oral_cavity","Malignant","OSCC cancer cell",52,6,11.5384615384615,0.0292578515534062,0,"LGALS9B","log1p of counts scaled to 10,000"
"GSE181919","C06","P6","primary_tumor","oral_cavity","Fibroblast","Other",223,0,0,0,0,"LGALS9B","log1p of counts scaled to 10,000"
"GSE181919","C06","P6","primary_tumor","oral_cavity","Endothelial","Other",36,0,0,0,0,"LGALS9B","log1p of counts scaled to 10,000"
"GSE181919","C06","P6","primary_tumor","oral_cavity","T cell","Other",197,1,0.50761421319797,0.00538207788464273,0,"LGALS9B","log1p of counts scaled to 10,000"
"GSE181919","C06","P6","primary_tumor","oral_cavity","B/Plasma","Other",260,1,0.384615384615385,0.001149536410642,0,"LGALS9B","log1p of counts scaled to 10,000"
"GSE181919","C06","P6","primary_tumor","oral_cavity","Macrophage","Other",399,0,0,0,0,"LGALS9B","log1p of counts scaled to 10,000"
"GSE181919","C06","P6","primary_tumor","oral_cavity","Dendritic","Other",114,0,0,0,0,"LGALS9B","log1p of counts scaled to 10,000"
"GSE181919","C06","P6","primary_tumor","oral_cavity","Mast","Other",45,0,0,0,0,"LGALS9B","log1p of counts scaled to 10,000"
"GSE181919","C06","P6","primary_tumor","oral_cavity","Myocyte","Other",1,0,0,0,0,"LGALS9B","log1p of counts scaled to 10,000"
"GSE181919","C07","P7","primary_tumor","oral_cavity","Malignant","OSCC cancer cell",43,4,9.30232558139535,0.0254153732442096,0,"LGALS9B","log1p of counts scaled to 10,000"
"GSE181919","C07","P7","primary_tumor","oral_cavity","Fibroblast","Other",110,0,0,0,0,"LGALS9B","log1p of counts scaled to 10,000"
"GSE181919","C07","P7","primary_tumor","oral_cavity","Endothelial","Other",43,0,0,0,0,"LGALS9B","log1p of counts scaled to 10,000"
"GSE181919","C07","P7","primary_tumor","oral_cavity","T cell","Other",140,0,0,0,0,"LGALS9B","log1p of counts scaled to 10,000"
"GSE181919","C07","P7","primary_tumor","oral_cavity","B/Plasma","Other",23,0,0,0,0,"LGALS9B","log1p of counts scaled to 10,000"
"GSE181919","C07","P7","primary_tumor","oral_cavity","Macrophage","Other",142,3,2.11267605633803,0.0135945620952512,0,"LGALS9B","log1p of counts scaled to 10,000"
"GSE181919","C07","P7","primary_tumor","oral_cavity","Dendritic","Other",21,0,0,0,0,"LGALS9B","log1p of counts scaled to 10,000"
"GSE181919","C07","P7","primary_tumor","oral_cavity","Mast","Other",11,0,0,0,0,"LGALS9B","log1p of counts scaled to 10,000"
"GSE181919","C07","P7","primary_tumor","oral_cavity","Myocyte","Other",3,0,0,0,0,"LGALS9B","log1p of counts scaled to 10,000"
"GSE181919","C15","P15","primary_tumor","oral_cavity","Malignant","OSCC cancer cell",59,6,10.1694915254237,0.019885663094195,0,"LGALS9B","log1p of counts scaled to 10,000"
"GSE181919","C15","P15","primary_tumor","oral_cavity","Fibroblast","Other",438,0,0,0,0,"LGALS9B","log1p of counts scaled to 10,000"
"GSE181919","C15","P15","primary_tumor","oral_cavity","Endothelial","Other",95,0,0,0,0,"LGALS9B","log1p of counts scaled to 10,000"
"GSE181919","C15","P15","primary_tumor","oral_cavity","T cell","Other",106,0,0,0,0,"LGALS9B","log1p of counts scaled to 10,000"
"GSE181919","C15","P15","primary_tumor","oral_cavity","B/Plasma","Other",529,0,0,0,0,"LGALS9B","log1p of counts scaled to 10,000"
"GSE181919","C15","P15","primary_tumor","oral_cavity","Macrophage","Other",422,0,0,0,0,"LGALS9B","log1p of counts scaled to 10,000"
"GSE181919","C15","P15","primary_tumor","oral_cavity","Dendritic","Other",77,0,0,0,0,"LGALS9B","log1p of counts scaled to 10,000"
"GSE181919","C15","P15","primary_tumor","oral_cavity","Mast","Other",5,0,0,0,0,"LGALS9B","log1p of counts scaled to 10,000"
"GSE181919","C21","P21","primary_tumor","oral_cavity","Malignant","OSCC cancer cell",272,26,9.55882352941176,0.0241095702653299,0,"LGALS9B","log1p of counts scaled to 10,000"
"GSE181919","C21","P21","primary_tumor","oral_cavity","Fibroblast","Other",127,2,1.5748031496063,0.00613156480983101,0,"LGALS9B","log1p of counts scaled to 10,000"
"GSE181919","C21","P21","primary_tumor","oral_cavity","Endothelial","Other",1,0,0,0,0,"LGALS9B","log1p of counts scaled to 10,000"
"GSE181919","C21","P21","primary_tumor","oral_cavity","T cell","Other",42,2,4.76190476190476,0.00730146212101301,0,"LGALS9B","log1p of counts scaled to 10,000"
"GSE181919","C21","P21","primary_tumor","oral_cavity","B/Plasma","Other",4,0,0,0,0,"LGALS9B","log1p of counts scaled to 10,000"
"GSE181919","C21","P21","primary_tumor","oral_cavity","Macrophage","Other",239,0,0,0,0,"LGALS9B","log1p of counts scaled to 10,000"
"GSE181919","C21","P21","primary_tumor","oral_cavity","Dendritic","Other",12,0,0,0,0,"LGALS9B","log1p of counts scaled to 10,000"
"GSE181919","C26","P26","primary_tumor","oral_cavity","Malignant","OSCC cancer cell",83,2,2.40963855421687,0.00264487056105738,0,"LGALS9B","log1p of counts scaled to 10,000"
"GSE181919","C26","P26","primary_tumor","oral_cavity","Fibroblast","Other",13,0,0,0,0,"LGALS9B","log1p of counts scaled to 10,000"
"GSE181919","C26","P26","primary_tumor","oral_cavity","Endothelial","Other",3,0,0,0,0,"LGALS9B","log1p of counts scaled to 10,000"
"GSE181919","C26","P26","primary_tumor","oral_cavity","T cell","Other",156,3,1.92307692307692,0.0133507804719338,0,"LGALS9B","log1p of counts scaled to 10,000"
"GSE181919","C26","P26","primary_tumor","oral_cavity","B/Plasma","Other",35,0,0,0,0,"LGALS9B","log1p of counts scaled to 10,000"
"GSE181919","C26","P26","primary_tumor","oral_cavity","Macrophage","Other",373,0,0,0,0,"LGALS9B","log1p of counts scaled to 10,000"
"GSE181919","C26","P26","primary_tumor","oral_cavity","Dendritic","Other",280,0,0,0,0,"LGALS9B","log1p of counts scaled to 10,000"
"GSE181919","C26","P26","primary_tumor","oral_cavity","Mast","Other",1,0,0,0,0,"LGALS9B","log1p of counts scaled to 10,000"
"GSE181919","C30","P30","primary_tumor","oral_cavity","Malignant","OSCC cancer cell",94,31,32.9787234042553,0.0629763269836666,0,"LGALS9B","log1p of counts scaled to 10,000"
"GSE181919","C30","P30","primary_tumor","oral_cavity","Fibroblast","Other",52,0,0,0,0,"LGALS9B","log1p of counts scaled to 10,000"
"GSE181919","C30","P30","primary_tumor","oral_cavity","Endothelial","Other",13,1,7.69230769230769,0.0146390469745045,0,"LGALS9B","log1p of counts scaled to 10,000"
"GSE181919","C30","P30","primary_tumor","oral_cavity","T cell","Other",30,6,20,0.0506004690066648,0,"LGALS9B","log1p of counts scaled to 10,000"
"GSE181919","C30","P30","primary_tumor","oral_cavity","B/Plasma","Other",18,0,0,0,0,"LGALS9B","log1p of counts scaled to 10,000"
"GSE181919","C30","P30","primary_tumor","oral_cavity","Macrophage","Other",59,0,0,0,0,"LGALS9B","log1p of counts scaled to 10,000"
"GSE181919","C30","P30","primary_tumor","oral_cavity","Dendritic","Other",15,0,0,0,0,"LGALS9B","log1p of counts scaled to 10,000"
"GSE181919","C30","P30","primary_tumor","oral_cavity","Mast","Other",1,0,0,0,0,"LGALS9B","log1p of counts scaled to 10,000"
"GSE181919","C31","P31","primary_tumor","oral_cavity","Malignant","OSCC cancer cell",45,11,24.4444444444444,0.102865920853378,0,"LGALS9B","log1p of counts scaled to 10,000"
"GSE181919","C31","P31","primary_tumor","oral_cavity","Fibroblast","Other",25,0,0,0,0,"LGALS9B","log1p of counts scaled to 10,000"
"GSE181919","C31","P31","primary_tumor","oral_cavity","Endothelial","Other",18,0,0,0,0,"LGALS9B","log1p of counts scaled to 10,000"
"GSE181919","C31","P31","primary_tumor","oral_cavity","T cell","Other",316,1,0.316455696202532,0.0027915363005706,0,"LGALS9B","log1p of counts scaled to 10,000"
"GSE181919","C31","P31","primary_tumor","oral_cavity","B/Plasma","Other",51,0,0,0,0,"LGALS9B","log1p of counts scaled to 10,000"
"GSE181919","C31","P31","primary_tumor","oral_cavity","Macrophage","Other",39,0,0,0,0,"LGALS9B","log1p of counts scaled to 10,000"
"GSE181919","C31","P31","primary_tumor","oral_cavity","Dendritic","Other",19,0,0,0,0,"LGALS9B","log1p of counts scaled to 10,000"
"GSE181919","C31","P31","primary_tumor","oral_cavity","Mast","Other",10,0,0,0,0,"LGALS9B","log1p of counts scaled to 10,000"
"GSE181919","C51","P51","primary_tumor","oral_cavity","Malignant","OSCC cancer cell",274,136,49.6350364963504,0.22971021146504,0,"LGALS9B","log1p of counts scaled to 10,000"
"GSE181919","C51","P51","primary_tumor","oral_cavity","Fibroblast","Other",601,6,0.998336106489185,0.00558040916684253,0,"LGALS9B","log1p of counts scaled to 10,000"
"GSE181919","C51","P51","primary_tumor","oral_cavity","Endothelial","Other",40,0,0,0,0,"LGALS9B","log1p of counts scaled to 10,000"
"GSE181919","C51","P51","primary_tumor","oral_cavity","T cell","Other",284,3,1.05633802816901,0.00279973207009158,0,"LGALS9B","log1p of counts scaled to 10,000"
"GSE181919","C51","P51","primary_tumor","oral_cavity","B/Plasma","Other",140,2,1.42857142857143,0.00586304427606354,0,"LGALS9B","log1p of counts scaled to 10,000"
"GSE181919","C51","P51","primary_tumor","oral_cavity","Macrophage","Other",355,3,0.845070422535211,0.00297884552083296,0,"LGALS9B","log1p of counts scaled to 10,000"
"GSE181919","C51","P51","primary_tumor","oral_cavity","Dendritic","Other",46,0,0,0,0,"LGALS9B","log1p of counts scaled to 10,000"
"GSE181919","C51","P51","primary_tumor","oral_cavity","Mast","Other",61,1,1.63934426229508,0.0192533979543803,0,"LGALS9B","log1p of counts scaled to 10,000"
"GSE181919","C60","P60","primary_tumor","oral_cavity","Malignant","OSCC cancer cell",27,3,11.1111111111111,0.0380250714812135,0,"LGALS9B","log1p of counts scaled to 10,000"
"GSE181919","C60","P60","primary_tumor","oral_cavity","Fibroblast","Other",24,0,0,0,0,"LGALS9B","log1p of counts scaled to 10,000"
"GSE181919","C60","P60","primary_tumor","oral_cavity","Endothelial","Other",46,0,0,0,0,"LGALS9B","log1p of counts scaled to 10,000"
"GSE181919","C60","P60","primary_tumor","oral_cavity","T cell","Other",1316,4,0.303951367781155,0.00379403959054362,0,"LGALS9B","log1p of counts scaled to 10,000"
"GSE181919","C60","P60","primary_tumor","oral_cavity","B/Plasma","Other",242,0,0,0,0,"LGALS9B","log1p of counts scaled to 10,000"
"GSE181919","C60","P60","primary_tumor","oral_cavity","Macrophage","Other",184,0,0,0,0,"LGALS9B","log1p of counts scaled to 10,000"
"GSE181919","C60","P60","primary_tumor","oral_cavity","Dendritic","Other",103,0,0,0,0,"LGALS9B","log1p of counts scaled to 10,000"
"GSE181919","C60","P60","primary_tumor","oral_cavity","Mast","Other",6,0,0,0,0,"LGALS9B","log1p of counts scaled to 10,000"
"GSE181919","LP15","P15","leukoplakia","oral_cavity","Epithelial","Leukoplakia epithelial",72,13,18.0555555555556,0.0370302478110832,0,"LGALS9B","log1p of counts scaled to 10,000"
"GSE181919","LP15","P15","leukoplakia","oral_cavity","Fibroblast","Other",778,0,0,0,0,"LGALS9B","log1p of counts scaled to 10,000"
"GSE181919","LP15","P15","leukoplakia","oral_cavity","Endothelial","Other",251,0,0,0,0,"LGALS9B","log1p of counts scaled to 10,000"
"GSE181919","LP15","P15","leukoplakia","oral_cavity","T cell","Other",86,0,0,0,0,"LGALS9B","log1p of counts scaled to 10,000"
"GSE181919","LP15","P15","leukoplakia","oral_cavity","B/Plasma","Other",816,3,0.367647058823529,0.00138605243142112,0,"LGALS9B","log1p of counts scaled to 10,000"
"GSE181919","LP15","P15","leukoplakia","oral_cavity","Macrophage","Other",171,3,1.75438596491228,0.0103124698656559,0,"LGALS9B","log1p of counts scaled to 10,000"
"GSE181919","LP15","P15","leukoplakia","oral_cavity","Dendritic","Other",49,0,0,0,0,"LGALS9B","log1p of counts scaled to 10,000"
"GSE181919","LP15","P15","leukoplakia","oral_cavity","Mast","Other",5,0,0,0,0,"LGALS9B","log1p of counts scaled to 10,000"
"GSE181919","LP16","P16","leukoplakia","oral_cavity","Epithelial","Leukoplakia epithelial",30,1,3.33333333333333,0.00688334920681779,0,"LGALS9B","log1p of counts scaled to 10,000"
"GSE181919","LP16","P16","leukoplakia","oral_cavity","Fibroblast","Other",409,0,0,0,0,"LGALS9B","log1p of counts scaled to 10,000"
"GSE181919","LP16","P16","leukoplakia","oral_cavity","Endothelial","Other",640,0,0,0,0,"LGALS9B","log1p of counts scaled to 10,000"
"GSE181919","LP16","P16","leukoplakia","oral_cavity","T cell","Other",877,0,0,0,0,"LGALS9B","log1p of counts scaled to 10,000"
"GSE181919","LP16","P16","leukoplakia","oral_cavity","B/Plasma","Other",63,0,0,0,0,"LGALS9B","log1p of counts scaled to 10,000"
"GSE181919","LP16","P16","leukoplakia","oral_cavity","Macrophage","Other",173,0,0,0,0,"LGALS9B","log1p of counts scaled to 10,000"
"GSE181919","LP16","P16","leukoplakia","oral_cavity","Dendritic","Other",36,0,0,0,0,"LGALS9B","log1p of counts scaled to 10,000"
"GSE181919","LP16","P16","leukoplakia","oral_cavity","Mast","Other",7,0,0,0,0,"LGALS9B","log1p of counts scaled to 10,000"
"GSE181919","LP16","P16","leukoplakia","oral_cavity","Myocyte","Other",3,0,0,0,0,"LGALS9B","log1p of counts scaled to 10,000"
"GSE181919","LP17","P17","leukoplakia","oral_cavity","Epithelial","Leukoplakia epithelial",51,10,19.6078431372549,0.0595898012417248,0,"LGALS9B","log1p of counts scaled to 10,000"
"GSE181919","LP17","P17","leukoplakia","oral_cavity","Fibroblast","Other",495,0,0,0,0,"LGALS9B","log1p of counts scaled to 10,000"
"GSE181919","LP17","P17","leukoplakia","oral_cavity","Endothelial","Other",507,0,0,0,0,"LGALS9B","log1p of counts scaled to 10,000"
"GSE181919","LP17","P17","leukoplakia","oral_cavity","T cell","Other",79,1,1.26582278481013,0.00156994125423776,0,"LGALS9B","log1p of counts scaled to 10,000"
"GSE181919","LP17","P17","leukoplakia","oral_cavity","B/Plasma","Other",31,0,0,0,0,"LGALS9B","log1p of counts scaled to 10,000"
"GSE181919","LP17","P17","leukoplakia","oral_cavity","Macrophage","Other",67,1,1.49253731343284,0.0143041199035089,0,"LGALS9B","log1p of counts scaled to 10,000"
"GSE181919","LP17","P17","leukoplakia","oral_cavity","Dendritic","Other",5,0,0,0,0,"LGALS9B","log1p of counts scaled to 10,000"
"GSE181919","LP17","P17","leukoplakia","oral_cavity","Mast","Other",3,0,0,0,0,"LGALS9B","log1p of counts scaled to 10,000"
"GSE181919","LP33","P33","leukoplakia","oral_cavity","Epithelial","Leukoplakia epithelial",30,3,10,0.0407752286875896,0,"LGALS9B","log1p of counts scaled to 10,000"
"GSE181919","LP33","P33","leukoplakia","oral_cavity","Fibroblast","Other",205,1,0.48780487804878,0.00233983839924553,0,"LGALS9B","log1p of counts scaled to 10,000"
"GSE181919","LP33","P33","leukoplakia","oral_cavity","Endothelial","Other",165,0,0,0,0,"LGALS9B","log1p of counts scaled to 10,000"
"GSE181919","LP33","P33","leukoplakia","oral_cavity","T cell","Other",334,2,0.598802395209581,0.00637175504501247,0,"LGALS9B","log1p of counts scaled to 10,000"
"GSE181919","LP33","P33","leukoplakia","oral_cavity","B/Plasma","Other",21,0,0,0,0,"LGALS9B","log1p of counts scaled to 10,000"
"GSE181919","LP33","P33","leukoplakia","oral_cavity","Macrophage","Other",63,1,1.58730158730159,0.0118875292824327,0,"LGALS9B","log1p of counts scaled to 10,000"
"GSE181919","LP33","P33","leukoplakia","oral_cavity","Dendritic","Other",5,0,0,0,0,"LGALS9B","log1p of counts scaled to 10,000"
"GSE181919","N06","P6","normal","oral_cavity","Epithelial","Normal epithelial",86,0,0,0,0,"LGALS9B","log1p of counts scaled to 10,000"
"GSE181919","N06","P6","normal","oral_cavity","Fibroblast","Other",183,0,0,0,0,"LGALS9B","log1p of counts scaled to 10,000"
"GSE181919","N06","P6","normal","oral_cavity","Endothelial","Other",88,0,0,0,0,"LGALS9B","log1p of counts scaled to 10,000"
"GSE181919","N06","P6","normal","oral_cavity","T cell","Other",1454,1,0.0687757909215956,0.00107688298913234,0,"LGALS9B","log1p of counts scaled to 10,000"
"GSE181919","N06","P6","normal","oral_cavity","B/Plasma","Other",198,0,0,0,0,"LGALS9B","log1p of counts scaled to 10,000"
"GSE181919","N06","P6","normal","oral_cavity","Macrophage","Other",27,0,0,0,0,"LGALS9B","log1p of counts scaled to 10,000"
"GSE181919","N06","P6","normal","oral_cavity","Dendritic","Other",6,0,0,0,0,"LGALS9B","log1p of counts scaled to 10,000"
"GSE181919","N06","P6","normal","oral_cavity","Mast","Other",3,0,0,0,0,"LGALS9B","log1p of counts scaled to 10,000"
"GSE181919","N06","P6","normal","oral_cavity","Myocyte","Other",57,0,0,0,0,"LGALS9B","log1p of counts scaled to 10,000"
"GSE181919","N15","P15","normal","oral_cavity","Epithelial","Normal epithelial",80,0,0,0,0,"LGALS9B","log1p of counts scaled to 10,000"
"GSE181919","N15","P15","normal","oral_cavity","Fibroblast","Other",1987,0,0,0,0,"LGALS9B","log1p of counts scaled to 10,000"
"GSE181919","N15","P15","normal","oral_cavity","Endothelial","Other",320,0,0,0,0,"LGALS9B","log1p of counts scaled to 10,000"
"GSE181919","N15","P15","normal","oral_cavity","T cell","Other",127,2,1.5748031496063,0.0270056084330803,0,"LGALS9B","log1p of counts scaled to 10,000"
"GSE181919","N15","P15","normal","oral_cavity","B/Plasma","Other",160,0,0,0,0,"LGALS9B","log1p of counts scaled to 10,000"
"GSE181919","N15","P15","normal","oral_cavity","Macrophage","Other",15,0,0,0,0,"LGALS9B","log1p of counts scaled to 10,000"
"GSE181919","N15","P15","normal","oral_cavity","Mast","Other",1,0,0,0,0,"LGALS9B","log1p of counts scaled to 10,000"
"GSE181919","N15","P15","normal","oral_cavity","Myocyte","Other",5,0,0,0,0,"LGALS9B","log1p of counts scaled to 10,000"
"GSE181919","N21","P21","normal","oral_cavity","Epithelial","Normal epithelial",33,2,6.06060606060606,0.0200290125577827,0,"LGALS9B","log1p of counts scaled to 10,000"
"GSE181919","N21","P21","normal","oral_cavity","Fibroblast","Other",1587,0,0,0,0,"LGALS9B","log1p of counts scaled to 10,000"
"GSE181919","N21","P21","normal","oral_cavity","Endothelial","Other",205,0,0,0,0,"LGALS9B","log1p of counts scaled to 10,000"
"GSE181919","N21","P21","normal","oral_cavity","T cell","Other",375,5,1.33333333333333,0.0218478197221885,0,"LGALS9B","log1p of counts scaled to 10,000"
"GSE181919","N21","P21","normal","oral_cavity","B/Plasma","Other",68,0,0,0,0,"LGALS9B","log1p of counts scaled to 10,000"
"GSE181919","N21","P21","normal","oral_cavity","Macrophage","Other",120,0,0,0,0,"LGALS9B","log1p of counts scaled to 10,000"
"GSE181919","N21","P21","normal","oral_cavity","Dendritic","Other",15,0,0,0,0,"LGALS9B","log1p of counts scaled to 10,000"
"GSE181919","N21","P21","normal","oral_cavity","Mast","Other",4,0,0,0,0,"LGALS9B","log1p of counts scaled to 10,000"
"GSE181919","N21","P21","normal","oral_cavity","Myocyte","Other",28,0,0,0,0,"LGALS9B","log1p of counts scaled to 10,000"
"GSE181919","C04","P4","primary_tumor","oral_cavity","Malignant","OSCC cancer cell",427,195,45.6674473067916,0.160445161345735,0,"LGALS9C","log1p of counts scaled to 10,000"
"GSE181919","C04","P4","primary_tumor","oral_cavity","Fibroblast","Other",8,0,0,0,0,"LGALS9C","log1p of counts scaled to 10,000"
"GSE181919","C04","P4","primary_tumor","oral_cavity","Endothelial","Other",19,1,5.26315789473684,0.0312481160433033,0,"LGALS9C","log1p of counts scaled to 10,000"
"GSE181919","C04","P4","primary_tumor","oral_cavity","T cell","Other",78,47,60.2564102564103,0.12413348995599,0.121452505973884,"LGALS9C","log1p of counts scaled to 10,000"
"GSE181919","C04","P4","primary_tumor","oral_cavity","B/Plasma","Other",73,7,9.58904109589041,0.023522616482066,0,"LGALS9C","log1p of counts scaled to 10,000"
"GSE181919","C04","P4","primary_tumor","oral_cavity","Macrophage","Other",2,0,0,0,0,"LGALS9C","log1p of counts scaled to 10,000"
"GSE181919","C04","P4","primary_tumor","oral_cavity","Dendritic","Other",1,0,0,0,0,"LGALS9C","log1p of counts scaled to 10,000"
"GSE181919","C06","P6","primary_tumor","oral_cavity","Malignant","OSCC cancer cell",52,6,11.5384615384615,0.0234947471666143,0,"LGALS9C","log1p of counts scaled to 10,000"
"GSE181919","C06","P6","primary_tumor","oral_cavity","Fibroblast","Other",223,0,0,0,0,"LGALS9C","log1p of counts scaled to 10,000"
"GSE181919","C06","P6","primary_tumor","oral_cavity","Endothelial","Other",36,0,0,0,0,"LGALS9C","log1p of counts scaled to 10,000"
"GSE181919","C06","P6","primary_tumor","oral_cavity","T cell","Other",197,0,0,0,0,"LGALS9C","log1p of counts scaled to 10,000"
"GSE181919","C06","P6","primary_tumor","oral_cavity","B/Plasma","Other",260,0,0,0,0,"LGALS9C","log1p of counts scaled to 10,000"
"GSE181919","C06","P6","primary_tumor","oral_cavity","Macrophage","Other",399,2,0.50125313283208,0.00158748118618715,0,"LGALS9C","log1p of counts scaled to 10,000"
"GSE181919","C06","P6","primary_tumor","oral_cavity","Dendritic","Other",114,0,0,0,0,"LGALS9C","log1p of counts scaled to 10,000"
"GSE181919","C06","P6","primary_tumor","oral_cavity","Mast","Other",45,0,0,0,0,"LGALS9C","log1p of counts scaled to 10,000"
"GSE181919","C06","P6","primary_tumor","oral_cavity","Myocyte","Other",1,0,0,0,0,"LGALS9C","log1p of counts scaled to 10,000"
"GSE181919","C07","P7","primary_tumor","oral_cavity","Malignant","OSCC cancer cell",43,13,30.2325581395349,0.0744578305048017,0,"LGALS9C","log1p of counts scaled to 10,000"
"GSE181919","C07","P7","primary_tumor","oral_cavity","Fibroblast","Other",110,1,0.909090909090909,0.00248613814381115,0,"LGALS9C","log1p of counts scaled to 10,000"
"GSE181919","C07","P7","primary_tumor","oral_cavity","Endothelial","Other",43,0,0,0,0,"LGALS9C","log1p of counts scaled to 10,000"
"GSE181919","C07","P7","primary_tumor","oral_cavity","T cell","Other",140,0,0,0,0,"LGALS9C","log1p of counts scaled to 10,000"
"GSE181919","C07","P7","primary_tumor","oral_cavity","B/Plasma","Other",23,1,4.34782608695652,0.0135464106048685,0,"LGALS9C","log1p of counts scaled to 10,000"
"GSE181919","C07","P7","primary_tumor","oral_cavity","Macrophage","Other",142,2,1.40845070422535,0.00460099935664282,0,"LGALS9C","log1p of counts scaled to 10,000"
"GSE181919","C07","P7","primary_tumor","oral_cavity","Dendritic","Other",21,0,0,0,0,"LGALS9C","log1p of counts scaled to 10,000"
"GSE181919","C07","P7","primary_tumor","oral_cavity","Mast","Other",11,0,0,0,0,"LGALS9C","log1p of counts scaled to 10,000"
"GSE181919","C07","P7","primary_tumor","oral_cavity","Myocyte","Other",3,0,0,0,0,"LGALS9C","log1p of counts scaled to 10,000"
"GSE181919","C15","P15","primary_tumor","oral_cavity","Malignant","OSCC cancer cell",59,2,3.38983050847458,0.00685317964683075,0,"LGALS9C","log1p of counts scaled to 10,000"
"GSE181919","C15","P15","primary_tumor","oral_cavity","Fibroblast","Other",438,0,0,0,0,"LGALS9C","log1p of counts scaled to 10,000"
"GSE181919","C15","P15","primary_tumor","oral_cavity","Endothelial","Other",95,0,0,0,0,"LGALS9C","log1p of counts scaled to 10,000"
"GSE181919","C15","P15","primary_tumor","oral_cavity","T cell","Other",106,1,0.943396226415094,0.0101192151157061,0,"LGALS9C","log1p of counts scaled to 10,000"
"GSE181919","C15","P15","primary_tumor","oral_cavity","B/Plasma","Other",529,0,0,0,0,"LGALS9C","log1p of counts scaled to 10,000"
"GSE181919","C15","P15","primary_tumor","oral_cavity","Macrophage","Other",422,3,0.710900473933649,0.00330749991374628,0,"LGALS9C","log1p of counts scaled to 10,000"
"GSE181919","C15","P15","primary_tumor","oral_cavity","Dendritic","Other",77,0,0,0,0,"LGALS9C","log1p of counts scaled to 10,000"
"GSE181919","C15","P15","primary_tumor","oral_cavity","Mast","Other",5,0,0,0,0,"LGALS9C","log1p of counts scaled to 10,000"
"GSE181919","C21","P21","primary_tumor","oral_cavity","Malignant","OSCC cancer cell",272,34,12.5,0.0287267497062785,0,"LGALS9C","log1p of counts scaled to 10,000"
"GSE181919","C21","P21","primary_tumor","oral_cavity","Fibroblast","Other",127,1,0.78740157480315,0.00386713568248898,0,"LGALS9C","log1p of counts scaled to 10,000"
"GSE181919","C21","P21","primary_tumor","oral_cavity","Endothelial","Other",1,0,0,0,0,"LGALS9C","log1p of counts scaled to 10,000"
"GSE181919","C21","P21","primary_tumor","oral_cavity","T cell","Other",42,2,4.76190476190476,0.0123740336162401,0,"LGALS9C","log1p of counts scaled to 10,000"
"GSE181919","C21","P21","primary_tumor","oral_cavity","B/Plasma","Other",4,0,0,0,0,"LGALS9C","log1p of counts scaled to 10,000"
"GSE181919","C21","P21","primary_tumor","oral_cavity","Macrophage","Other",239,5,2.09205020920502,0.00778919650272398,0,"LGALS9C","log1p of counts scaled to 10,000"
"GSE181919","C21","P21","primary_tumor","oral_cavity","Dendritic","Other",12,0,0,0,0,"LGALS9C","log1p of counts scaled to 10,000"
"GSE181919","C26","P26","primary_tumor","oral_cavity","Malignant","OSCC cancer cell",83,1,1.20481927710843,0.00195213481780271,0,"LGALS9C","log1p of counts scaled to 10,000"
"GSE181919","C26","P26","primary_tumor","oral_cavity","Fibroblast","Other",13,0,0,0,0,"LGALS9C","log1p of counts scaled to 10,000"
"GSE181919","C26","P26","primary_tumor","oral_cavity","Endothelial","Other",3,0,0,0,0,"LGALS9C","log1p of counts scaled to 10,000"
"GSE181919","C26","P26","primary_tumor","oral_cavity","T cell","Other",156,1,0.641025641025641,0.00529726496882427,0,"LGALS9C","log1p of counts scaled to 10,000"
"GSE181919","C26","P26","primary_tumor","oral_cavity","B/Plasma","Other",35,0,0,0,0,"LGALS9C","log1p of counts scaled to 10,000"
"GSE181919","C26","P26","primary_tumor","oral_cavity","Macrophage","Other",373,0,0,0,0,"LGALS9C","log1p of counts scaled to 10,000"
"GSE181919","C26","P26","primary_tumor","oral_cavity","Dendritic","Other",280,2,0.714285714285714,0.00265397326377667,0,"LGALS9C","log1p of counts scaled to 10,000"
"GSE181919","C26","P26","primary_tumor","oral_cavity","Mast","Other",1,0,0,0,0,"LGALS9C","log1p of counts scaled to 10,000"
"GSE181919","C30","P30","primary_tumor","oral_cavity","Malignant","OSCC cancer cell",94,31,32.9787234042553,0.073332634759021,0,"LGALS9C","log1p of counts scaled to 10,000"
"GSE181919","C30","P30","primary_tumor","oral_cavity","Fibroblast","Other",52,0,0,0,0,"LGALS9C","log1p of counts scaled to 10,000"
"GSE181919","C30","P30","primary_tumor","oral_cavity","Endothelial","Other",13,0,0,0,0,"LGALS9C","log1p of counts scaled to 10,000"
"GSE181919","C30","P30","primary_tumor","oral_cavity","T cell","Other",30,4,13.3333333333333,0.0240693293005452,0,"LGALS9C","log1p of counts scaled to 10,000"
"GSE181919","C30","P30","primary_tumor","oral_cavity","B/Plasma","Other",18,0,0,0,0,"LGALS9C","log1p of counts scaled to 10,000"
"GSE181919","C30","P30","primary_tumor","oral_cavity","Macrophage","Other",59,1,1.69491525423729,0.00884704444164607,0,"LGALS9C","log1p of counts scaled to 10,000"
"GSE181919","C30","P30","primary_tumor","oral_cavity","Dendritic","Other",15,0,0,0,0,"LGALS9C","log1p of counts scaled to 10,000"
"GSE181919","C30","P30","primary_tumor","oral_cavity","Mast","Other",1,0,0,0,0,"LGALS9C","log1p of counts scaled to 10,000"
"GSE181919","C31","P31","primary_tumor","oral_cavity","Malignant","OSCC cancer cell",45,6,13.3333333333333,0.0479457541914052,0,"LGALS9C","log1p of counts scaled to 10,000"
"GSE181919","C31","P31","primary_tumor","oral_cavity","Fibroblast","Other",25,0,0,0,0,"LGALS9C","log1p of counts scaled to 10,000"
"GSE181919","C31","P31","primary_tumor","oral_cavity","Endothelial","Other",18,0,0,0,0,"LGALS9C","log1p of counts scaled to 10,000"
"GSE181919","C31","P31","primary_tumor","oral_cavity","T cell","Other",316,3,0.949367088607595,0.00807340151173233,0,"LGALS9C","log1p of counts scaled to 10,000"
"GSE181919","C31","P31","primary_tumor","oral_cavity","B/Plasma","Other",51,0,0,0,0,"LGALS9C","log1p of counts scaled to 10,000"
"GSE181919","C31","P31","primary_tumor","oral_cavity","Macrophage","Other",39,2,5.12820512820513,0.0281140037929474,0,"LGALS9C","log1p of counts scaled to 10,000"
"GSE181919","C31","P31","primary_tumor","oral_cavity","Dendritic","Other",19,4,21.0526315789474,0.148962670208474,0,"LGALS9C","log1p of counts scaled to 10,000"
"GSE181919","C31","P31","primary_tumor","oral_cavity","Mast","Other",10,0,0,0,0,"LGALS9C","log1p of counts scaled to 10,000"
"GSE181919","C51","P51","primary_tumor","oral_cavity","Malignant","OSCC cancer cell",274,104,37.956204379562,0.174535739593341,0,"LGALS9C","log1p of counts scaled to 10,000"
"GSE181919","C51","P51","primary_tumor","oral_cavity","Fibroblast","Other",601,3,0.499168053244592,0.00342919802919172,0,"LGALS9C","log1p of counts scaled to 10,000"
"GSE181919","C51","P51","primary_tumor","oral_cavity","Endothelial","Other",40,0,0,0,0,"LGALS9C","log1p of counts scaled to 10,000"
"GSE181919","C51","P51","primary_tumor","oral_cavity","T cell","Other",284,2,0.704225352112676,0.0038625910855855,0,"LGALS9C","log1p of counts scaled to 10,000"
"GSE181919","C51","P51","primary_tumor","oral_cavity","B/Plasma","Other",140,0,0,0,0,"LGALS9C","log1p of counts scaled to 10,000"
"GSE181919","C51","P51","primary_tumor","oral_cavity","Macrophage","Other",355,5,1.40845070422535,0.00596076087619985,0,"LGALS9C","log1p of counts scaled to 10,000"
"GSE181919","C51","P51","primary_tumor","oral_cavity","Dendritic","Other",46,0,0,0,0,"LGALS9C","log1p of counts scaled to 10,000"
"GSE181919","C51","P51","primary_tumor","oral_cavity","Mast","Other",61,2,3.27868852459016,0.0257293871352566,0,"LGALS9C","log1p of counts scaled to 10,000"
"GSE181919","C60","P60","primary_tumor","oral_cavity","Malignant","OSCC cancer cell",27,4,14.8148148148148,0.0533564935559293,0,"LGALS9C","log1p of counts scaled to 10,000"
"GSE181919","C60","P60","primary_tumor","oral_cavity","Fibroblast","Other",24,0,0,0,0,"LGALS9C","log1p of counts scaled to 10,000"
"GSE181919","C60","P60","primary_tumor","oral_cavity","Endothelial","Other",46,0,0,0,0,"LGALS9C","log1p of counts scaled to 10,000"
"GSE181919","C60","P60","primary_tumor","oral_cavity","T cell","Other",1316,10,0.759878419452888,0.00896543803917098,0,"LGALS9C","log1p of counts scaled to 10,000"
"GSE181919","C60","P60","primary_tumor","oral_cavity","B/Plasma","Other",242,0,0,0,0,"LGALS9C","log1p of counts scaled to 10,000"
"GSE181919","C60","P60","primary_tumor","oral_cavity","Macrophage","Other",184,4,2.17391304347826,0.0105402799778356,0,"LGALS9C","log1p of counts scaled to 10,000"
"GSE181919","C60","P60","primary_tumor","oral_cavity","Dendritic","Other",103,1,0.970873786407767,0.003756029210024,0,"LGALS9C","log1p of counts scaled to 10,000"
"GSE181919","C60","P60","primary_tumor","oral_cavity","Mast","Other",6,0,0,0,0,"LGALS9C","log1p of counts scaled to 10,000"
"GSE181919","LP15","P15","leukoplakia","oral_cavity","Epithelial","Leukoplakia epithelial",72,7,9.72222222222222,0.032683994913404,0,"LGALS9C","log1p of counts scaled to 10,000"
"GSE181919","LP15","P15","leukoplakia","oral_cavity","Fibroblast","Other",778,1,0.12853470437018,0.000607014240545487,0,"LGALS9C","log1p of counts scaled to 10,000"
"GSE181919","LP15","P15","leukoplakia","oral_cavity","Endothelial","Other",251,2,0.796812749003984,0.00278159311471602,0,"LGALS9C","log1p of counts scaled to 10,000"
"GSE181919","LP15","P15","leukoplakia","oral_cavity","T cell","Other",86,2,2.32558139534884,0.00263656555207768,0,"LGALS9C","log1p of counts scaled to 10,000"
"GSE181919","LP15","P15","leukoplakia","oral_cavity","B/Plasma","Other",816,4,0.490196078431373,0.00128552079462711,0,"LGALS9C","log1p of counts scaled to 10,000"
"GSE181919","LP15","P15","leukoplakia","oral_cavity","Macrophage","Other",171,0,0,0,0,"LGALS9C","log1p of counts scaled to 10,000"
"GSE181919","LP15","P15","leukoplakia","oral_cavity","Dendritic","Other",49,0,0,0,0,"LGALS9C","log1p of counts scaled to 10,000"
"GSE181919","LP15","P15","leukoplakia","oral_cavity","Mast","Other",5,0,0,0,0,"LGALS9C","log1p of counts scaled to 10,000"
"GSE181919","LP16","P16","leukoplakia","oral_cavity","Epithelial","Leukoplakia epithelial",30,5,16.6666666666667,0.047841779626655,0,"LGALS9C","log1p of counts scaled to 10,000"
"GSE181919","LP16","P16","leukoplakia","oral_cavity","Fibroblast","Other",409,2,0.488997555012225,0.00400563408890757,0,"LGALS9C","log1p of counts scaled to 10,000"
"GSE181919","LP16","P16","leukoplakia","oral_cavity","Endothelial","Other",640,1,0.15625,0.000980454244251614,0,"LGALS9C","log1p of counts scaled to 10,000"
"GSE181919","LP16","P16","leukoplakia","oral_cavity","T cell","Other",877,3,0.342075256556442,0.00423615159505139,0,"LGALS9C","log1p of counts scaled to 10,000"
"GSE181919","LP16","P16","leukoplakia","oral_cavity","B/Plasma","Other",63,0,0,0,0,"LGALS9C","log1p of counts scaled to 10,000"
"GSE181919","LP16","P16","leukoplakia","oral_cavity","Macrophage","Other",173,1,0.578034682080925,0.00208396836116938,0,"LGALS9C","log1p of counts scaled to 10,000"
"GSE181919","LP16","P16","leukoplakia","oral_cavity","Dendritic","Other",36,1,2.77777777777778,0.0204457398003167,0,"LGALS9C","log1p of counts scaled to 10,000"
"GSE181919","LP16","P16","leukoplakia","oral_cavity","Mast","Other",7,0,0,0,0,"LGALS9C","log1p of counts scaled to 10,000"
"GSE181919","LP16","P16","leukoplakia","oral_cavity","Myocyte","Other",3,0,0,0,0,"LGALS9C","log1p of counts scaled to 10,000"
"GSE181919","LP17","P17","leukoplakia","oral_cavity","Epithelial","Leukoplakia epithelial",51,10,19.6078431372549,0.078900385217209,0,"LGALS9C","log1p of counts scaled to 10,000"
"GSE181919","LP17","P17","leukoplakia","oral_cavity","Fibroblast","Other",495,0,0,0,0,"LGALS9C","log1p of counts scaled to 10,000"
"GSE181919","LP17","P17","leukoplakia","oral_cavity","Endothelial","Other",507,2,0.394477317554241,0.00313826467488889,0,"LGALS9C","log1p of counts scaled to 10,000"
"GSE181919","LP17","P17","leukoplakia","oral_cavity","T cell","Other",79,1,1.26582278481013,0.00296647884104133,0,"LGALS9C","log1p of counts scaled to 10,000"
"GSE181919","LP17","P17","leukoplakia","oral_cavity","B/Plasma","Other",31,0,0,0,0,"LGALS9C","log1p of counts scaled to 10,000"
"GSE181919","LP17","P17","leukoplakia","oral_cavity","Macrophage","Other",67,0,0,0,0,"LGALS9C","log1p of counts scaled to 10,000"
"GSE181919","LP17","P17","leukoplakia","oral_cavity","Dendritic","Other",5,0,0,0,0,"LGALS9C","log1p of counts scaled to 10,000"
"GSE181919","LP17","P17","leukoplakia","oral_cavity","Mast","Other",3,0,0,0,0,"LGALS9C","log1p of counts scaled to 10,000"
"GSE181919","LP33","P33","leukoplakia","oral_cavity","Epithelial","Leukoplakia epithelial",30,7,23.3333333333333,0.0970876056565362,0,"LGALS9C","log1p of counts scaled to 10,000"
"GSE181919","LP33","P33","leukoplakia","oral_cavity","Fibroblast","Other",205,0,0,0,0,"LGALS9C","log1p of counts scaled to 10,000"
"GSE181919","LP33","P33","leukoplakia","oral_cavity","Endothelial","Other",165,1,0.606060606060606,0.00367837778961177,0,"LGALS9C","log1p of counts scaled to 10,000"
"GSE181919","LP33","P33","leukoplakia","oral_cavity","T cell","Other",334,3,0.898203592814371,0.00742602129999857,0,"LGALS9C","log1p of counts scaled to 10,000"
"GSE181919","LP33","P33","leukoplakia","oral_cavity","B/Plasma","Other",21,0,0,0,0,"LGALS9C","log1p of counts scaled to 10,000"
"GSE181919","LP33","P33","leukoplakia","oral_cavity","Macrophage","Other",63,1,1.58730158730159,0.00753858223957028,0,"LGALS9C","log1p of counts scaled to 10,000"
"GSE181919","LP33","P33","leukoplakia","oral_cavity","Dendritic","Other",5,0,0,0,0,"LGALS9C","log1p of counts scaled to 10,000"
"GSE181919","N06","P6","normal","oral_cavity","Epithelial","Normal epithelial",86,0,0,0,0,"LGALS9C","log1p of counts scaled to 10,000"
"GSE181919","N06","P6","normal","oral_cavity","Fibroblast","Other",183,0,0,0,0,"LGALS9C","log1p of counts scaled to 10,000"
"GSE181919","N06","P6","normal","oral_cavity","Endothelial","Other",88,1,1.13636363636364,0.00958101379426923,0,"LGALS9C","log1p of counts scaled to 10,000"
"GSE181919","N06","P6","normal","oral_cavity","T cell","Other",1454,0,0,0,0,"LGALS9C","log1p of counts scaled to 10,000"
"GSE181919","N06","P6","normal","oral_cavity","B/Plasma","Other",198,0,0,0,0,"LGALS9C","log1p of counts scaled to 10,000"
"GSE181919","N06","P6","normal","oral_cavity","Macrophage","Other",27,1,3.7037037037037,0.0398873105779665,0,"LGALS9C","log1p of counts scaled to 10,000"
"GSE181919","N06","P6","normal","oral_cavity","Dendritic","Other",6,0,0,0,0,"LGALS9C","log1p of counts scaled to 10,000"
"GSE181919","N06","P6","normal","oral_cavity","Mast","Other",3,0,0,0,0,"LGALS9C","log1p of counts scaled to 10,000"
"GSE181919","N06","P6","normal","oral_cavity","Myocyte","Other",57,0,0,0,0,"LGALS9C","log1p of counts scaled to 10,000"
"GSE181919","N15","P15","normal","oral_cavity","Epithelial","Normal epithelial",80,0,0,0,0,"LGALS9C","log1p of counts scaled to 10,000"
"GSE181919","N15","P15","normal","oral_cavity","Fibroblast","Other",1987,0,0,0,0,"LGALS9C","log1p of counts scaled to 10,000"
"GSE181919","N15","P15","normal","oral_cavity","Endothelial","Other",320,0,0,0,0,"LGALS9C","log1p of counts scaled to 10,000"
"GSE181919","N15","P15","normal","oral_cavity","T cell","Other",127,0,0,0,0,"LGALS9C","log1p of counts scaled to 10,000"
"GSE181919","N15","P15","normal","oral_cavity","B/Plasma","Other",160,0,0,0,0,"LGALS9C","log1p of counts scaled to 10,000"
"GSE181919","N15","P15","normal","oral_cavity","Macrophage","Other",15,0,0,0,0,"LGALS9C","log1p of counts scaled to 10,000"
"GSE181919","N15","P15","normal","oral_cavity","Mast","Other",1,0,0,0,0,"LGALS9C","log1p of counts scaled to 10,000"
"GSE181919","N15","P15","normal","oral_cavity","Myocyte","Other",5,0,0,0,0,"LGALS9C","log1p of counts scaled to 10,000"
"GSE181919","N21","P21","normal","oral_cavity","Epithelial","Normal epithelial",33,0,0,0,0,"LGALS9C","log1p of counts scaled to 10,000"
"GSE181919","N21","P21","normal","oral_cavity","Fibroblast","Other",1587,0,0,0,0,"LGALS9C","log1p of counts scaled to 10,000"
"GSE181919","N21","P21","normal","oral_cavity","Endothelial","Other",205,0,0,0,0,"LGALS9C","log1p of counts scaled to 10,000"
"GSE181919","N21","P21","normal","oral_cavity","T cell","Other",375,3,0.8,0.0123494291501826,0,"LGALS9C","log1p of counts scaled to 10,000"
"GSE181919","N21","P21","normal","oral_cavity","B/Plasma","Other",68,0,0,0,0,"LGALS9C","log1p of counts scaled to 10,000"
"GSE181919","N21","P21","normal","oral_cavity","Macrophage","Other",120,0,0,0,0,"LGALS9C","log1p of counts scaled to 10,000"
"GSE181919","N21","P21","normal","oral_cavity","Dendritic","Other",15,0,0,0,0,"LGALS9C","log1p of counts scaled to 10,000"
"GSE181919","N21","P21","normal","oral_cavity","Mast","Other",4,0,0,0,0,"LGALS9C","log1p of counts scaled to 10,000"
"GSE181919","N21","P21","normal","oral_cavity","Myocyte","Other",28,0,0,0,0,"LGALS9C","log1p of counts scaled to 10,000"
"GSE181919","C04","P4","primary_tumor","oral_cavity","Malignant","OSCC cancer cell",427,1,0.234192037470726,0.000305748757195719,0,"LGALS12","log1p of counts scaled to 10,000"
"GSE181919","C04","P4","primary_tumor","oral_cavity","Fibroblast","Other",8,0,0,0,0,"LGALS12","log1p of counts scaled to 10,000"
"GSE181919","C04","P4","primary_tumor","oral_cavity","Endothelial","Other",19,0,0,0,0,"LGALS12","log1p of counts scaled to 10,000"
"GSE181919","C04","P4","primary_tumor","oral_cavity","T cell","Other",78,0,0,0,0,"LGALS12","log1p of counts scaled to 10,000"
"GSE181919","C04","P4","primary_tumor","oral_cavity","B/Plasma","Other",73,0,0,0,0,"LGALS12","log1p of counts scaled to 10,000"
"GSE181919","C04","P4","primary_tumor","oral_cavity","Macrophage","Other",2,0,0,0,0,"LGALS12","log1p of counts scaled to 10,000"
"GSE181919","C04","P4","primary_tumor","oral_cavity","Dendritic","Other",1,0,0,0,0,"LGALS12","log1p of counts scaled to 10,000"
"GSE181919","C06","P6","primary_tumor","oral_cavity","Malignant","OSCC cancer cell",52,0,0,0,0,"LGALS12","log1p of counts scaled to 10,000"
"GSE181919","C06","P6","primary_tumor","oral_cavity","Fibroblast","Other",223,0,0,0,0,"LGALS12","log1p of counts scaled to 10,000"
"GSE181919","C06","P6","primary_tumor","oral_cavity","Endothelial","Other",36,0,0,0,0,"LGALS12","log1p of counts scaled to 10,000"
"GSE181919","C06","P6","primary_tumor","oral_cavity","T cell","Other",197,0,0,0,0,"LGALS12","log1p of counts scaled to 10,000"
"GSE181919","C06","P6","primary_tumor","oral_cavity","B/Plasma","Other",260,0,0,0,0,"LGALS12","log1p of counts scaled to 10,000"
"GSE181919","C06","P6","primary_tumor","oral_cavity","Macrophage","Other",399,0,0,0,0,"LGALS12","log1p of counts scaled to 10,000"
"GSE181919","C06","P6","primary_tumor","oral_cavity","Dendritic","Other",114,0,0,0,0,"LGALS12","log1p of counts scaled to 10,000"
"GSE181919","C06","P6","primary_tumor","oral_cavity","Mast","Other",45,5,11.1111111111111,0.153437641409314,0,"LGALS12","log1p of counts scaled to 10,000"
"GSE181919","C06","P6","primary_tumor","oral_cavity","Myocyte","Other",1,0,0,0,0,"LGALS12","log1p of counts scaled to 10,000"
"GSE181919","C07","P7","primary_tumor","oral_cavity","Malignant","OSCC cancer cell",43,1,2.32558139534884,0.0287112261731078,0,"LGALS12","log1p of counts scaled to 10,000"
"GSE181919","C07","P7","primary_tumor","oral_cavity","Fibroblast","Other",110,0,0,0,0,"LGALS12","log1p of counts scaled to 10,000"
"GSE181919","C07","P7","primary_tumor","oral_cavity","Endothelial","Other",43,0,0,0,0,"LGALS12","log1p of counts scaled to 10,000"
"GSE181919","C07","P7","primary_tumor","oral_cavity","T cell","Other",140,4,2.85714285714286,0.0263935951164464,0,"LGALS12","log1p of counts scaled to 10,000"
"GSE181919","C07","P7","primary_tumor","oral_cavity","B/Plasma","Other",23,0,0,0,0,"LGALS12","log1p of counts scaled to 10,000"
"GSE181919","C07","P7","primary_tumor","oral_cavity","Macrophage","Other",142,0,0,0,0,"LGALS12","log1p of counts scaled to 10,000"
"GSE181919","C07","P7","primary_tumor","oral_cavity","Dendritic","Other",21,0,0,0,0,"LGALS12","log1p of counts scaled to 10,000"
"GSE181919","C07","P7","primary_tumor","oral_cavity","Mast","Other",11,3,27.2727272727273,0.164673418238195,0,"LGALS12","log1p of counts scaled to 10,000"
"GSE181919","C07","P7","primary_tumor","oral_cavity","Myocyte","Other",3,0,0,0,0,"LGALS12","log1p of counts scaled to 10,000"
"GSE181919","C15","P15","primary_tumor","oral_cavity","Malignant","OSCC cancer cell",59,0,0,0,0,"LGALS12","log1p of counts scaled to 10,000"
"GSE181919","C15","P15","primary_tumor","oral_cavity","Fibroblast","Other",438,0,0,0,0,"LGALS12","log1p of counts scaled to 10,000"
"GSE181919","C15","P15","primary_tumor","oral_cavity","Endothelial","Other",95,0,0,0,0,"LGALS12","log1p of counts scaled to 10,000"
"GSE181919","C15","P15","primary_tumor","oral_cavity","T cell","Other",106,0,0,0,0,"LGALS12","log1p of counts scaled to 10,000"
"GSE181919","C15","P15","primary_tumor","oral_cavity","B/Plasma","Other",529,0,0,0,0,"LGALS12","log1p of counts scaled to 10,000"
"GSE181919","C15","P15","primary_tumor","oral_cavity","Macrophage","Other",422,0,0,0,0,"LGALS12","log1p of counts scaled to 10,000"
"GSE181919","C15","P15","primary_tumor","oral_cavity","Dendritic","Other",77,0,0,0,0,"LGALS12","log1p of counts scaled to 10,000"
"GSE181919","C15","P15","primary_tumor","oral_cavity","Mast","Other",5,0,0,0,0,"LGALS12","log1p of counts scaled to 10,000"
"GSE181919","C21","P21","primary_tumor","oral_cavity","Malignant","OSCC cancer cell",272,1,0.367647058823529,0.00118070860914624,0,"LGALS12","log1p of counts scaled to 10,000"
"GSE181919","C21","P21","primary_tumor","oral_cavity","Fibroblast","Other",127,0,0,0,0,"LGALS12","log1p of counts scaled to 10,000"
"GSE181919","C21","P21","primary_tumor","oral_cavity","Endothelial","Other",1,0,0,0,0,"LGALS12","log1p of counts scaled to 10,000"
"GSE181919","C21","P21","primary_tumor","oral_cavity","T cell","Other",42,0,0,0,0,"LGALS12","log1p of counts scaled to 10,000"
"GSE181919","C21","P21","primary_tumor","oral_cavity","B/Plasma","Other",4,0,0,0,0,"LGALS12","log1p of counts scaled to 10,000"
"GSE181919","C21","P21","primary_tumor","oral_cavity","Macrophage","Other",239,2,0.836820083682008,0.00327912159504681,0,"LGALS12","log1p of counts scaled to 10,000"
"GSE181919","C21","P21","primary_tumor","oral_cavity","Dendritic","Other",12,0,0,0,0,"LGALS12","log1p of counts scaled to 10,000"
"GSE181919","C26","P26","primary_tumor","oral_cavity","Malignant","OSCC cancer cell",83,0,0,0,0,"LGALS12","log1p of counts scaled to 10,000"
"GSE181919","C26","P26","primary_tumor","oral_cavity","Fibroblast","Other",13,0,0,0,0,"LGALS12","log1p of counts scaled to 10,000"
"GSE181919","C26","P26","primary_tumor","oral_cavity","Endothelial","Other",3,0,0,0,0,"LGALS12","log1p of counts scaled to 10,000"
"GSE181919","C26","P26","primary_tumor","oral_cavity","T cell","Other",156,1,0.641025641025641,0.00412214503682269,0,"LGALS12","log1p of counts scaled to 10,000"
"GSE181919","C26","P26","primary_tumor","oral_cavity","B/Plasma","Other",35,0,0,0,0,"LGALS12","log1p of counts scaled to 10,000"
"GSE181919","C26","P26","primary_tumor","oral_cavity","Macrophage","Other",373,1,0.268096514745308,0.0011050291160534,0,"LGALS12","log1p of counts scaled to 10,000"
"GSE181919","C26","P26","primary_tumor","oral_cavity","Dendritic","Other",280,0,0,0,0,"LGALS12","log1p of counts scaled to 10,000"
"GSE181919","C26","P26","primary_tumor","oral_cavity","Mast","Other",1,0,0,0,0,"LGALS12","log1p of counts scaled to 10,000"
"GSE181919","C30","P30","primary_tumor","oral_cavity","Malignant","OSCC cancer cell",94,0,0,0,0,"LGALS12","log1p of counts scaled to 10,000"
"GSE181919","C30","P30","primary_tumor","oral_cavity","Fibroblast","Other",52,0,0,0,0,"LGALS12","log1p of counts scaled to 10,000"
"GSE181919","C30","P30","primary_tumor","oral_cavity","Endothelial","Other",13,0,0,0,0,"LGALS12","log1p of counts scaled to 10,000"
"GSE181919","C30","P30","primary_tumor","oral_cavity","T cell","Other",30,0,0,0,0,"LGALS12","log1p of counts scaled to 10,000"
"GSE181919","C30","P30","primary_tumor","oral_cavity","B/Plasma","Other",18,0,0,0,0,"LGALS12","log1p of counts scaled to 10,000"
"GSE181919","C30","P30","primary_tumor","oral_cavity","Macrophage","Other",59,0,0,0,0,"LGALS12","log1p of counts scaled to 10,000"
"GSE181919","C30","P30","primary_tumor","oral_cavity","Dendritic","Other",15,0,0,0,0,"LGALS12","log1p of counts scaled to 10,000"
"GSE181919","C30","P30","primary_tumor","oral_cavity","Mast","Other",1,0,0,0,0,"LGALS12","log1p of counts scaled to 10,000"
"GSE181919","C31","P31","primary_tumor","oral_cavity","Malignant","OSCC cancer cell",45,0,0,0,0,"LGALS12","log1p of counts scaled to 10,000"
"GSE181919","C31","P31","primary_tumor","oral_cavity","Fibroblast","Other",25,0,0,0,0,"LGALS12","log1p of counts scaled to 10,000"
"GSE181919","C31","P31","primary_tumor","oral_cavity","Endothelial","Other",18,0,0,0,0,"LGALS12","log1p of counts scaled to 10,000"
"GSE181919","C31","P31","primary_tumor","oral_cavity","T cell","Other",316,0,0,0,0,"LGALS12","log1p of counts scaled to 10,000"
"GSE181919","C31","P31","primary_tumor","oral_cavity","B/Plasma","Other",51,0,0,0,0,"LGALS12","log1p of counts scaled to 10,000"
"GSE181919","C31","P31","primary_tumor","oral_cavity","Macrophage","Other",39,0,0,0,0,"LGALS12","log1p of counts scaled to 10,000"
"GSE181919","C31","P31","primary_tumor","oral_cavity","Dendritic","Other",19,0,0,0,0,"LGALS12","log1p of counts scaled to 10,000"
"GSE181919","C31","P31","primary_tumor","oral_cavity","Mast","Other",10,0,0,0,0,"LGALS12","log1p of counts scaled to 10,000"
"GSE181919","C51","P51","primary_tumor","oral_cavity","Malignant","OSCC cancer cell",274,0,0,0,0,"LGALS12","log1p of counts scaled to 10,000"
"GSE181919","C51","P51","primary_tumor","oral_cavity","Fibroblast","Other",601,2,0.332778702163062,0.00168611007862342,0,"LGALS12","log1p of counts scaled to 10,000"
"GSE181919","C51","P51","primary_tumor","oral_cavity","Endothelial","Other",40,0,0,0,0,"LGALS12","log1p of counts scaled to 10,000"
"GSE181919","C51","P51","primary_tumor","oral_cavity","T cell","Other",284,1,0.352112676056338,0.00271773678685507,0,"LGALS12","log1p of counts scaled to 10,000"
"GSE181919","C51","P51","primary_tumor","oral_cavity","B/Plasma","Other",140,0,0,0,0,"LGALS12","log1p of counts scaled to 10,000"
"GSE181919","C51","P51","primary_tumor","oral_cavity","Macrophage","Other",355,2,0.563380281690141,0.00153938438418941,0,"LGALS12","log1p of counts scaled to 10,000"
"GSE181919","C51","P51","primary_tumor","oral_cavity","Dendritic","Other",46,0,0,0,0,"LGALS12","log1p of counts scaled to 10,000"
"GSE181919","C51","P51","primary_tumor","oral_cavity","Mast","Other",61,5,8.19672131147541,0.0575829552330592,0,"LGALS12","log1p of counts scaled to 10,000"
"GSE181919","C60","P60","primary_tumor","oral_cavity","Malignant","OSCC cancer cell",27,0,0,0,0,"LGALS12","log1p of counts scaled to 10,000"
"GSE181919","C60","P60","primary_tumor","oral_cavity","Fibroblast","Other",24,0,0,0,0,"LGALS12","log1p of counts scaled to 10,000"
"GSE181919","C60","P60","primary_tumor","oral_cavity","Endothelial","Other",46,0,0,0,0,"LGALS12","log1p of counts scaled to 10,000"
"GSE181919","C60","P60","primary_tumor","oral_cavity","T cell","Other",1316,1,0.0759878419452888,0.00100152709857441,0,"LGALS12","log1p of counts scaled to 10,000"
"GSE181919","C60","P60","primary_tumor","oral_cavity","B/Plasma","Other",242,1,0.413223140495868,0.00129540335229398,0,"LGALS12","log1p of counts scaled to 10,000"
"GSE181919","C60","P60","primary_tumor","oral_cavity","Macrophage","Other",184,0,0,0,0,"LGALS12","log1p of counts scaled to 10,000"
"GSE181919","C60","P60","primary_tumor","oral_cavity","Dendritic","Other",103,0,0,0,0,"LGALS12","log1p of counts scaled to 10,000"
"GSE181919","C60","P60","primary_tumor","oral_cavity","Mast","Other",6,0,0,0,0,"LGALS12","log1p of counts scaled to 10,000"
"GSE181919","LP15","P15","leukoplakia","oral_cavity","Epithelial","Leukoplakia epithelial",72,0,0,0,0,"LGALS12","log1p of counts scaled to 10,000"
"GSE181919","LP15","P15","leukoplakia","oral_cavity","Fibroblast","Other",778,0,0,0,0,"LGALS12","log1p of counts scaled to 10,000"
"GSE181919","LP15","P15","leukoplakia","oral_cavity","Endothelial","Other",251,0,0,0,0,"LGALS12","log1p of counts scaled to 10,000"
"GSE181919","LP15","P15","leukoplakia","oral_cavity","T cell","Other",86,0,0,0,0,"LGALS12","log1p of counts scaled to 10,000"
"GSE181919","LP15","P15","leukoplakia","oral_cavity","B/Plasma","Other",816,1,0.122549019607843,0.000265460864554079,0,"LGALS12","log1p of counts scaled to 10,000"
"GSE181919","LP15","P15","leukoplakia","oral_cavity","Macrophage","Other",171,1,0.584795321637427,0.00469566142532397,0,"LGALS12","log1p of counts scaled to 10,000"
"GSE181919","LP15","P15","leukoplakia","oral_cavity","Dendritic","Other",49,0,0,0,0,"LGALS12","log1p of counts scaled to 10,000"
"GSE181919","LP15","P15","leukoplakia","oral_cavity","Mast","Other",5,0,0,0,0,"LGALS12","log1p of counts scaled to 10,000"
"GSE181919","LP16","P16","leukoplakia","oral_cavity","Epithelial","Leukoplakia epithelial",30,1,3.33333333333333,0.0368036339295109,0,"LGALS12","log1p of counts scaled to 10,000"
"GSE181919","LP16","P16","leukoplakia","oral_cavity","Fibroblast","Other",409,0,0,0,0,"LGALS12","log1p of counts scaled to 10,000"
"GSE181919","LP16","P16","leukoplakia","oral_cavity","Endothelial","Other",640,1,0.15625,0.00197833828229076,0,"LGALS12","log1p of counts scaled to 10,000"
"GSE181919","LP16","P16","leukoplakia","oral_cavity","T cell","Other",877,1,0.114025085518814,0.00165067945276412,0,"LGALS12","log1p of counts scaled to 10,000"
"GSE181919","LP16","P16","leukoplakia","oral_cavity","B/Plasma","Other",63,0,0,0,0,"LGALS12","log1p of counts scaled to 10,000"
"GSE181919","LP16","P16","leukoplakia","oral_cavity","Macrophage","Other",173,0,0,0,0,"LGALS12","log1p of counts scaled to 10,000"
"GSE181919","LP16","P16","leukoplakia","oral_cavity","Dendritic","Other",36,0,0,0,0,"LGALS12","log1p of counts scaled to 10,000"
"GSE181919","LP16","P16","leukoplakia","oral_cavity","Mast","Other",7,0,0,0,0,"LGALS12","log1p of counts scaled to 10,000"
"GSE181919","LP16","P16","leukoplakia","oral_cavity","Myocyte","Other",3,0,0,0,0,"LGALS12","log1p of counts scaled to 10,000"
"GSE181919","LP17","P17","leukoplakia","oral_cavity","Epithelial","Leukoplakia epithelial",51,0,0,0,0,"LGALS12","log1p of counts scaled to 10,000"
"GSE181919","LP17","P17","leukoplakia","oral_cavity","Fibroblast","Other",495,1,0.202020202020202,0.0017742283917074,0,"LGALS12","log1p of counts scaled to 10,000"
"GSE181919","LP17","P17","leukoplakia","oral_cavity","Endothelial","Other",507,2,0.394477317554241,0.00363941684121963,0,"LGALS12","log1p of counts scaled to 10,000"
"GSE181919","LP17","P17","leukoplakia","oral_cavity","T cell","Other",79,0,0,0,0,"LGALS12","log1p of counts scaled to 10,000"
"GSE181919","LP17","P17","leukoplakia","oral_cavity","B/Plasma","Other",31,0,0,0,0,"LGALS12","log1p of counts scaled to 10,000"
"GSE181919","LP17","P17","leukoplakia","oral_cavity","Macrophage","Other",67,0,0,0,0,"LGALS12","log1p of counts scaled to 10,000"
"GSE181919","LP17","P17","leukoplakia","oral_cavity","Dendritic","Other",5,0,0,0,0,"LGALS12","log1p of counts scaled to 10,000"
"GSE181919","LP17","P17","leukoplakia","oral_cavity","Mast","Other",3,0,0,0,0,"LGALS12","log1p of counts scaled to 10,000"
"GSE181919","LP33","P33","leukoplakia","oral_cavity","Epithelial","Leukoplakia epithelial",30,0,0,0,0,"LGALS12","log1p of counts scaled to 10,000"
"GSE181919","LP33","P33","leukoplakia","oral_cavity","Fibroblast","Other",205,0,0,0,0,"LGALS12","log1p of counts scaled to 10,000"
"GSE181919","LP33","P33","leukoplakia","oral_cavity","Endothelial","Other",165,0,0,0,0,"LGALS12","log1p of counts scaled to 10,000"
"GSE181919","LP33","P33","leukoplakia","oral_cavity","T cell","Other",334,0,0,0,0,"LGALS12","log1p of counts scaled to 10,000"
"GSE181919","LP33","P33","leukoplakia","oral_cavity","B/Plasma","Other",21,0,0,0,0,"LGALS12","log1p of counts scaled to 10,000"
"GSE181919","LP33","P33","leukoplakia","oral_cavity","Macrophage","Other",63,1,1.58730158730159,0.0191515175277494,0,"LGALS12","log1p of counts scaled to 10,000"
"GSE181919","LP33","P33","leukoplakia","oral_cavity","Dendritic","Other",5,0,0,0,0,"LGALS12","log1p of counts scaled to 10,000"
"GSE181919","N06","P6","normal","oral_cavity","Epithelial","Normal epithelial",86,0,0,0,0,"LGALS12","log1p of counts scaled to 10,000"
"GSE181919","N06","P6","normal","oral_cavity","Fibroblast","Other",183,0,0,0,0,"LGALS12","log1p of counts scaled to 10,000"
"GSE181919","N06","P6","normal","oral_cavity","Endothelial","Other",88,0,0,0,0,"LGALS12","log1p of counts scaled to 10,000"
"GSE181919","N06","P6","normal","oral_cavity","T cell","Other",1454,0,0,0,0,"LGALS12","log1p of counts scaled to 10,000"
"GSE181919","N06","P6","normal","oral_cavity","B/Plasma","Other",198,0,0,0,0,"LGALS12","log1p of counts scaled to 10,000"
"GSE181919","N06","P6","normal","oral_cavity","Macrophage","Other",27,0,0,0,0,"LGALS12","log1p of counts scaled to 10,000"
"GSE181919","N06","P6","normal","oral_cavity","Dendritic","Other",6,0,0,0,0,"LGALS12","log1p of counts scaled to 10,000"
"GSE181919","N06","P6","normal","oral_cavity","Mast","Other",3,0,0,0,0,"LGALS12","log1p of counts scaled to 10,000"
"GSE181919","N06","P6","normal","oral_cavity","Myocyte","Other",57,0,0,0,0,"LGALS12","log1p of counts scaled to 10,000"
"GSE181919","N15","P15","normal","oral_cavity","Epithelial","Normal epithelial",80,0,0,0,0,"LGALS12","log1p of counts scaled to 10,000"
"GSE181919","N15","P15","normal","oral_cavity","Fibroblast","Other",1987,1,0.0503271263210871,0.000510474745146805,0,"LGALS12","log1p of counts scaled to 10,000"
"GSE181919","N15","P15","normal","oral_cavity","Endothelial","Other",320,0,0,0,0,"LGALS12","log1p of counts scaled to 10,000"
"GSE181919","N15","P15","normal","oral_cavity","T cell","Other",127,0,0,0,0,"LGALS12","log1p of counts scaled to 10,000"
"GSE181919","N15","P15","normal","oral_cavity","B/Plasma","Other",160,0,0,0,0,"LGALS12","log1p of counts scaled to 10,000"
"GSE181919","N15","P15","normal","oral_cavity","Macrophage","Other",15,0,0,0,0,"LGALS12","log1p of counts scaled to 10,000"
"GSE181919","N15","P15","normal","oral_cavity","Mast","Other",1,0,0,0,0,"LGALS12","log1p of counts scaled to 10,000"
"GSE181919","N15","P15","normal","oral_cavity","Myocyte","Other",5,0,0,0,0,"LGALS12","log1p of counts scaled to 10,000"
"GSE181919","N21","P21","normal","oral_cavity","Epithelial","Normal epithelial",33,0,0,0,0,"LGALS12","log1p of counts scaled to 10,000"
"GSE181919","N21","P21","normal","oral_cavity","Fibroblast","Other",1587,0,0,0,0,"LGALS12","log1p of counts scaled to 10,000"
"GSE181919","N21","P21","normal","oral_cavity","Endothelial","Other",205,0,0,0,0,"LGALS12","log1p of counts scaled to 10,000"
"GSE181919","N21","P21","normal","oral_cavity","T cell","Other",375,0,0,0,0,"LGALS12","log1p of counts scaled to 10,000"
"GSE181919","N21","P21","normal","oral_cavity","B/Plasma","Other",68,0,0,0,0,"LGALS12","log1p of counts scaled to 10,000"
"GSE181919","N21","P21","normal","oral_cavity","Macrophage","Other",120,0,0,0,0,"LGALS12","log1p of counts scaled to 10,000"
"GSE181919","N21","P21","normal","oral_cavity","Dendritic","Other",15,0,0,0,0,"LGALS12","log1p of counts scaled to 10,000"
"GSE181919","N21","P21","normal","oral_cavity","Mast","Other",4,0,0,0,0,"LGALS12","log1p of counts scaled to 10,000"
"GSE181919","N21","P21","normal","oral_cavity","Myocyte","Other",28,0,0,0,0,"LGALS12","log1p of counts scaled to 10,000"
